# 性能日志 - 比特币密钥碰撞检测
# 创建时间: 2026-04-22T03:26:43.425500
# 格式: timestamp,speed,total_checked,matches,cpu_usage,memory_usage,threads
1776800913.5383618,0.0,0,0,92.9,307.0,35
1776800914.9065351,0.0,0,0,95.3,307.41796875,46
1776800921.358906,0.0,0,0,98.0,307.45703125,46
1776800921.3201473,0.0,0,0,102.6,307.46484375,46
1776800926.593747,0.0,0,0,103.8,307.5,46
1776800928.9320557,0.0,0,0,146.8,307.50390625,46
1776800931.561454,0.0,0,0,99.4,307.52734375,46
1776800935.979857,0.0,0,0,102.7,307.5390625,46
1776800937.2915876,0.0,0,0,132.3,307.48046875,43
1776800942.607914,0.0,0,0,87.8,307.50390625,43
1776800943.2735863,0.0,0,0,104.2,307.5078125,43
1776800947.926672,0.0,0,0,112.8,307.54296875,43
1776800949.8535748,0.0,0,0,108.5,307.55078125,43
1776800954.2428434,0.0,0,0,137.3,307.578125,43
1776800957.4588919,0.0,0,0,100.9,307.5859375,43
1776800959.3036287,0.0,0,0,98.4,307.53125,40
1776800964.7382958,0.0,0,0,100.9,307.5703125,40
1776800965.4756193,0.0,0,0,141.5,307.57421875,40
1776800971.2232983,0.0,0,0,102.8,307.578125,39
1776800972.7926338,0.0,0,0,130.5,307.578125,39
1776800977.0096161,0.0,0,0,103.2,307.62890625,39
1776800979.4474704,0.0,0,0,99.3,307.6796875,39
1776800982.6754842,0.0,0,0,103.4,308.19921875,39
1776800986.338248,0.0,0,0,102.9,308.19921875,39
1776800989.399493,0.0,0,0,101.3,308.23046875,39
1776800993.2240598,0.0,0,0,95.0,308.234375,39
1776800995.1844022,0.0,0,0,104.0,308.26953125,39
1776801000.0586977,0.0,0,0,102.7,308.2890625,39
1776801000.417716,0.0,0,0,106.7,308.2890625,39
1776801006.0542343,0.0,0,0,93.3,308.3203125,39
1776801006.886889,0.0,0,0,99.7,308.3203125,39
1776801011.4257624,0.0,0,0,95.5,308.35546875,39
1776801013.1892757,0.0,0,0,99.1,308.40234375,39
1776801016.6133711,0.0,0,0,90.6,308.578125,39
1776801019.9532626,0.0,0,0,103.4,308.578125,39
1776801021.743258,0.0,0,0,101.9,308.60546875,39
1776801026.957038,0.0,0,0,99.3,308.609375,39
1776801028.3408127,0.0,0,0,101.8,308.65234375,39
1776801032.964017,0.0,0,0,98.7,308.515625,34
1776801033.990727,0.0,0,0,131.0,308.515625,34
1776801039.546779,0.0,0,0,98.2,308.54296875,34
1776801039.6532552,0.0,0,0,97.1,308.54296875,34
1776801045.2944899,0.0,0,0,75.6,308.59375,34
1776801046.2123685,0.0,0,0,98.0,308.59765625,34
1776801050.536861,0.0,0,0,108.6,308.64453125,34
1776801052.6953394,0.0,0,0,106.1,308.64453125,34
1776801055.6524878,0.0,0,0,97.9,308.6640625,34
1776801059.479866,0.0,0,0,97.5,308.6640625,34
1776801061.1613963,0.0,0,0,87.2,308.69921875,34
1776801065.770237,0.0,0,0,109.0,308.7109375,34
1776801066.5774121,0.0,0,0,104.9,308.7109375,34
1776801071.8451374,0.0,0,0,99.3,308.80078125,34
1776801072.1130993,0.0,0,0,98.4,308.80078125,34
1776801077.3198662,0.0,0,0,107.1,308.80078125,34
1776801079.041329,0.0,0,0,99.7,308.80859375,34
1776801082.8713691,0.0,0,0,103.4,308.828125,34
1776801085.811621,0.0,0,0,93.7,308.828125,34
1776801087.7430942,0.0,0,0,93.6,308.84765625,34
1776801092.2784746,0.0,0,0,91.2,308.84765625,34
1776801093.6466446,0.0,0,0,92.8,308.875,34
1776801099.0216763,0.0,0,0,187.8,308.890625,34
1776801099.811394,0.0,0,0,104.6,308.89453125,34
1776801112.7367413,0.0,0,0,97.0,309.52734375,34
1776801114.5956466,0.0,0,0,92.6,309.546875,34
1776801118.8974657,0.0,0,0,99.9,309.546875,34
1776801120.2092066,0.0,0,0,93.3,309.56640625,34
1776801125.224993,0.0,0,0,89.0,309.58984375,34
1776801125.3221066,0.0,0,0,143.3,309.58984375,34
1776801130.942848,0.0,0,0,102.7,309.60546875,34
1776801131.944503,0.0,0,0,100.5,309.60546875,34
1776801136.5503516,0.0,0,0,100.1,309.66796875,34
1776801138.6049201,0.0,0,0,101.7,309.671875,34
1776801268.374005,0.0,0,0,102.0,214.26953125,30
1776801269.7334855,0.0,0,0,106.8,214.71875,40
1776801275.1819077,0.0,0,0,112.0,214.78125,40
1776801275.4170842,0.0,0,0,104.8,214.78125,40
1776801280.4277678,0.0,0,0,100.5,214.80859375,40
1776801281.891051,0.0,0,0,99.8,214.8125,40
1776801285.709136,0.0,0,0,97.5,214.82421875,40
1776801288.1868997,0.0,0,0,88.3,214.82421875,40
1776801290.9252808,0.0,0,0,103.5,214.8515625,40
1776801295.2170925,0.0,0,0,96.2,214.79296875,37
1776801296.2990413,0.0,0,0,136.9,214.79296875,37
1776801301.7521148,0.0,0,0,101.3,214.80078125,37
1776801301.7804105,0.0,0,0,90.6,214.80078125,37
1776801307.9003215,0.0,0,0,101.9,214.8125,37
1776801308.6667802,0.0,0,0,90.5,214.8125,37
1776801313.6165376,0.0,0,0,80.9,214.8515625,37
1776801315.9466722,0.0,0,0,97.0,214.859375,37
1776801320.068116,0.0,0,0,91.4,214.87109375,37
1776801323.2800875,0.0,0,0,102.5,214.81640625,34
1776801325.0726192,0.0,0,0,96.6,214.8203125,34
1776801330.0876787,0.0,0,0,105.3,214.82421875,34
1776801330.5576994,0.0,0,0,88.3,214.82421875,34
1776801335.890387,0.0,0,0,105.3,214.85546875,34
1776801336.5295525,0.0,0,0,108.1,214.85546875,34
1776801342.4874995,0.0,0,0,107.2,214.8671875,34
1776801343.5189302,0.0,0,0,95.5,214.8671875,34
1776801347.7574756,0.0,0,0,89.5,214.87890625,34
1776801350.59591,0.0,0,0,109.0,214.90234375,34
1776801353.438164,0.0,0,0,107.6,214.91796875,34
1776801357.152537,0.0,0,0,109.7,214.91796875,34
1776801359.9294345,0.0,0,0,135.0,214.9296875,34
1776801363.9189477,0.0,0,0,122.1,214.9296875,34
1776801365.2032948,0.0,0,0,92.4,214.9296875,34
1776801370.5332808,0.0,0,0,102.3,214.9375,34
1776801375.7119114,0.0,0,0,129.5,214.94140625,34
1776801377.5036767,0.0,0,0,102.6,214.94140625,34
1776801380.7795532,0.0,0,0,111.0,214.94921875,34
1776801420.550762,0.0,0,0,124.1,60.09765625,10
1776801421.7220833,0.0,0,1,93.1,60.41015625,10
1776801422.8972101,0.0,0,1,93.3,60.48828125,10
1776801424.0750217,0.0,0,1,92.9,60.4921875,10
1776801425.2548015,0.0,0,1,123.8,60.49609375,10
1776801426.4398837,0.0,0,1,92.7,60.5078125,10
1776801427.6139302,0.0,0,1,108.4,60.515625,10
1776801428.783528,0.0,0,1,108.5,60.51953125,10
1776801429.9532182,0.0,0,1,155.4,60.5390625,10
1776801431.1213462,0.0,0,1,92.4,60.55078125,10
1776801432.298546,0.0,0,1,124.7,60.57421875,10
1776801433.4718058,0.0,0,1,109.1,60.60546875,10
1776801434.6353815,0.0,0,1,108.5,60.60546875,10
1776801435.8051991,0.0,0,1,92.1,60.609375,10
1776801436.971777,0.0,0,1,124.0,60.6171875,10
1776801438.142817,0.0,0,1,108.0,60.625,10
1776801439.3217437,0.0,0,1,124.5,60.6484375,10
1776801440.4971745,0.0,0,1,108.4,60.65625,10
1776801441.670761,0.0,0,1,124.1,60.671875,10
1776801442.8392768,0.0,0,1,124.7,60.68359375,10
1776801444.017609,0.0,0,1,108.5,60.6953125,10
1776801445.1913428,0.0,0,1,92.9,60.703125,10
1776801446.3618422,0.0,0,1,93.1,60.703125,10
1776801447.533589,0.0,0,1,108.8,60.703125,10
1776801448.715999,0.0,0,1,108.4,60.75,12
1776801449.884507,0.0,0,1,109.2,60.78515625,12
1776802376.945394,0.0,0,0,99.0,215.25390625,30
1776802377.9592214,0.0,0,0,87.1,215.7421875,40
1776802383.35681,0.0,0,0,73.0,215.828125,40
1776802383.6019526,0.0,0,0,104.5,215.83203125,40
1776802388.4286323,0.0,0,0,88.2,215.83984375,40
1776802389.7542496,0.0,0,0,102.7,215.83984375,40
1776802393.6740398,0.0,0,0,100.5,215.90234375,40
1776802396.3372886,0.0,0,0,103.4,215.90234375,40
1776802399.3993652,0.0,0,0,97.4,215.89453125,40
1776802402.937075,0.0,0,0,101.4,215.828125,37
1776802404.8281546,0.0,0,0,87.2,215.8515625,37
1776802409.3275886,0.0,0,0,87.3,215.8515625,37
1776802410.3651402,0.0,0,0,102.5,215.8515625,37
1776802415.6133733,0.0,0,0,98.4,215.87890625,37
1776802415.8980043,0.0,0,0,152.8,215.87890625,37
1776802421.7594187,0.0,0,0,101.4,215.8828125,37
1776802422.511571,0.0,0,0,113.2,215.8828125,37
1776802426.8921587,0.0,0,0,104.7,215.90625,37
1776802428.8230941,0.0,0,0,92.4,215.84375,34
1776802433.1798358,0.0,0,0,103.0,215.8515625,34
1776802434.981504,0.0,0,0,102.5,215.8515625,34
1776802438.259383,0.0,0,0,93.3,215.85546875,34
1776802441.410906,0.0,0,0,100.7,215.87890625,34
1776802444.0486693,0.0,0,0,102.4,215.91015625,34
1776802447.5133078,0.0,0,0,112.4,215.91015625,34
1776802449.4997876,0.0,0,0,108.3,215.93359375,34
1776802454.1395385,0.0,0,0,107.3,215.93359375,34
1776802455.3129547,0.0,0,0,87.3,215.93359375,34
1776802460.5560267,0.0,0,0,93.5,215.96484375,34
1776802461.1656725,0.0,0,0,103.8,215.96484375,34
1776802465.788669,0.0,0,0,109.0,215.96484375,34
1776802467.7541232,0.0,0,0,103.7,215.96484375,34
1776802471.9847722,0.0,0,0,101.9,215.96484375,34
1776802474.5099509,0.0,0,0,95.3,215.96875,34
1776802477.7134714,0.0,0,0,102.5,215.96875,34
1776802481.3365188,0.0,0,0,99.2,215.96875,34
1776802482.7981477,0.0,0,0,96.0,215.9921875,34
1776802488.0221329,0.0,0,0,152.8,215.9921875,34
1776802488.7356334,0.0,0,0,121.1,215.9921875,34
1776802494.6555731,0.0,0,0,95.8,215.99609375,34
1776802495.6447437,0.0,0,0,108.4,215.99609375,34
1776802499.829262,0.0,0,0,102.4,216.00390625,34
1776802502.1929064,0.0,0,0,95.2,215.81640625,28
1776802506.1539404,0.0,0,0,86.5,215.85546875,28
1776802508.812801,0.0,0,0,95.1,215.85546875,28
1776802511.3297665,0.0,0,0,98.0,215.8671875,28
1776802515.4021118,0.0,0,0,99.8,215.8671875,28
1776802516.7203124,0.0,0,0,98.5,215.875,28
1776802521.77612,0.0,0,0,89.6,215.875,28
1776802522.5076194,0.0,0,0,108.6,215.875,28
1776802527.616236,0.0,0,0,101.0,215.90625,29
1776802528.354114,0.0,0,0,109.1,306.86328125,35
1776802528.341191,0.0,0,0,99.2,215.90625,29
1776802529.6960778,0.0,0,0,99.6,307.453125,45
1776802533.4974082,0.0,0,0,105.3,215.96875,29
1776802534.9729288,0.0,0,0,98.5,307.453125,45
1776802535.4434645,0.0,0,0,99.7,215.96875,29
1776802535.816229,0.0,0,0,108.8,307.45703125,45
1776802538.5456955,0.0,0,0,110.5,216.0,29
1776802542.013116,0.0,0,0,99.5,307.47265625,45
1776802542.272309,0.0,0,0,92.1,307.47265625,45
1776802543.748786,0.0,0,0,107.0,216.0,29
1776802543.9779654,0.0,0,0,88.4,216.0,29
1776802547.3273947,0.0,0,0,98.5,307.48046875,45
1776802548.5897913,0.0,0,0,120.8,307.48046875,45
1776802550.3716562,0.0,0,0,101.4,216.00390625,29
1776802550.622359,0.0,0,0,93.4,216.00390625,29
1776802552.578615,0.0,0,0,87.4,307.47265625,45
1776802555.8528438,0.0,0,0,75.9,307.40625,42
1776802556.459446,0.0,0,0,98.6,216.00390625,29
1776802557.0818632,0.0,0,0,105.5,216.00390625,29
1776802558.5184028,0.0,0,0,81.4,307.43359375,42
1776802562.6078918,0.0,0,0,141.3,216.00390625,29
1776802562.5327091,0.0,0,0,105.6,307.43359375,42
1776802563.5491624,0.0,0,0,99.4,216.00390625,29
1776802563.689965,0.0,0,0,84.1,307.43359375,42
1776802568.1474605,0.0,0,0,91.7,216.00390625,29
1776802569.104952,0.0,0,0,100.3,307.43359375,42
1776802569.4426923,0.0,0,0,98.9,307.43359375,42
1776802570.2286794,0.0,0,0,99.0,216.00390625,29
1776802573.6543572,0.0,0,0,92.3,216.00390625,29
1776802575.211291,0.0,0,0,92.1,307.43359375,42
1776802576.6346066,0.0,0,0,98.7,307.4375,42
1776802577.5101323,0.0,0,0,96.7,216.00390625,29
1776802580.5107448,0.0,0,0,91.6,307.375,39
1776802580.6904435,0.0,0,0,95.4,216.00390625,29
1776802582.85889,0.0,0,0,105.4,307.375,39
1776802584.355318,0.0,0,0,100.2,216.00390625,29
1776802585.5327349,0.0,0,0,105.4,307.37890625,39
1776802586.0827134,0.0,0,0,83.3,216.00390625,29
1776802589.1880164,0.0,0,0,105.4,307.37890625,39
1776802591.0208635,0.0,0,0,125.5,216.00390625,29
1776802591.485202,0.0,0,0,88.3,307.37890625,39
1776802591.770587,0.0,0,0,91.8,216.00390625,29
1776802595.950346,0.0,0,0,98.2,307.3828125,39
1776802597.0942554,0.0,0,0,93.3,216.015625,29
1776802597.5776732,0.0,0,0,101.6,307.38671875,39
1776802597.9536774,0.0,0,0,103.8,216.015625,29
1776802602.188698,0.0,0,0,97.6,216.015625,29
1776802608.1068122,0.0,0,0,100.7,307.96875,39
1776802608.9286687,0.0,0,0,113.1,307.96875,39
1776802614.2436512,0.0,0,0,98.7,307.984375,39
1776802615.1543229,0.0,0,0,103.5,307.984375,39
1776802619.5408068,0.0,0,0,90.1,308.1171875,39
1776802620.902577,0.0,0,0,100.8,308.12109375,39
1776802626.2338028,0.0,0,0,99.1,308.1328125,39
1776802627.0668826,0.0,0,0,98.8,308.1328125,39
1776802923.221754,0.0,0,0,99.4,60.43359375,14
1776802924.0459886,0.0,0,0,117.9,60.98046875,22
1776802929.4635117,0.0,0,0,93.6,61.06640625,22
1776802930.2865975,0.0,0,0,107.5,61.06640625,22
1776802934.8712506,0.0,0,0,101.6,61.1015625,22
1776802936.682237,0.0,0,0,104.6,61.10546875,22
1776802939.8262842,0.0,0,0,104.4,61.10546875,22
1776802943.5139306,0.0,0,0,105.5,61.10546875,22
1776802945.2209766,0.0,0,0,101.5,61.10546875,22
1776802950.4083233,0.0,0,0,92.3,61.1328125,22
1776802950.8433876,0.0,0,0,102.8,61.1328125,22
1776802955.8611586,0.0,0,0,96.6,61.203125,24
1776802957.5418494,0.0,0,0,134.7,61.203125,24
1776802961.0672023,0.0,0,0,111.2,61.203125,24
1776802964.470315,0.0,0,0,98.9,61.203125,24
1776802966.425453,0.0,0,0,92.1,61.203125,24
1776802970.709963,0.0,0,0,111.4,61.203125,24
1776802971.626584,0.0,0,0,97.7,61.203125,24
1776802976.704248,0.0,0,0,97.1,61.203125,24
1776802977.019502,0.0,0,0,107.9,61.203125,24
1776802982.0002618,0.0,0,0,98.5,61.20703125,24
1776802983.3527198,0.0,0,0,82.1,61.14453125,21
1776802987.4470036,0.0,0,0,92.9,61.15234375,21
1776802990.6572037,0.0,0,0,96.9,61.15234375,21
1776802993.0174646,0.0,0,0,108.5,61.15625,21
1776802997.756725,0.0,0,0,91.3,61.15625,21
1776802998.1882982,0.0,0,0,156.3,61.15625,21
1776803003.3109386,0.0,0,0,91.9,61.171875,21
1776803004.7478197,0.0,0,0,102.9,61.171875,21
1776803008.4667373,0.0,0,0,101.1,61.18359375,21
1776803012.0139017,0.0,0,0,89.1,61.1875,21
1776803013.8968391,0.0,0,0,101.2,61.1953125,21
1776803018.1953876,0.0,0,0,106.8,61.203125,21
1776803018.9424446,0.0,0,0,97.2,61.203125,21
1776803024.2902968,0.0,0,0,86.9,61.2109375,21
1776803024.910311,0.0,0,0,104.2,61.2109375,21
1776803029.8069413,0.0,0,0,99.3,61.21875,21
1776803031.5347908,0.0,0,0,102.1,61.2265625,21
1776803035.251828,0.0,0,0,100.8,61.2265625,21
1776803038.5603225,0.0,0,0,110.7,61.2265625,21
1776803040.3893318,0.0,0,0,92.7,61.2421875,21
1776803045.0796776,0.0,0,0,100.4,61.2421875,21
1776803045.7973099,0.0,0,0,107.7,61.2421875,21
1776803050.9749322,0.0,0,0,99.8,61.24609375,21
1776803051.9140131,0.0,0,0,105.1,61.24609375,21
1776803056.4079795,0.0,0,0,93.2,61.265625,21
1776803058.171938,0.0,0,0,101.5,61.24609375,19
1776803061.6409483,0.0,0,0,101.2,61.2578125,19
1776803064.7857072,0.0,0,0,105.0,61.265625,19
1776803067.192845,0.0,0,0,96.8,61.26953125,19
1776803070.9992332,0.0,0,0,107.8,61.26953125,19
1776803072.2615156,0.0,0,0,98.7,61.26953125,19
1776803077.6412563,0.0,0,0,104.8,61.28125,19
1776803077.4863186,0.0,0,0,103.6,61.28125,19
1776803082.5468302,0.0,0,0,95.2,61.3046875,19
1776803084.3127422,0.0,0,0,98.4,61.3046875,19
1776803087.9926734,0.0,0,0,107.4,61.390625,19
1776803090.527397,0.0,0,0,108.9,61.390625,19
1776803093.5930367,0.0,0,0,88.0,61.4296875,19
1776803096.8449645,0.0,0,0,106.2,61.43359375,19
1776803099.1132765,0.0,0,0,91.6,61.49609375,19
1776803103.5509205,0.0,0,0,98.1,61.49609375,19
1776803104.3507113,0.0,0,0,88.0,61.49609375,19
1776803109.7313907,0.0,0,0,104.1,61.50390625,19
1776803110.071822,0.0,0,0,90.8,61.50390625,19
1776803115.0815542,0.0,0,0,104.2,61.5234375,19
1776803115.9892561,0.0,0,0,99.2,61.5234375,19
1776803120.3869977,0.0,0,0,92.8,61.5234375,19
1776803122.9802704,0.0,0,0,97.7,61.5234375,19
1776803125.8938787,0.0,0,0,96.4,61.546875,19
1776803129.5733962,0.0,0,0,96.2,61.55078125,19
1776803131.0797434,0.0,0,0,102.4,61.5546875,19
1776803135.5258257,0.0,0,0,97.8,61.5546875,19
1776803136.4851866,0.0,0,0,96.8,61.56640625,19
1776803141.5751934,0.0,0,0,96.5,61.56640625,19
1776803141.7216396,0.0,0,0,98.2,61.56640625,19
1776803146.8018124,0.0,0,0,87.9,61.5703125,19
1776803147.833319,0.0,0,0,109.9,61.5703125,19
1776803152.0357893,0.0,0,0,101.2,61.5703125,19
1776803154.605264,0.0,0,0,107.2,61.5703125,19
1776803157.4942398,0.0,0,0,97.2,61.57421875,19
1776803161.430495,0.0,0,0,99.8,61.58203125,19
1776803162.9887924,0.0,0,0,98.2,61.59375,19
1776803167.8114078,0.0,0,0,102.0,61.59765625,19
1776803168.0051782,0.0,0,0,103.2,61.59765625,19
1776803173.5024452,0.0,0,0,99.4,61.609375,19
1776803174.2888274,0.0,0,0,109.2,61.609375,19
1776803178.493811,0.0,0,0,109.7,61.6875,19
1776803180.555251,0.0,0,0,120.3,61.6875,19
1776803183.7022557,0.0,0,0,92.5,61.6875,19
1776803187.217523,0.0,0,0,101.7,61.6875,19
1776803189.1042826,0.0,0,0,127.4,61.6875,19
1776803193.4243543,0.0,0,0,77.2,61.69921875,19
1776803194.1718624,0.0,0,0,95.0,61.69921875,19
1776803199.3173616,0.0,0,0,103.1,61.69921875,19
1776803200.2794101,0.0,0,0,100.5,61.69921875,19
1776803204.5862675,0.0,0,0,93.2,61.71484375,19
1776803207.2493405,0.0,0,0,99.1,61.71484375,19
1776803210.2324982,0.0,0,0,96.4,61.71484375,19
1776803213.5258434,0.0,0,0,110.1,61.71484375,19
1776803215.2870436,0.0,0,0,102.1,61.71484375,19
1776803220.206315,0.0,0,0,104.6,61.71484375,19
1776803220.6932173,0.0,0,0,110.9,61.71484375,19
1776803226.0002432,0.0,0,0,106.7,61.890625,20
1776803226.7928703,0.0,0,0,104.1,61.890625,20
1776803231.3315606,0.0,0,0,102.1,61.89453125,20
1776803232.9400246,0.0,0,0,123.7,61.89453125,20
1776803236.7629895,0.0,0,0,100.5,61.89453125,20
1776803240.4195669,0.0,0,0,101.7,61.89453125,20
1776803242.0402112,0.0,0,0,91.3,61.89453125,20
1776803246.9998465,0.0,0,0,134.5,61.89453125,20
1776803247.3573372,0.0,0,0,86.6,61.89453125,20
1776803252.3517926,0.0,0,0,94.2,61.8984375,20
1776803254.5242536,0.0,0,0,107.2,61.8984375,20
1776803257.720532,0.0,0,0,118.2,61.8984375,20
1776803261.7854266,0.0,0,0,102.7,61.8984375,20
1776803263.030803,0.0,0,0,91.0,61.8984375,20
1776803268.4886174,0.0,0,0,99.9,61.8984375,20
1776803268.6584635,0.0,0,0,101.9,61.8984375,20
1776803273.7538724,0.0,0,0,102.7,61.9140625,20
1776803275.6512043,0.0,0,0,116.6,61.9140625,20
1776803278.7935061,0.0,0,0,108.6,61.92578125,20
1776803282.0903316,0.0,0,0,99.0,61.92578125,20
1776803284.1973834,0.0,0,0,99.1,61.94140625,20
1776803288.5074835,0.0,0,0,98.4,61.9453125,20
1776803289.7795627,0.0,0,0,98.5,61.9453125,20
1776803295.325116,0.0,0,0,99.0,61.95703125,20
1776803295.0884619,0.0,0,0,99.7,61.95703125,20
1776803300.2369473,0.0,0,0,101.2,61.9609375,20
1776803302.6413424,0.0,0,0,93.9,61.9609375,20
1776803305.4052212,0.0,0,0,115.5,61.97265625,20
1776803309.0330002,0.0,0,0,98.4,61.97265625,20
1776803310.971301,0.0,0,0,127.7,61.9765625,20
1776803315.6431284,0.0,0,0,99.2,61.9765625,20
1776803316.14352,0.0,0,0,103.7,61.9765625,20
1776803321.2153494,0.0,0,0,100.1,62.046875,20
1776803322.0972812,0.0,0,0,103.5,62.046875,20
1776803326.6274512,0.0,0,0,128.6,62.02734375,19
1776803328.941914,0.0,0,0,178.1,62.02734375,19
1776803331.924303,0.0,0,0,105.6,62.02734375,19
1776803335.74554,0.0,0,0,104.1,62.02734375,19
1776803337.0798585,0.0,0,0,104.3,62.02734375,19
1776803342.3255515,0.0,0,0,87.1,62.04296875,19
1776803342.5498614,0.0,0,0,98.9,62.04296875,19
1776803347.8307471,0.0,0,0,99.9,62.04296875,19
1776803349.6944907,0.0,0,0,141.6,62.04296875,19
1776803353.2018037,0.0,0,0,88.9,62.04296875,19
1776803356.7370074,0.0,0,0,162.3,62.04296875,19
1776803358.2955496,0.0,0,0,99.6,62.04296875,19
1776803363.5133078,0.0,0,0,93.7,62.04296875,19
1776803363.5420856,0.0,0,0,97.0,62.04296875,19
1776803368.9603117,0.0,0,0,103.9,62.04296875,19
1776803369.6351993,0.0,0,0,95.8,62.04296875,19
1776803374.2594857,0.0,0,0,102.8,62.04296875,19
1776803376.5150902,0.0,0,0,102.2,62.04296875,19
1776803379.5852935,0.0,0,0,74.0,62.05078125,19
1776803383.0143867,0.0,0,0,99.5,62.0625,19
1776803384.7843764,0.0,0,0,108.2,62.0625,19
1776803390.1044974,0.0,0,0,95.7,62.0625,19
1776803390.3993132,0.0,0,0,92.0,62.0625,19
1776803395.7173831,0.0,0,0,92.5,62.08203125,19
1776803396.495607,0.0,0,0,104.3,62.08203125,19
1776803400.9762924,0.0,0,0,101.9,62.171875,19
1776803402.843233,0.0,0,0,100.9,62.171875,19
1776803406.1463187,0.0,0,0,98.6,62.17578125,19
1776803409.8744285,0.0,0,0,102.2,62.17578125,19
1776803411.64911,0.0,0,0,107.5,62.1796875,19
1776803416.9796884,0.0,0,0,83.7,62.1953125,19
1776803417.1686912,0.0,0,0,99.1,62.1953125,19
1776803422.0687861,0.0,0,0,102.2,62.203125,19
1776803423.589265,0.0,0,0,105.1,62.203125,19
1776803427.3601985,0.0,0,0,100.6,62.203125,19
1776803430.5008006,0.0,0,0,104.4,62.203125,19
1776803432.8394966,0.0,0,0,117.4,62.203125,19
1776803437.3218505,0.0,0,0,119.1,62.203125,19
1776803438.1122959,0.0,0,0,106.2,62.203125,19
1776803443.6457262,0.0,0,0,92.6,62.203125,19
1776803443.9102266,0.0,0,0,90.5,62.203125,19
1776803448.696838,0.0,0,0,102.4,62.234375,19
1776803451.0402875,0.0,0,0,177.5,62.234375,19
1776803453.9763818,0.0,0,0,101.4,62.2421875,19
1776803457.8778048,0.0,0,0,90.1,62.2421875,19
1776803459.2727673,0.0,0,0,97.5,62.26953125,19
1776803464.3417726,0.0,0,0,107.6,62.26953125,19
1776803464.853351,0.0,0,0,103.7,62.26953125,19
1776803470.1604617,0.0,0,0,122.8,62.26953125,19
1776803471.1150246,0.0,0,0,104.5,62.26953125,19
1776803475.4750137,0.0,0,0,96.2,62.28515625,19
1776803477.8040614,0.0,0,0,93.4,62.28515625,19
1776803480.811263,0.0,0,0,108.0,62.28515625,19
1776803484.6854095,0.0,0,0,93.5,62.28515625,19
1776803486.2183864,0.0,0,0,99.8,62.30078125,19
1776803491.5854323,0.0,0,0,108.4,62.30078125,19
1776803492.0134869,0.0,0,0,95.4,62.30078125,19
1776803496.9520373,0.0,0,0,123.9,62.33203125,19
1776803498.3173313,0.0,0,0,96.0,62.33203125,19
1776803501.9577236,0.0,0,0,100.8,62.40234375,19
1776803504.9442878,0.0,0,0,103.9,62.40234375,19
1776803507.2432067,0.0,0,0,95.4,62.40234375,19
1776803512.0483046,0.0,0,0,101.4,62.40234375,19
1776803512.295869,0.0,0,0,105.1,62.40234375,19
1776803517.3503067,0.0,0,0,98.4,62.40234375,19
1776803519.088346,0.0,0,0,100.4,62.40234375,19
1776803522.865119,0.0,0,0,101.7,62.44140625,21
1776803525.731852,0.0,0,0,138.0,62.44140625,21
1776803528.5785017,0.0,0,0,96.5,62.44140625,21
1776803532.4903378,0.0,0,0,97.6,62.44140625,21
1776803534.0998309,0.0,0,0,104.7,62.4453125,21
1776803539.2787778,0.0,0,0,89.7,62.4453125,21
1776803539.1620805,0.0,0,0,107.1,62.4453125,21
1776803544.441779,0.0,0,0,100.4,62.44921875,21
1776803546.2742324,0.0,0,0,96.2,62.44921875,21
1776803549.8458192,0.0,0,0,102.3,62.44921875,21
1776803552.7318606,0.0,0,0,117.9,62.44921875,21
1776803554.9378047,0.0,0,0,97.7,62.44921875,21
1776803559.3233526,0.0,0,0,93.3,62.4609375,21
1776803559.981147,0.0,0,0,99.2,62.4609375,21
1776803565.3517907,0.0,0,0,102.2,62.48828125,21
1776803565.935717,0.0,0,0,102.9,62.48828125,21
1776803570.9498427,0.0,0,0,96.7,62.50390625,21
1776803573.1643925,0.0,0,0,104.5,62.50390625,21
1776803576.1052465,0.0,0,0,103.7,62.5078125,21
1776803580.0001304,0.0,0,0,100.0,62.5078125,21
1776803581.598824,0.0,0,0,97.2,62.51953125,21
1776803586.7007842,0.0,0,0,94.1,62.51953125,21
1776803586.868061,0.0,0,0,103.6,62.51953125,21
1776803592.1115732,0.0,0,0,103.5,62.52734375,21
1776803593.2283642,0.0,0,0,104.2,62.48828125,19
1776803597.157311,0.0,0,0,87.3,62.55078125,19
1776803599.8757842,0.0,0,0,92.9,62.55078125,19
1776803602.663829,0.0,0,0,105.3,62.55078125,19
1776803606.866038,0.0,0,0,85.0,62.55078125,19
1776803607.6633542,0.0,0,0,94.8,62.55078125,19
1776803612.9202697,0.0,0,0,100.6,62.55078125,19
1776803614.0055583,0.0,0,0,95.6,62.55078125,19
1776803618.1746159,0.0,0,0,101.0,62.55078125,19
1776803620.6022336,0.0,0,0,89.3,62.5546875,19
1776803623.654355,0.0,0,0,93.3,62.5546875,19
1776803627.4483118,0.0,0,0,97.8,62.5546875,19
1776803628.993259,0.0,0,0,101.0,62.5546875,19
1776803634.2101815,0.0,0,0,98.7,62.5546875,19
1776803634.4155045,0.0,0,0,97.7,62.5546875,19
1776803639.6373427,0.0,0,0,213.0,62.625,19
1776803640.9595277,0.0,0,0,97.7,62.625,19
1776803645.0130758,0.0,0,0,99.7,62.625,19
1776803647.6606631,0.0,0,0,99.8,62.625,19
1776803650.5252883,0.0,0,0,104.4,62.625,19
1776803654.1088173,0.0,0,0,106.2,62.625,19
1776803655.4290204,0.0,0,0,101.8,62.625,19
1776803660.6298068,0.0,0,0,87.2,62.625,19
1776803661.3002613,0.0,0,0,110.5,62.625,19
1776803666.008792,0.0,0,0,106.2,62.625,19
1776803667.8213902,0.0,0,0,104.7,62.62890625,19
1776803671.361306,0.0,0,0,100.6,62.62890625,19
1776803674.4627705,0.0,0,0,97.4,62.62890625,19
1776803676.708395,0.0,0,0,163.6,62.69140625,19
1776803681.762767,0.0,0,0,120.8,62.69140625,19
1776803681.8742554,0.0,0,0,114.9,62.69140625,19
1776803687.0317774,0.0,0,0,94.2,62.6953125,19
1776803688.2962496,0.0,0,0,110.6,62.6953125,19
1776803692.3228123,0.0,0,0,101.1,62.6953125,19
1776803694.987299,0.0,0,0,92.8,62.6953125,19
1776803697.5383117,0.0,0,0,102.7,62.6953125,19
1776803701.3729951,0.0,0,0,113.7,62.6953125,19
1776803702.874815,0.0,0,0,96.4,62.6953125,19
1776803707.9354568,0.0,0,0,106.3,62.6953125,19
1776803708.551826,0.0,0,0,93.4,62.6953125,19
1776803713.4707813,0.0,0,0,100.7,62.6953125,19
1776803715.1663077,0.0,0,0,102.1,62.6953125,19
1776803718.6964066,0.0,0,0,88.1,62.6953125,19
1776803721.8647697,0.0,0,0,115.1,62.6953125,19
1776803723.9143083,0.0,0,0,99.6,62.76171875,19
1776803729.0672567,0.0,0,0,105.9,62.76171875,19
1776803729.253304,0.0,0,0,103.5,62.76171875,19
1776803734.243232,0.0,0,0,101.3,62.76171875,19
1776803734.9128056,0.0,0,0,105.7,62.76171875,19
1776803739.3532832,0.0,0,0,99.9,62.76171875,19
1776803742.1734736,0.0,0,0,149.8,62.76171875,19
1776803744.2192726,0.0,0,0,101.5,62.76171875,19
1776803748.9473708,0.0,0,0,88.2,62.76171875,19
1776803749.8047483,0.0,0,0,101.7,62.76171875,19
1776803754.9182553,0.0,0,0,102.7,62.828125,19
1776803755.7292757,0.0,0,0,93.9,62.828125,19
1776803760.5552945,0.0,0,0,102.3,62.828125,19
1776803762.6511872,0.0,0,0,95.8,62.828125,19
1776803765.8032703,0.0,0,0,105.6,62.828125,19
1776803769.6138575,0.0,0,0,99.1,62.828125,19
1776803771.233822,0.0,0,0,96.9,62.83203125,19
1776803776.3086374,0.0,0,0,92.5,62.83203125,19
1776803776.2413163,0.0,0,0,92.7,62.83203125,19
1776803781.358873,0.0,0,0,87.9,62.83203125,19
1776803782.742289,0.0,0,0,105.3,62.83203125,19
1776803786.7333522,0.0,0,0,98.4,62.83203125,19
1776803789.0798497,0.0,0,0,98.5,62.83203125,19
1776803792.122298,0.0,0,0,96.8,62.83203125,19
1776803795.544213,0.0,0,0,110.8,62.83203125,19
1776803797.493835,0.0,0,0,108.7,62.83203125,19
1776803801.9325125,0.0,0,0,104.0,62.83203125,19
1776803802.5068116,0.0,0,0,100.7,62.83203125,19
1776803807.673831,0.0,0,0,106.1,62.859375,19
1776803808.4632387,0.0,0,0,102.4,62.859375,19
1776803813.056306,0.0,0,0,103.0,62.859375,19
1776803816.1592946,0.0,0,0,112.2,62.859375,19
1776803818.3120773,0.0,0,0,104.5,62.86328125,19
1776803822.8696074,0.0,0,0,97.2,62.86328125,19
1776803823.337313,0.0,0,0,92.2,62.86328125,19
1776803828.6068416,0.0,0,0,104.3,62.86328125,19
1776803830.1084633,0.0,0,0,151.8,62.86328125,19
1776803833.745019,0.0,0,0,139.6,62.86328125,19
1776803837.3067605,0.0,0,0,97.7,62.86328125,19
1776803838.8427649,0.0,0,0,100.5,62.86328125,19
1776803843.8841474,0.0,0,0,104.3,62.86328125,19
1776803844.1727858,0.0,0,0,101.2,62.86328125,19
1776803849.7214363,0.0,0,0,102.8,62.86328125,19
1776803850.2723205,0.0,0,0,97.8,62.86328125,19
1776803854.8967474,0.0,0,0,99.8,62.86328125,19
1776803856.7763999,0.0,0,0,98.5,62.86328125,19
1776803859.8075283,0.0,0,0,90.5,62.8671875,19
1776803863.719086,0.0,0,0,101.9,62.8671875,19
1776803865.0317206,0.0,0,0,101.5,62.8671875,19
1776803870.297022,0.0,0,0,96.9,62.8671875,19
1776803870.7588296,0.0,0,0,100.5,62.8671875,19
1776803875.6894941,0.0,0,0,103.8,62.8671875,19
1776803877.0968385,0.0,0,0,104.8,62.8671875,19
1776803880.9503517,0.0,0,0,104.3,62.8671875,19
1776803884.2122138,0.0,0,0,104.0,62.8671875,19
1776803886.0507476,0.0,0,0,103.4,62.8671875,19
1776803891.3598316,0.0,0,0,100.7,62.8671875,19
1776803891.5523055,0.0,0,0,96.8,62.8671875,19
1776803896.7156286,0.0,0,0,98.9,62.8671875,19
1776803898.7170467,0.0,0,0,97.6,62.8671875,19
1776803901.9609365,0.0,0,0,102.2,62.8671875,19
1776803905.5798848,0.0,0,0,91.7,62.87109375,19
1776803907.428884,0.0,0,0,94.7,62.87109375,19
1776803911.8830523,0.0,0,0,104.1,62.87109375,19
1776803912.8383012,0.0,0,0,98.5,62.87109375,19
1776803918.134233,0.0,0,0,88.7,62.87109375,19
1776803918.5452693,0.0,0,0,101.3,62.87109375,19
1776803923.460753,0.0,0,0,105.2,62.87109375,19
1776803924.6412468,0.0,0,0,104.6,62.87109375,19
1776803928.7078767,0.0,0,0,96.9,62.87109375,19
1776803931.8067818,0.0,0,0,119.2,62.87109375,19
1776803933.7407987,0.0,0,0,93.3,62.87109375,19
1776803938.3838391,0.0,0,0,97.4,62.87109375,19
1776803938.7343533,0.0,0,0,102.6,62.87109375,19
1776803943.9968476,0.0,0,0,96.8,62.90234375,19
1776803945.0068839,0.0,0,0,98.2,62.90234375,19
1776803949.0040755,0.0,0,0,102.6,62.91015625,19
1776803951.5977733,0.0,0,0,106.5,62.91015625,19
1776803954.5082152,0.0,0,0,104.7,62.91015625,19
1776803958.3859959,0.0,0,0,94.4,62.91015625,19
1776803959.9107864,0.0,0,0,124.0,62.91015625,19
1776803964.9079006,0.0,0,0,89.5,62.91015625,19
1776803965.122599,0.0,0,0,104.7,62.91015625,19
1776803970.1143327,0.0,0,0,112.6,62.91796875,19
1776803971.5044365,0.0,0,0,99.6,62.91796875,19
1776803975.146906,0.0,0,0,104.2,62.91796875,19
1776803977.9062822,0.0,0,0,87.5,62.91796875,19
1776803980.2334259,0.0,0,0,101.3,62.91796875,19
1776803984.6935258,0.0,0,0,88.3,62.91796875,19
1776803985.466789,0.0,0,0,102.2,62.91796875,19
1776803990.870273,0.0,0,0,100.3,62.91796875,19
1776803991.5159113,0.0,0,0,97.3,62.91796875,19
1776803996.2942955,0.0,0,0,92.8,62.921875,19
1776803998.146859,0.0,0,0,96.5,62.921875,19
1776804001.6835802,0.0,0,0,105.3,62.921875,19
1776804005.0564318,0.0,0,0,270.1,62.921875,19
1776804006.8295033,0.0,0,0,93.6,62.921875,19
1776804011.370822,0.0,0,0,107.4,62.921875,19
1776804012.546221,0.0,0,0,100.2,62.921875,19
1776804017.7561057,0.0,0,0,93.3,62.921875,19
1776804017.588317,0.0,0,0,100.8,62.921875,19
1776804022.7578428,0.0,0,0,94.6,62.93359375,19
1776804024.79147,0.0,0,0,90.3,62.93359375,19
1776804028.0804572,0.0,0,0,97.4,62.93359375,19
1776804031.5872567,0.0,0,0,97.7,62.93359375,19
1776804033.2017822,0.0,0,0,106.8,62.93359375,19
1776804038.2386675,0.0,0,0,99.1,62.93359375,19
1776804038.5032148,0.0,0,0,97.0,62.93359375,19
1776804043.738799,0.0,0,0,94.5,62.9375,19
1776804044.9657564,0.0,0,0,99.5,62.9375,19
1776804049.1057441,0.0,0,0,102.6,62.9375,19
1776804052.2243025,0.0,0,0,100.7,62.9375,19
1776804054.5642946,0.0,0,0,86.8,62.9375,19
1776804058.9415379,0.0,0,0,116.5,62.9375,19
1776804059.8476055,0.0,0,0,97.6,62.9375,19
1776804065.2149312,0.0,0,0,98.2,62.9375,19
1776804065.8747885,0.0,0,0,105.1,62.9375,19
1776804070.2282915,0.0,0,0,98.0,62.9375,19
1776804072.2882469,0.0,0,0,92.7,62.9375,19
1776804075.3205812,0.0,0,0,94.2,62.9375,19
1776804079.118409,0.0,0,0,99.8,62.9375,19
1776804080.4783006,0.0,0,0,105.1,62.9375,19
1776804085.710736,0.0,0,0,97.8,62.9375,19
1776804086.2320118,0.0,0,0,97.2,62.9375,19
1776804090.9310412,0.0,0,0,101.8,62.94140625,19
1776804092.8122888,0.0,0,0,122.8,62.94140625,19
1776804096.3083124,0.0,0,0,98.5,62.94140625,19
1776804099.4526536,0.0,0,0,96.6,62.94140625,19
1776804101.8002193,0.0,0,0,102.9,62.94140625,19
1776804105.62029,0.0,0,0,109.2,62.94140625,19
1776804106.95031,0.0,0,0,103.2,62.94140625,19
1776804112.0150654,0.0,0,0,103.2,62.94140625,19
1776804112.2712395,0.0,0,0,101.2,62.94140625,19
1776804117.3308527,0.0,0,0,92.8,62.94140625,19
1776804118.6552649,0.0,0,0,101.5,62.94140625,19
1776804122.4588134,0.0,0,0,94.0,62.94140625,19
1776804125.680304,0.0,0,0,102.7,62.94140625,19
1776804127.5435863,0.0,0,0,98.6,62.9453125,19
1776804131.9978287,0.0,0,0,99.9,62.9453125,19
1776804132.97403,0.0,0,0,97.9,62.9453125,19
1776804138.1647968,0.0,0,0,99.0,62.9453125,19
1776804138.7129993,0.0,0,0,101.3,62.9453125,19
1776804143.740197,0.0,0,0,110.6,62.9453125,19
1776804144.763293,0.0,0,0,93.4,62.9453125,19
1776804149.0338697,0.0,0,0,102.4,62.9453125,19
1776804151.4068995,0.0,0,0,91.3,62.9453125,19
1776804154.4538581,0.0,0,0,94.6,62.9453125,19
1776804158.123979,0.0,0,0,99.2,62.9453125,19
1776804160.0457838,0.0,0,0,100.1,62.9453125,19
1776804164.8813581,0.0,0,0,103.6,62.9453125,19
1776804165.0753,0.0,0,0,96.5,62.9453125,19
1776804170.3635094,0.0,0,0,101.1,62.9453125,19
1776804172.0643358,0.0,0,0,99.0,62.94921875,19
1776804175.4763134,0.0,0,0,101.0,62.94921875,19
1776804178.5603082,0.0,0,0,102.6,62.94921875,19
1776804180.8692946,0.0,0,0,99.9,62.94921875,19
1776804185.2332222,0.0,0,0,90.6,62.94921875,19
1776804186.107784,0.0,0,0,103.6,62.94921875,19
1776804191.270741,0.0,0,0,108.0,63.015625,19
1776804192.009295,0.0,0,0,98.6,63.015625,19
1776804196.5948043,0.0,0,0,93.4,63.015625,19
1776804198.5383894,0.0,0,0,94.5,63.015625,19
1776804202.0811818,0.0,0,0,95.7,63.015625,19
1776804205.203933,0.0,0,0,96.0,63.015625,19
1776804207.4678004,0.0,0,0,102.1,63.015625,19
1776804212.0668347,0.0,0,0,100.3,63.015625,19
1776804212.4058514,0.0,0,0,99.5,63.015625,19
1776804217.922577,0.0,0,0,104.8,63.015625,19
1776804218.8258467,0.0,0,0,146.8,63.015625,19
1776804223.1543684,0.0,0,0,107.1,63.01953125,19
1776804224.512288,0.0,0,0,102.5,63.01953125,19
1776804228.7897816,0.0,0,0,96.6,63.01953125,19
1776804230.87299,0.0,0,0,105.0,63.01953125,19
1776804233.761528,0.0,0,0,102.1,63.01953125,19
1776804237.7110415,0.0,0,0,97.9,63.01953125,19
1776804238.9477835,0.0,0,0,99.5,63.01953125,19
1776804244.5092626,0.0,0,0,95.9,63.01953125,19
1776804244.6538904,0.0,0,0,96.1,63.01953125,19
1776804249.8298523,0.0,0,0,106.2,63.01953125,19
1776804250.940592,0.0,0,0,102.3,63.01953125,19
1776804255.3703518,0.0,0,0,98.5,63.01953125,19
1776804257.4328225,0.0,0,0,104.7,63.01953125,19
1776804260.658038,0.0,0,0,94.9,63.01953125,19
1776804263.871254,0.0,0,0,108.0,63.01953125,19
1776804266.1333325,0.0,0,0,102.6,63.0234375,19
1776804270.8250175,0.0,0,0,103.8,63.0234375,19
1776804271.430353,0.0,0,0,115.3,63.0234375,19
1776804276.6895049,0.0,0,0,106.0,63.0234375,19
1776804277.3711715,0.0,0,0,103.2,63.0234375,19
1776804282.1022522,0.0,0,0,99.0,63.0234375,19
1776804284.5545063,0.0,0,0,102.9,63.0234375,19
1776804287.4193332,0.0,0,0,102.4,63.0234375,19
1776804291.0937836,0.0,0,0,94.1,63.0234375,19
1776804292.4718444,0.0,0,0,104.3,63.0234375,19
1776804297.994185,0.0,0,0,91.8,63.04296875,19
1776804298.6097736,0.0,0,0,104.4,63.04296875,19
1776804303.181888,0.0,0,0,96.6,63.04296875,19
1776804304.4316583,0.0,0,0,89.1,63.04296875,19
1776804308.5952318,0.0,0,0,102.6,63.046875,19
1776804311.1098118,0.0,0,0,90.3,63.046875,19
1776804314.001593,0.0,0,0,110.8,63.046875,19
1776804317.9903119,0.0,0,0,95.8,63.046875,19
1776804319.0578825,0.0,0,0,94.5,63.046875,19
1776804324.123322,0.0,0,0,99.6,63.046875,19
1776804324.518211,0.0,0,0,142.6,63.046875,19
1776804329.5262547,0.0,0,0,96.7,63.046875,19
1776804331.049536,0.0,0,0,97.3,63.046875,19
1776804334.9319265,0.0,0,0,89.7,63.046875,19
1776804337.2505755,0.0,0,0,104.0,63.046875,19
1776804340.1469274,0.0,0,0,94.4,63.046875,19
1776804344.1487136,0.0,0,0,91.2,63.046875,19
1776804345.4093156,0.0,0,0,97.4,63.046875,19
1776804350.4821742,0.0,0,0,105.3,63.046875,19
1776804350.795479,0.0,0,0,102.0,63.046875,19
1776804355.964378,0.0,0,0,99.6,63.046875,19
1776804356.9497519,0.0,0,0,103.9,63.046875,19
1776804360.9953258,0.0,0,0,100.2,63.046875,19
1776804363.8938344,0.0,0,0,101.2,63.046875,19
1776804366.517855,0.0,0,0,103.7,63.046875,19
1776804371.329778,0.0,0,0,99.3,63.046875,19
1776804371.6323574,0.0,0,0,93.3,63.046875,19
1776804376.7545233,0.0,0,0,96.9,63.046875,19
1776804378.0202436,0.0,0,0,93.6,63.046875,19
1776804381.9553545,0.0,0,0,102.4,63.046875,19
1776804385.0638661,0.0,0,0,98.0,63.046875,19
1776804387.4402893,0.0,0,0,102.6,63.046875,19
1776804391.736865,0.0,0,0,100.4,63.05078125,19
1776804392.4652379,0.0,0,0,103.5,63.05078125,19
1776804397.7152708,0.0,0,0,95.2,63.0859375,20
1776804398.6763687,0.0,0,0,115.0,63.0859375,20
1776804402.6605523,0.0,0,0,102.0,63.0859375,20
1776804405.2892883,0.0,0,0,103.7,63.0859375,20
1776804408.137881,0.0,0,0,100.2,63.0859375,20
1776804411.7670848,0.0,0,0,97.1,63.0859375,20
1776804413.8363338,0.0,0,0,105.9,63.0859375,20
1776804418.4755871,0.0,0,0,103.4,63.0859375,20
1776804419.2212205,0.0,0,0,106.6,63.0859375,20
1776804424.5622892,0.0,0,0,102.6,63.0859375,20
1776804425.0598,0.0,0,0,95.2,63.0859375,20
1776804429.7982163,0.0,0,0,121.4,63.08984375,20
1776804430.8255947,0.0,0,0,100.8,63.08984375,20
1776804434.9662445,0.0,0,0,98.5,63.08984375,20
1776804437.4292765,0.0,0,0,96.2,63.08984375,20
1776804440.083263,0.0,0,0,88.0,63.09375,20
1776804443.733356,0.0,0,0,99.8,63.09375,20
1776804445.3812835,0.0,0,0,105.9,63.09375,20
1776804450.6905758,0.0,0,0,99.1,63.09375,20
1776804450.8384151,0.0,0,0,136.4,63.09375,20
1776804456.21899,0.0,0,0,97.3,63.09375,20
1776804457.489679,0.0,0,0,91.7,63.09375,20
1776804461.4007962,0.0,0,0,99.5,63.09375,20
1776804463.8432996,0.0,0,0,108.9,63.07421875,19
1776804466.761258,0.0,0,0,90.2,63.07421875,19
1776804470.6938636,0.0,0,0,96.4,63.07421875,19
1776804472.1192977,0.0,0,0,95.3,63.07421875,19
1776804477.257662,0.0,0,0,100.9,63.07421875,19
1776804477.6344316,0.0,0,0,95.1,63.07421875,19
1776804482.925644,0.0,0,0,106.9,63.07421875,19
1776804483.653836,0.0,0,0,165.3,63.07421875,19
1776804488.5177643,0.0,0,0,97.0,63.07421875,19
1776804490.03399,0.0,0,0,192.8,63.07421875,19
1776804493.5413423,0.0,0,0,98.1,63.07421875,19
1776804497.28954,0.0,0,0,105.9,63.07421875,19
1776804498.511191,0.0,0,0,99.8,63.07421875,19
1776804503.7964244,0.0,0,0,99.0,63.07421875,19
1776804504.150886,0.0,0,0,93.4,63.07421875,19
1776804509.2340784,0.0,0,0,100.4,63.07421875,19
1776804509.7863297,0.0,0,0,108.2,63.07421875,19
1776804514.3912487,0.0,0,0,163.9,63.07421875,19
1776804516.9774568,0.0,0,0,140.2,63.07421875,19
1776804519.4407885,0.0,0,0,102.6,63.07421875,19
1776804524.0962899,0.0,0,0,99.6,63.07421875,19
1776804524.739053,0.0,0,0,97.4,63.07421875,19
1776804529.8122258,0.0,0,0,89.0,63.07421875,19
1776804530.8258548,0.0,0,0,93.3,63.07421875,19
1776804535.4509642,0.0,0,0,104.5,63.07421875,19
1776804537.6769729,0.0,0,0,103.1,63.07421875,19
1776804540.7013166,0.0,0,0,154.2,63.10546875,19
1776804544.4123118,0.0,0,0,86.1,63.10546875,19
1776804545.921504,0.0,0,0,96.8,63.10546875,19
1776804551.1457622,0.0,0,0,109.2,63.10546875,19
1776804551.2564971,0.0,0,0,103.4,63.10546875,19
1776804556.6739335,0.0,0,0,104.7,63.109375,19
1776804557.477991,0.0,0,0,95.7,63.109375,19
1776804561.9390125,0.0,0,0,97.4,63.11328125,19
1776804563.6355755,0.0,0,0,100.1,63.11328125,19
1776804566.9928322,0.0,0,0,179.1,63.11328125,19
1776804571.0222063,0.0,0,0,91.4,63.1171875,19
1776804572.3312778,0.0,0,0,101.8,63.1171875,19
1776804577.4868882,0.0,0,0,85.6,63.1171875,19
1776804578.022993,0.0,0,0,91.3,63.1171875,19
1776804582.7877948,0.0,0,0,86.8,63.1171875,19
1776804585.5013745,0.0,0,0,102.5,63.12109375,19
1776804588.2162917,0.0,0,0,100.0,63.12109375,19
1776804592.4804213,0.0,0,0,107.3,63.12109375,19
1776804593.4572897,0.0,0,0,97.0,63.12109375,19
1776804598.695305,0.0,0,0,99.5,63.12109375,19
1776804599.2790742,0.0,0,0,97.2,63.12109375,19
1776804604.0907931,0.0,0,0,89.4,63.12109375,19
1776804605.245846,0.0,0,0,103.9,63.12109375,19
1776804609.4038212,0.0,0,0,99.6,63.125,19
1776804611.7763262,0.0,0,0,98.7,63.125,19
1776804614.5912378,0.0,0,0,108.9,63.125,19
1776804618.5137594,0.0,0,0,93.0,63.12890625,19
1776804620.0332894,0.0,0,0,99.1,63.12890625,19
1776804625.392768,0.0,0,0,101.3,63.12890625,19
1776804625.7288747,0.0,0,0,90.8,63.12890625,19
1776804630.8378148,0.0,0,0,98.5,63.12890625,19
1776804633.0243013,0.0,0,0,125.6,63.1328125,19
1776804635.7728455,0.0,0,0,94.0,63.1328125,19
1776804639.84678,0.0,0,0,100.4,63.1328125,19
1776804640.822332,0.0,0,0,103.1,63.1328125,19
1776804646.041826,0.0,0,0,98.2,63.1328125,19
1776804647.3419974,0.0,0,0,99.4,63.1328125,19
1776804651.304323,0.0,0,0,97.5,63.13671875,19
1776804654.6133175,0.0,0,0,107.5,63.13671875,19
1776804656.6763206,0.0,0,0,88.4,63.13671875,19
1776804661.2208138,0.0,0,0,102.5,63.13671875,19
1776804662.153144,0.0,0,0,102.3,63.13671875,19
1776804667.682686,0.0,0,0,93.0,63.140625,19
1776804668.1813653,0.0,0,0,105.5,63.140625,19
1776804672.9025135,0.0,0,0,120.2,63.28125,19
1776804674.984261,0.0,0,0,93.3,63.28515625,19
1776804678.1342492,0.0,0,0,92.5,117.3828125,19
1776804681.4927683,0.0,0,0,97.0,117.4453125,19
1776804683.569282,0.0,0,0,98.3,117.4453125,19
1776804687.8244662,0.0,0,0,105.5,117.4453125,19
1776804688.6157997,0.0,0,0,96.3,117.4453125,19
1776804693.8853588,0.0,0,0,100.2,117.4453125,19
1776804694.7867546,0.0,0,0,107.7,117.4453125,19
1776804699.1762722,0.0,0,0,97.8,117.4453125,19
1776804701.0248356,0.0,0,0,89.7,117.4453125,19
1776804704.471879,0.0,0,0,100.4,117.4453125,19
1776804707.5343065,0.0,0,0,98.4,117.4453125,19
1776804709.757857,0.0,0,0,94.9,117.4453125,19
1776804714.4027777,0.0,0,0,95.6,117.4453125,19
1776804715.0068207,0.0,0,0,99.0,117.4453125,19
1776804720.5982735,0.0,0,0,108.4,117.4453125,19
1776804721.6432142,0.0,0,0,98.4,117.4453125,19
1776804725.9582655,0.0,0,0,99.6,117.4453125,19
1776804728.338822,0.0,0,0,150.8,117.4453125,19
1776804731.303289,0.0,0,0,96.7,117.4453125,19
1776804735.212622,0.0,0,0,106.2,117.4453125,19
1776804736.3039696,0.0,0,0,99.9,117.4453125,19
1776804741.70056,0.0,0,0,99.2,117.4453125,19
1776804742.2720923,0.0,0,0,98.1,117.4453125,19
1776804746.8117526,0.0,0,0,112.5,117.4453125,19
1776804748.0652156,0.0,0,0,103.7,117.4453125,19
1776804751.7413526,0.0,0,0,100.5,117.4453125,19
1776804754.9061923,0.0,0,0,100.9,117.4453125,19
1776804756.8193336,0.0,0,0,101.4,117.4453125,19
1776804761.6597662,0.0,0,0,97.2,117.4453125,19
1776804762.1963804,0.0,0,0,273.6,117.4453125,19
1776804767.360843,0.0,0,0,104.0,117.4453125,19
1776804768.657184,0.0,0,0,98.4,117.4453125,19
1776804772.6708944,0.0,0,0,108.5,117.4453125,19
1776804775.3333292,0.0,0,0,108.2,117.4453125,19
1776804777.9763055,0.0,0,0,112.4,117.4453125,19
1776804781.7617822,0.0,0,0,95.5,117.4453125,19
1776804783.2817676,0.0,0,0,96.7,117.4453125,19
1776804788.3783045,0.0,0,0,100.0,117.4453125,19
1776804788.7233887,0.0,0,0,103.3,117.4453125,19
1776804793.3349655,0.0,0,0,102.3,117.4453125,19
1776804795.0008535,0.0,0,0,100.3,117.4453125,19
1776804798.4360716,0.0,0,0,95.8,117.4453125,19
1776804801.647343,0.0,0,0,106.2,117.4453125,19
1776804803.7502306,0.0,0,0,107.6,117.4453125,19
1776804808.038385,0.0,0,0,97.8,117.4453125,19
1776804809.1589801,0.0,0,0,102.6,117.4453125,19
1776804814.5788128,0.0,0,0,162.1,117.4453125,19
1776804814.9592464,0.0,0,0,98.8,117.4453125,19
1776804819.6856408,0.0,0,0,105.7,117.4453125,19
1776804821.2862027,0.0,0,0,106.6,117.4453125,19
1776804825.0017972,0.0,0,0,99.7,117.4453125,19
1776804828.518251,0.0,0,0,89.0,117.4453125,19
1776804830.1926515,0.0,0,0,103.1,117.4453125,19
1776804835.204499,0.0,0,0,101.1,117.4453125,19
1776804835.5722876,0.0,0,0,102.6,117.4453125,19
1776804841.0938234,0.0,0,0,107.4,117.4453125,19
1776804841.7548025,0.0,0,0,118.0,117.4453125,19
1776804846.12263,0.0,0,0,108.4,117.4453125,19
1776804848.5546196,0.0,0,0,107.8,117.4453125,19
1776804851.373096,0.0,0,0,146.7,117.4453125,19
1776804855.3365865,0.0,0,0,99.0,117.4453125,19
1776804856.9817786,0.0,0,0,101.4,117.4453125,19
1776804862.3824303,0.0,0,0,108.0,117.4453125,19
1776804862.4812853,0.0,0,0,101.3,117.4453125,19
1776804867.6362534,0.0,0,0,100.0,117.4453125,19
1776804868.9488137,0.0,0,0,102.5,117.4453125,19
1776804872.6991851,0.0,0,0,93.4,117.4453125,19
1776804875.487803,0.0,0,0,99.4,117.4453125,19
1776804877.9702234,0.0,0,0,100.9,117.4453125,19
1776804882.349997,0.0,0,0,99.4,117.4453125,19
1776804883.0478349,0.0,0,0,108.5,117.4453125,19
1776804888.5502892,0.0,0,0,97.0,117.4453125,19
1776804888.8661869,0.0,0,0,103.2,117.4453125,19
1776804893.729791,0.0,0,0,88.0,117.4453125,19
1776804895.6267874,0.0,0,0,102.1,117.4453125,19
1776804899.081128,0.0,0,0,101.2,117.4453125,19
1776804902.5183582,0.0,0,0,92.3,117.4453125,19
1776804904.300871,0.0,0,0,101.0,117.4453125,19
1776804909.7182362,0.0,0,0,98.8,117.4453125,19
1776804910.1188254,0.0,0,0,107.5,117.4453125,19
1776804914.8887668,0.0,0,0,102.1,117.4453125,19
1776804916.5418458,0.0,0,0,97.4,117.44921875,19
1776804920.1830971,0.0,0,0,98.9,117.44921875,19
1776804923.11925,0.0,0,0,102.3,117.44921875,19
1776804925.2970772,0.0,0,0,89.6,117.44921875,19
1776804930.1002922,0.0,0,0,108.0,117.44921875,19
1776804930.651572,0.0,0,0,101.3,117.44921875,19
1776804935.6538951,0.0,0,0,86.0,117.44921875,19
1776804936.5748136,0.0,0,0,90.6,117.44921875,19
1776804940.7149384,0.0,0,0,86.4,117.453125,19
1776804943.252347,0.0,0,0,100.4,117.453125,19
1776804946.2703023,0.0,0,0,140.2,117.453125,19
1776804949.992272,0.0,0,0,99.7,117.45703125,19
1776804951.3663752,0.0,0,0,101.9,117.45703125,19
1776804956.542809,0.0,0,0,92.5,117.45703125,19
1776804956.7595694,0.0,0,0,103.4,117.45703125,19
1776804961.7843397,0.0,0,0,90.4,117.45703125,19
1776804963.0522847,0.0,0,0,130.5,117.45703125,19
1776804967.131568,0.0,0,0,99.3,117.45703125,19
1776804969.8313675,0.0,0,0,93.6,117.45703125,19
1776804972.3354223,0.0,0,0,80.2,117.45703125,19
1776804976.7907615,0.0,0,0,103.2,117.45703125,19
1776804977.6132863,0.0,0,0,117.2,117.45703125,19
1776804982.642219,0.0,0,0,99.5,117.6328125,19
1776804983.2302656,0.0,0,0,107.6,117.6328125,19
1776804988.3147388,0.0,0,0,99.2,117.6328125,19
1776804989.94682,0.0,0,0,106.2,117.6328125,19
1776804993.4844391,0.0,0,0,110.2,117.6328125,19
1776804995.9044368,0.0,0,0,90.3,117.6328125,19
1776804998.6338766,0.0,0,0,101.8,117.6328125,19
1776805002.43286,0.0,0,0,92.3,117.6328125,19
1776805003.9688525,0.0,0,0,91.1,117.6328125,19
1776805009.2906802,0.0,0,0,96.4,117.6328125,19
1776805009.5623217,0.0,0,0,115.9,117.6328125,19
1776805014.559256,0.0,0,0,103.8,117.6328125,19
1776805015.8454702,0.0,0,0,101.8,117.6328125,19
1776805019.8112636,0.0,0,0,88.8,117.6328125,19
1776805022.8428788,0.0,0,0,107.9,117.6328125,19
1776805025.2401006,0.0,0,0,107.1,117.6328125,19
1776805029.8190515,0.0,0,0,102.4,117.6328125,19
1776805030.7042222,0.0,0,0,98.5,117.6328125,19
1776805035.628917,0.0,0,0,100.2,117.63671875,19
1776805036.2244189,0.0,0,0,98.6,117.63671875,19
1776805041.0528822,0.0,0,0,91.3,117.63671875,19
1776805042.9580898,0.0,0,0,101.7,117.63671875,19
1776805046.466308,0.0,0,0,106.9,117.63671875,19
1776805049.8385935,0.0,0,0,98.3,117.63671875,19
1776805051.8809426,0.0,0,0,101.4,117.63671875,19
1776805057.1151638,0.0,0,0,106.4,117.63671875,19
1776805057.036482,0.0,0,0,128.2,117.63671875,19
1776805062.4337769,0.0,0,0,97.0,117.63671875,19
1776805063.3128128,0.0,0,0,95.5,117.63671875,19
1776805067.8840778,0.0,0,0,104.5,117.63671875,19
1776805070.4842336,0.0,0,0,100.5,117.63671875,19
1776805072.9590955,0.0,0,0,108.3,117.63671875,19
1776805077.665354,0.0,0,0,105.4,117.63671875,19
1776805078.518829,0.0,0,0,128.3,117.63671875,19
1776805083.7928457,0.0,0,0,104.7,117.63671875,19
1776805084.6178617,0.0,0,0,101.4,117.63671875,19
1776805089.3636296,0.0,0,0,98.1,117.63671875,19
1776805091.3613453,0.0,0,0,102.6,117.63671875,19
1776805094.7580233,0.0,0,0,91.1,117.63671875,19
1776805098.0602772,0.0,0,0,133.6,117.63671875,19
1776805100.0812373,0.0,0,0,96.1,117.63671875,19
1776805104.8192868,0.0,0,0,102.2,117.63671875,19
1776805105.4919553,0.0,0,0,106.6,117.63671875,19
1776805110.736807,0.0,0,0,100.1,117.63671875,19
1776805111.411243,0.0,0,0,93.2,117.63671875,19
1776805115.937751,0.0,0,0,95.1,117.63671875,19
1776805118.3077397,0.0,0,0,103.9,117.63671875,19
1776805121.0256028,0.0,0,0,99.9,117.63671875,19
1776805125.160704,0.0,0,0,89.2,117.63671875,19
1776805126.6300685,0.0,0,0,100.2,117.63671875,19
1776805131.7666032,0.0,0,0,101.3,117.63671875,19
1776805132.34232,0.0,0,0,94.8,117.63671875,19
1776805136.7028995,0.0,0,0,99.9,117.63671875,19
1776805139.3333206,0.0,0,0,94.0,117.63671875,19
1776805141.8355796,0.0,0,0,102.2,117.63671875,19
1776805145.9492917,0.0,0,0,94.4,117.63671875,19
1776805146.9908526,0.0,0,0,102.6,117.63671875,19
1776805152.192396,0.0,0,0,107.3,117.63671875,19
1776805152.6193323,0.0,0,0,110.7,117.63671875,19
1776805157.9043267,0.0,0,0,93.9,117.63671875,19
1776805158.6523125,0.0,0,0,82.9,117.63671875,19
1776805162.8374221,0.0,0,0,89.0,117.63671875,19
1776805165.115456,0.0,0,0,106.4,117.63671875,19
1776805167.7843146,0.0,0,0,100.0,117.63671875,19
1776805171.5007265,0.0,0,0,106.1,117.63671875,19
1776805173.3754334,0.0,0,0,101.3,117.63671875,19
1776805178.1576738,0.0,0,0,119.9,117.63671875,19
1776805178.3260405,0.0,0,0,99.6,117.63671875,19
1776805183.6885345,0.0,0,0,91.1,117.63671875,19
1776805185.1243038,0.0,0,0,105.2,117.63671875,19
1776805189.140244,0.0,0,0,109.7,117.63671875,19
1776805192.682303,0.0,0,0,99.4,117.63671875,19
1776805194.5398357,0.0,0,0,105.3,117.63671875,19
1776805199.68923,0.0,0,0,130.2,117.63671875,19
1776805200.060399,0.0,0,0,96.2,117.63671875,19
1776805204.9689178,0.0,0,0,103.4,117.63671875,19
1776805207.1029258,0.0,0,0,88.1,117.63671875,19
1776805210.437932,0.0,0,0,93.1,117.63671875,19
1776805213.762594,0.0,0,0,106.1,117.63671875,19
1776805215.6151223,0.0,0,0,95.1,117.63671875,19
1776805220.2513354,0.0,0,0,84.7,117.63671875,19
1776805221.0458694,0.0,0,0,99.1,117.63671875,19
1776805226.1945033,0.0,0,0,102.6,117.63671875,19
1776805226.96175,0.0,0,0,91.9,117.63671875,19
1776805231.5122926,0.0,0,0,98.6,117.63671875,19
1776805233.125854,0.0,0,0,101.3,117.63671875,19
1776805236.5213327,0.0,0,0,94.8,117.63671875,19
1776805239.5664055,0.0,0,0,103.6,117.63671875,19
1776805241.6569037,0.0,0,0,88.3,117.63671875,19
1776805246.202247,0.0,0,0,94.3,117.63671875,19
1776805247.6162968,0.0,0,0,97.3,117.63671875,19
1776805252.400295,0.0,0,0,102.2,117.63671875,19
1776805252.8177996,0.0,0,0,105.1,117.63671875,19
1776805257.5223098,0.0,0,0,132.1,117.63671875,19
1776805260.4549952,0.0,0,0,105.3,117.63671875,19
1776805263.0983808,0.0,0,0,99.9,117.63671875,19
1776805267.1575258,0.0,0,0,103.7,117.63671875,19
1776805268.4856403,0.0,0,0,91.5,117.63671875,19
1776805273.830335,0.0,0,0,101.7,117.63671875,19
1776805273.949293,0.0,0,0,106.3,117.63671875,19
1776805279.408326,0.0,0,0,101.7,117.63671875,19
1776805280.6686044,0.0,0,0,101.9,117.63671875,19
1776805284.839633,0.0,0,0,91.8,117.63671875,19
1776805287.4193878,0.0,0,0,122.5,117.63671875,19
1776805290.3772964,0.0,0,0,102.6,117.63671875,19
1776805294.3091908,0.0,0,0,137.5,117.63671875,19
1776805295.8760595,0.0,0,0,89.8,117.63671875,19
1776805300.931562,0.0,0,0,101.8,117.63671875,19
1776805300.923532,0.0,0,0,105.2,117.63671875,19
1776805305.9916553,0.0,0,0,112.1,117.63671875,19
1776805307.541472,0.0,0,0,106.2,117.63671875,19
1776805311.1543665,0.0,0,0,102.9,117.63671875,19
1776805314.6723094,0.0,0,0,101.4,117.63671875,19
1776805316.874389,0.0,0,0,100.0,117.63671875,19
1776805321.2124033,0.0,0,0,100.2,117.63671875,19
1776805321.971295,0.0,0,0,93.4,117.63671875,19
1776805327.2732828,0.0,0,0,99.5,117.63671875,19
1776805327.7031467,0.0,0,0,99.5,117.63671875,19
1776805332.404085,0.0,0,0,85.9,117.63671875,19
1776805333.7585049,0.0,0,0,103.4,117.63671875,19
1776805337.724787,0.0,0,0,111.8,117.63671875,19
1776805340.2697847,0.0,0,0,97.2,117.63671875,19
1776805342.817276,0.0,0,0,137.9,117.63671875,19
1776805347.2063735,0.0,0,0,96.6,117.63671875,19
1776805348.0057614,0.0,0,0,97.7,117.63671875,19
1776805353.2978578,0.0,0,0,121.7,117.63671875,19
1776805354.1979425,0.0,0,0,113.7,117.63671875,19
1776805358.2859674,0.0,0,0,105.2,117.63671875,19
1776805360.8588111,0.0,0,0,92.9,117.63671875,19
1776805363.643265,0.0,0,0,98.6,117.63671875,19
1776805367.4252613,0.0,0,0,136.4,117.63671875,19
1776805369.0852444,0.0,0,0,100.7,117.63671875,19
1776805373.8379352,0.0,0,0,103.9,117.63671875,19
1776805374.6322901,0.0,0,0,171.4,117.63671875,19
1776805380.2413957,0.0,0,0,100.1,117.63671875,19
1776805380.346788,0.0,0,0,97.5,117.63671875,19
1776805385.2102778,0.0,0,0,97.7,117.63671875,19
1776805387.1423295,0.0,0,0,90.9,117.63671875,19
1776805390.5501912,0.0,0,0,95.6,117.63671875,19
1776805393.811859,0.0,0,0,108.9,117.63671875,19
1776805395.6886966,0.0,0,0,89.2,117.63671875,19
1776805400.284748,0.0,0,0,97.1,117.63671875,19
1776805400.874078,0.0,0,0,98.5,117.63671875,19
1776805406.1547637,0.0,0,0,105.9,117.63671875,19
1776805406.7985666,0.0,0,0,100.2,117.63671875,19
1776805411.3442695,0.0,0,0,105.8,117.63671875,19
1776805413.7152905,0.0,0,0,98.3,117.63671875,19
1776805416.6404274,0.0,0,0,101.7,117.63671875,19
1776805420.451252,0.0,0,0,96.7,117.63671875,19
1776805421.6607194,0.0,0,0,92.4,117.63671875,19
1776805427.011174,0.0,0,0,148.3,117.63671875,19
1776805427.4562857,0.0,0,0,99.3,117.63671875,19
1776805432.5127861,0.0,0,0,103.4,117.63671875,19
1776805433.9068825,0.0,0,0,103.1,117.63671875,19
1776805437.9303944,0.0,0,0,122.2,117.63671875,19
1776805440.6819718,0.0,0,0,91.0,117.63671875,19
1776805443.5722497,0.0,0,0,105.6,117.63671875,19
1776805447.1947296,0.0,0,0,97.8,117.63671875,19
1776805448.667839,0.0,0,0,96.1,117.63671875,19
1776805453.803081,0.0,0,0,101.8,117.63671875,19
1776805453.9218187,0.0,0,0,117.6,117.63671875,19
1776805459.1812804,0.0,0,0,103.6,117.63671875,19
1776805459.9846632,0.0,0,0,158.3,117.63671875,19
1776805464.397685,0.0,0,0,95.2,117.63671875,19
1776805466.3242593,0.0,0,0,110.6,117.63671875,19
1776805469.8782732,0.0,0,0,103.0,117.63671875,19
1776805472.8484733,0.0,0,0,103.6,117.63671875,19
1776805475.0948467,0.0,0,0,92.8,117.63671875,19
1776805479.547296,0.0,0,0,99.1,117.63671875,19
1776805480.165344,0.0,0,0,99.4,117.63671875,19
1776805485.3358011,0.0,0,0,89.7,117.63671875,19
1776805486.2027986,0.0,0,0,94.3,117.63671875,19
1776805490.3623314,0.0,0,0,113.7,117.69921875,19
1776805492.8267798,0.0,0,0,108.4,117.69921875,19
1776805495.44035,0.0,0,0,98.7,117.69921875,19
1776805499.0765405,0.0,0,0,107.7,117.69921875,19
1776805500.784333,0.0,0,0,96.4,117.69921875,19
1776805505.9533103,0.0,0,0,99.5,117.69921875,19
1776805506.422262,0.0,0,0,102.5,117.69921875,19
1776805511.0288508,0.0,0,0,91.6,117.69921875,19
1776805513.104875,0.0,0,0,103.1,117.69921875,19
1776805516.1696706,0.0,0,0,102.4,117.69921875,19
1776805519.734762,0.0,0,0,104.1,117.69921875,19
1776805521.2679243,0.0,0,0,100.1,117.69921875,19
1776805526.001499,0.0,0,0,73.8,117.69921875,19
1776805526.560336,0.0,0,0,108.7,117.69921875,19
1776805531.684236,0.0,0,0,147.9,117.69921875,19
1776805532.5163088,0.0,0,0,101.2,117.69921875,19
1776805537.0884097,0.0,0,0,92.4,117.69921875,19
1776805539.18243,0.0,0,0,100.5,117.69921875,19
1776805542.3937829,0.0,0,0,105.9,117.69921875,19
1776805545.8528855,0.0,0,0,92.1,117.69921875,19
1776805547.467262,0.0,0,0,101.8,117.69921875,19
1776805552.1423905,0.0,0,0,100.0,117.69921875,19
1776805552.7258,0.0,0,0,105.5,117.69921875,19
1776805557.9262033,0.0,0,0,97.2,117.69921875,19
1776805559.147994,0.0,0,0,135.2,117.69921875,19
1776805563.30577,0.0,0,0,108.9,117.69921875,19
1776805566.0327535,0.0,0,0,105.2,117.69921875,19
1776805568.793233,0.0,0,0,106.5,117.69921875,19
1776805573.412569,0.0,0,0,106.2,117.69921875,19
1776805573.9907734,0.0,0,0,103.5,117.69921875,19
1776805579.4319193,0.0,0,0,102.8,117.69921875,19
1776805579.8272033,0.0,0,0,94.1,117.69921875,19
1776805584.8953066,0.0,0,0,93.2,117.69921875,19
1776805586.7390208,0.0,0,0,99.3,117.69921875,19
1776805590.1605368,0.0,0,0,102.4,117.69921875,19
1776805592.7761953,0.0,0,0,99.9,117.69921875,19
1776805595.4003391,0.0,0,0,104.0,117.69921875,19
1776805599.3176944,0.0,0,0,95.7,117.69921875,19
1776805600.7642627,0.0,0,0,103.1,117.69921875,19
1776805605.5790339,0.0,0,0,102.7,117.69921875,19
1776805606.2087805,0.0,0,0,102.9,117.69921875,19
1776805611.7089694,0.0,0,0,100.6,117.69921875,19
1776805611.8658814,0.0,0,0,128.1,117.69921875,19
1776805616.9824097,0.0,0,0,92.4,117.69921875,19
1776805618.09025,0.0,0,0,95.3,117.69921875,19
1776805622.4347932,0.0,0,0,106.5,117.69921875,19
1776805624.6056473,0.0,0,0,99.6,117.69921875,19
1776805627.700754,0.0,0,0,89.3,117.69921875,19
1776805631.2072384,0.0,0,0,135.9,117.69921875,19
1776805632.855321,0.0,0,0,90.3,117.69921875,19
1776805637.8722956,0.0,0,0,102.6,117.69921875,19
1776805638.063745,0.0,0,0,105.4,117.69921875,19
1776805643.5482478,0.0,0,0,86.9,117.69921875,19
1776805644.9078052,0.0,0,0,96.8,117.69921875,19
1776805648.4930465,0.0,0,0,93.3,117.70703125,19
1776805651.9727716,0.0,0,0,95.2,117.70703125,19
1776805653.9792964,0.0,0,0,96.7,117.9296875,19
1776805658.4044478,0.0,0,0,98.2,117.9296875,19
1776805659.4756455,0.0,0,0,100.2,117.93359375,19
1776805664.570285,0.0,0,0,93.9,117.93359375,19
1776805665.0429351,0.0,0,0,104.0,117.93359375,19
1776805669.7878022,0.0,0,0,99.3,117.93359375,19
1776805671.5070307,0.0,0,0,97.6,117.93359375,19
1776805675.1157908,0.0,0,0,97.8,117.93359375,19
1776805678.4423947,0.0,0,0,105.3,117.93359375,19
1776805680.4075737,0.0,0,0,99.0,117.93359375,19
1776805684.902996,0.0,0,0,93.9,117.93359375,19
1776805685.6092732,0.0,0,0,99.6,117.93359375,19
1776805691.2291055,0.0,0,0,101.1,117.93359375,19
1776805691.502172,0.0,0,0,96.4,117.93359375,19
1776805696.2976,0.0,0,0,108.9,117.93359375,19
1776805697.6482878,0.0,0,0,102.5,117.93359375,19
1776805701.3962665,0.0,0,0,100.0,117.93359375,19
1776805704.2243612,0.0,0,0,127.6,117.93359375,19
1776805706.501743,0.0,0,0,104.2,117.93359375,19
1776805710.743843,0.0,0,0,93.7,117.93359375,19
1776805711.8072402,0.0,0,0,100.5,117.93359375,19
1776805717.5337036,0.0,0,0,90.1,117.93359375,19
1776805717.4743392,0.0,0,0,118.4,117.93359375,19
1776805722.8410027,0.0,0,0,104.0,117.93359375,19
1776805724.4173212,0.0,0,0,101.5,117.93359375,19
1776805728.1677575,0.0,0,0,110.8,117.93359375,19
1776805731.8438668,0.0,0,0,92.9,117.93359375,19
1776805733.1482112,0.0,0,0,86.0,117.93359375,19
1776805738.3893473,0.0,0,0,86.8,117.93359375,19
1776805738.5720031,0.0,0,0,104.2,117.93359375,19
1776805743.6612456,0.0,0,0,97.3,117.93359375,19
1776805745.2757318,0.0,0,0,98.7,117.93359375,19
1776805749.1319013,0.0,0,0,106.4,117.93359375,19
1776805752.0177457,0.0,0,0,114.8,117.93359375,19
1776805754.601293,0.0,0,0,109.7,117.93359375,19
1776805758.6840997,0.0,0,0,106.6,117.93359375,19
1776805759.7570107,0.0,0,0,99.2,117.93359375,19
1776805764.9977517,0.0,0,0,93.5,117.93359375,19
1776805765.6308594,0.0,0,0,99.3,117.93359375,19
1776805770.3767474,0.0,0,0,100.7,117.93359375,19
1776805771.8567364,0.0,0,0,89.7,117.93359375,19
1776805775.761348,0.0,0,0,117.0,117.93359375,19
1776805778.6083188,0.0,0,0,98.9,117.93359375,19
1776805781.1254308,0.0,0,0,100.5,117.93359375,19
1776805785.2362626,0.0,0,0,109.0,117.93359375,19
1776805786.5390406,0.0,0,0,108.9,117.93359375,19
1776805791.68821,0.0,0,0,106.0,117.93359375,19
1776805792.075261,0.0,0,0,97.4,117.93359375,19
1776805796.98725,0.0,0,0,123.8,117.93359375,19
1776805798.456413,0.0,0,0,102.3,117.93359375,19
1776805801.9458447,0.0,0,0,146.4,117.93359375,19
1776805804.9152544,0.0,0,0,100.7,117.93359375,19
1776805807.398446,0.0,0,0,98.7,117.93359375,19
1776805811.6684484,0.0,0,0,98.7,117.93359375,19
1776805812.6610124,0.0,0,0,101.4,117.93359375,19
1776805817.707043,0.0,0,0,99.5,117.93359375,19
1776805818.3253078,0.0,0,0,113.2,117.93359375,19
1776805822.8537517,0.0,0,0,89.5,117.93359375,19
1776805824.2515209,0.0,0,0,89.1,117.93359375,19
1776805828.0117536,0.0,0,0,113.1,117.93359375,19
1776805830.800437,0.0,0,0,96.5,117.93359375,19
1776805833.0732992,0.0,0,0,100.7,117.93359375,19
1776805837.152934,0.0,0,0,98.9,117.93359375,19
1776805838.1682696,0.0,0,0,100.2,117.93359375,19
1776805843.493784,0.0,0,0,106.0,117.93359375,19
1776805843.8768175,0.0,0,0,96.2,117.93359375,19
1776805848.6988459,0.0,0,0,98.2,117.93359375,19
1776805849.9042423,0.0,0,0,103.1,117.93359375,19
1776805854.1008146,0.0,0,0,98.9,117.93359375,19
1776805856.7863226,0.0,0,0,94.2,117.93359375,19
1776805859.4817872,0.0,0,0,85.1,117.93359375,19
1776805863.1958277,0.0,0,0,117.5,117.93359375,19
1776805864.7605503,0.0,0,0,106.6,117.93359375,19
1776805869.5683026,0.0,0,0,109.9,117.93359375,19
1776805870.3077304,0.0,0,0,96.3,117.93359375,19
1776805875.358416,0.0,0,0,101.2,117.93359375,19
1776805876.077781,0.0,0,0,101.8,117.93359375,19
1776805880.6967556,0.0,0,0,107.3,117.93359375,19
1776805882.9008026,0.0,0,0,104.4,117.93359375,19
1776805885.8096678,0.0,0,0,95.9,117.93359375,19
1776805889.7659678,0.0,0,0,102.7,117.93359375,19
1776805891.201913,0.0,0,0,100.7,117.93359375,19
1776805896.3832924,0.0,0,0,89.9,117.93359375,19
1776805896.7702274,0.0,0,0,97.6,117.93359375,19
1776805901.964384,0.0,0,0,101.2,117.93359375,19
1776805903.233183,0.0,0,0,99.8,117.93359375,19
1776805907.0678992,0.0,0,0,91.1,117.93359375,19
1776805909.4122655,0.0,0,0,98.7,117.93359375,19
1776805912.3462377,0.0,0,0,107.2,117.93359375,19
1776805915.6924229,0.0,0,0,92.7,117.93359375,19
1776805917.6515217,0.0,0,0,113.5,117.93359375,19
1776805922.383443,0.0,0,0,98.2,117.93359375,19
1776805922.8321197,0.0,0,0,93.4,117.93359375,19
1776805928.219755,0.0,0,0,108.8,117.93359375,19
1776805929.0568333,0.0,0,0,100.3,117.93359375,19
1776805933.8923717,0.0,0,0,102.8,117.93359375,19
1776805935.958248,0.0,0,0,101.2,117.93359375,19
1776805938.7043483,0.0,0,0,107.6,117.93359375,19
1776805942.805776,0.0,0,0,105.2,117.93359375,19
1776805943.8802729,0.0,0,0,97.6,117.93359375,19
1776805949.1642776,0.0,0,0,103.8,117.93359375,19
1776805949.3342605,0.0,0,0,90.0,117.93359375,19
1776805954.640435,0.0,0,0,104.6,117.9375,19
1776805955.9097936,0.0,0,0,104.7,117.9375,19
1776805959.7122173,0.0,0,0,93.0,117.9375,19
1776805962.5151904,0.0,0,0,101.7,117.9375,19
1776805964.8022597,0.0,0,0,106.5,117.9375,19
1776805969.072257,0.0,0,0,106.1,117.9375,19
1776805970.3618872,0.0,0,0,96.8,117.9375,19
1776805975.5451744,0.0,0,0,106.8,117.9375,19
1776805975.6211622,0.0,0,0,94.1,117.9375,19
1776805980.604851,0.0,0,0,88.3,117.9375,19
1776805982.085714,0.0,0,0,104.4,117.9375,19
1776805985.565846,0.0,0,0,90.7,117.9375,19
1776805988.10129,0.0,0,0,107.7,117.9375,19
1776805990.815079,0.0,0,0,87.6,117.9375,19
1776805994.5502453,0.0,0,0,97.3,117.9375,19
1776805996.1923428,0.0,0,0,97.6,117.9375,19
1776806000.8854103,0.0,0,0,98.6,117.9375,19
1776806001.562785,0.0,0,0,108.8,117.9375,19
1776806007.1093063,0.0,0,0,84.4,117.9375,19
1776806007.61624,0.0,0,0,84.5,117.9375,19
1776806012.6202486,0.0,0,0,102.6,117.9375,19
1776806013.4083357,0.0,0,0,98.1,117.9375,19
1776806017.5997195,0.0,0,0,90.5,117.9375,19
1776806019.921275,0.0,0,0,92.2,117.9375,19
1776806023.099671,0.0,0,0,99.8,117.9375,19
1776806026.3449452,0.0,0,0,87.3,117.9375,19
1776806028.1422648,0.0,0,0,88.5,117.9375,19
1776806032.912988,0.0,0,0,100.0,117.9375,19
1776806033.7452972,0.0,0,0,94.1,117.9375,19
1776806038.9618013,0.0,0,0,88.8,117.9375,19
1776806039.6207945,0.0,0,0,103.6,117.9375,19
1776806044.2333198,0.0,0,0,101.1,117.9375,19
1776806046.4847538,0.0,0,0,94.9,117.9375,19
1776806049.4803386,0.0,0,0,88.7,117.9375,19
1776806052.8698866,0.0,0,0,95.3,117.9375,19
1776806054.6651807,0.0,0,0,99.2,117.9375,19
1776806059.3011022,0.0,0,0,93.4,117.9375,19
1776806059.7469997,0.0,0,0,93.5,117.9375,19
1776806064.9139729,0.0,0,0,99.2,117.9375,19
1776806065.8793426,0.0,0,0,124.5,117.9375,19
1776806069.995772,0.0,0,0,99.3,117.9375,19
1776806072.6608915,0.0,0,0,93.1,117.9375,19
1776806075.542314,0.0,0,0,100.0,117.9375,19
1776806079.224254,0.0,0,0,100.5,117.9375,19
1776806080.7853274,0.0,0,0,93.8,117.9375,19
1776806085.5324006,0.0,0,0,103.7,117.9375,19
1776806086.155895,0.0,0,0,101.2,117.9375,19
1776806091.612753,0.0,0,0,98.1,117.9375,19
1776806091.8116152,0.0,0,0,99.6,117.9375,19
1776806096.9605315,0.0,0,0,123.0,117.9375,19
1776806098.477298,0.0,0,0,94.7,117.9375,19
1776806102.4067922,0.0,0,0,96.2,117.9375,19
1776806105.535086,0.0,0,0,100.7,117.9375,19
1776806107.6787617,0.0,0,0,91.7,117.9375,19
1776806111.7094014,0.0,0,0,99.3,117.9375,19
1776806112.8003778,0.0,0,0,102.7,117.9375,19
1776806117.705745,0.0,0,0,91.3,117.9375,19
1776806118.0288033,0.0,0,0,98.4,117.9375,19
1776806123.2692676,0.0,0,0,92.9,117.9375,19
1776806124.2332685,0.0,0,0,145.4,117.9375,19
1776806128.3577466,0.0,0,0,98.5,117.9375,19
1776806130.926936,0.0,0,0,99.1,117.9375,19
1776806133.6076744,0.0,0,0,93.6,117.9375,19
1776806137.643131,0.0,0,0,105.2,117.9375,19
1776806139.2012877,0.0,0,0,97.5,117.9375,19
1776806144.3760507,0.0,0,0,109.0,117.9375,19
1776806144.8322783,0.0,0,0,114.2,117.9375,19
1776806149.4829454,0.0,0,0,102.5,117.9375,19
1776806151.6075554,0.0,0,0,97.8,117.9375,19
1776806154.80528,0.0,0,0,92.6,117.9375,19
1776806158.3817954,0.0,0,0,104.2,117.9375,19
1776806159.9092774,0.0,0,0,97.7,117.9375,19
1776806164.8912196,0.0,0,0,94.4,117.9375,19
1776806165.0563147,0.0,0,0,108.0,117.9375,19
1776806170.198886,0.0,0,0,103.3,117.9375,19
1776806172.0913498,0.0,0,0,98.2,117.9375,19
1776806175.3898482,0.0,0,0,96.4,117.9375,19
1776806178.8713465,0.0,0,0,96.1,117.9375,19
1776806180.251928,0.0,0,0,102.9,117.9375,19
1776806185.4868917,0.0,0,0,110.0,117.9375,19
1776806185.7388508,0.0,0,0,103.3,117.9375,19
1776806191.0662544,0.0,0,0,105.5,117.9375,19
1776806191.8199308,0.0,0,0,101.1,117.9375,19
1776806196.3527954,0.0,0,0,98.1,117.9375,19
1776806198.1432636,0.0,0,0,117.5,117.9375,19
1776806201.6564465,0.0,0,0,101.3,117.9375,19
1776806204.6668396,0.0,0,0,96.6,117.9375,19
1776806206.9822643,0.0,0,0,94.1,117.9375,19
1776806211.144858,0.0,0,0,104.7,117.9375,19
1776806212.2069087,0.0,0,0,101.1,117.9375,19
1776806217.1662848,0.0,0,0,104.8,117.9375,19
1776806217.6987534,0.0,0,0,97.5,117.9375,19
1776806222.413034,0.0,0,0,101.4,117.9375,19
1776806224.5212097,0.0,0,0,86.1,117.9375,19
1776806227.7182052,0.0,0,0,99.1,117.9375,19
1776806231.6199467,0.0,0,0,100.4,117.9375,19
1776806232.7830074,0.0,0,0,98.6,117.9375,19
1776806237.9348018,0.0,0,0,103.8,117.9375,19
1776806238.1461718,0.0,0,0,93.4,117.9375,19
1776806243.3378155,0.0,0,0,152.4,117.9375,19
1776806245.0157416,0.0,0,0,105.8,117.9375,19
1776806248.583981,0.0,0,0,96.5,117.9375,19
1776806252.0192206,0.0,0,0,91.6,117.9375,19
1776806253.984444,0.0,0,0,96.8,117.9375,19
1776806258.756302,0.0,0,0,99.6,117.9375,19
1776806259.0673583,0.0,0,0,100.8,117.9375,19
1776806264.4589143,0.0,0,0,98.9,117.9375,19
1776806265.3367593,0.0,0,0,104.6,117.9375,19
1776806269.7542782,0.0,0,0,99.3,117.9375,19
1776806272.0172746,0.0,0,0,103.5,117.9375,19
1776806274.9348483,0.0,0,0,104.7,117.9375,19
1776806278.730341,0.0,0,0,94.2,117.9375,19
1776806280.1808321,0.0,0,0,92.6,117.9375,19
1776806285.1799762,0.0,0,0,103.3,117.9375,19
1776806285.510771,0.0,0,0,97.3,117.9375,19
1776806290.3314228,0.0,0,0,98.0,117.9375,19
1776806292.5763474,0.0,0,0,108.2,117.9375,19
1776806295.755847,0.0,0,0,99.9,117.9375,19
1776806298.9984276,0.0,0,0,91.4,117.9375,19
1776806300.847376,0.0,0,0,99.4,117.9375,19
1776806305.4577575,0.0,0,0,95.8,117.9375,19
1776806305.9918425,0.0,0,0,87.0,117.9375,19
1776806311.3904166,0.0,0,0,107.5,117.9375,19
1776806312.188189,0.0,0,0,95.5,117.9375,19
1776806316.8753006,0.0,0,0,96.1,117.9375,19
1776806318.5435169,0.0,0,0,82.2,117.9375,19
1776806322.074223,0.0,0,0,100.3,117.9375,19
1776806324.8183992,0.0,0,0,92.6,117.9375,19
1776806327.6381452,0.0,0,0,99.3,117.9375,19
1776806331.3763056,0.0,0,0,108.8,117.9375,19
1776806333.0778468,0.0,0,0,93.0,117.9375,19
1776806337.7591653,0.0,0,0,99.0,117.9375,19
1776806338.1661875,0.0,0,0,102.5,117.9375,19
1776806343.9352686,0.0,0,0,105.6,117.9375,19
1776806343.7908165,0.0,0,0,101.5,117.9375,19
1776806348.9628341,0.0,0,0,103.5,117.9375,19
1776806351.1252897,0.0,0,0,113.6,117.9375,19
1776806354.2378566,0.0,0,0,103.0,117.9375,19
1776806357.6641119,0.0,0,0,99.3,117.9375,19
1776806359.462316,0.0,0,0,97.7,117.9375,19
1776806364.2813036,0.0,0,0,105.1,117.9375,19
1776806364.5476437,0.0,0,0,102.7,117.9375,19
1776806369.632829,0.0,0,0,106.0,117.9375,19
1776806371.099885,0.0,0,0,100.8,117.9375,19
1776806375.005015,0.0,0,0,96.0,117.9375,19
1776806377.7962904,0.0,0,0,100.1,117.9375,19
1776806380.479316,0.0,0,0,100.4,117.9375,19
1776806384.2552722,0.0,0,0,97.9,117.9375,19
1776806385.561292,0.0,0,0,108.3,117.9375,19
1776806390.916241,0.0,0,0,99.7,117.9375,19
1776806390.983041,0.0,0,0,99.7,117.9375,19
1776806396.1171734,0.0,0,0,101.0,117.9375,19
1776806397.816217,0.0,0,0,91.8,117.9375,19
1776806401.1887589,0.0,0,0,93.9,117.9375,19
1776806404.3246841,0.0,0,0,103.8,117.9375,19
1776806406.426799,0.0,0,0,103.7,117.9375,19
1776806410.767215,0.0,0,0,93.2,117.9375,19
1776806411.4637814,0.0,0,0,105.4,117.9375,19
1776806416.881509,0.0,0,0,149.9,117.9375,19
1776806417.528009,0.0,0,0,94.7,117.9375,19
1776806421.9583213,0.0,0,0,103.7,117.9375,19
1776806424.5372536,0.0,0,0,102.0,117.9375,19
1776806427.3822775,0.0,0,0,102.2,117.9375,19
1776806431.095825,0.0,0,0,102.0,117.9375,19
1776806432.569952,0.0,0,0,102.8,117.9375,19
1776806437.6966093,0.0,0,0,100.8,117.9375,19
1776806438.026266,0.0,0,0,152.2,117.9375,19
1776806443.1792557,0.0,0,0,98.9,117.9375,19
1776806445.1093116,0.0,0,0,104.6,117.9375,19
1776806448.2803833,0.0,0,0,97.1,117.9375,19
1776806451.5237215,0.0,0,0,99.9,117.9375,19
1776806453.928638,0.0,0,0,99.2,117.9375,19
1776806458.1765985,0.0,0,0,99.3,117.9375,19
1776806458.525442,0.0,0,0,92.7,117.9375,19
1776806463.6454594,0.0,0,0,101.8,117.9375,19
1776806465.1448867,0.0,0,0,96.6,117.9375,19
1776806469.0617754,0.0,0,0,110.1,117.9375,19
1776806471.6003065,0.0,0,0,103.0,117.9375,19
1776806474.5300126,0.0,0,0,91.8,117.9375,19
1776806477.8437507,0.0,0,0,96.7,117.9375,19
1776806480.0615091,0.0,0,0,98.8,117.9375,19
1776806484.734833,0.0,0,0,95.8,117.9375,19
1776806485.2163308,0.0,0,0,103.9,117.9375,19
1776806490.8919785,0.0,0,0,95.7,117.9375,19
1776806491.039238,0.0,0,0,94.6,117.9375,19
1776806496.2716637,0.0,0,0,98.5,117.9375,19
1776806497.8724587,0.0,0,0,100.6,117.9375,19
1776806501.7963588,0.0,0,0,99.2,117.9375,19
1776806504.9443328,0.0,0,0,112.4,117.9375,19
1776806507.2757394,0.0,0,0,102.4,118.0,19
1776806511.186193,0.0,0,0,91.9,118.0,19
1776806512.4648309,0.0,0,0,121.0,118.0,19
1776806517.6988,0.0,0,0,100.6,118.0,19
1776806517.9229574,0.0,0,0,104.4,118.0,19
1776806522.9217958,0.0,0,0,88.5,118.0,19
1776806524.4890215,0.0,0,0,99.6,118.0,19
1776806528.6053517,0.0,0,0,105.6,118.0,19
1776806531.7723722,0.0,0,0,106.2,118.0,19
1776806533.8499978,0.0,0,0,104.9,118.0,19
1776806538.2253642,0.0,0,0,107.2,118.0,19
1776806539.3795896,0.0,0,0,102.8,118.0,19
1776806544.3967702,0.0,0,0,103.2,118.0,19
1776806544.7283697,0.0,0,0,104.9,118.0,19
1776806550.0517957,0.0,0,0,93.2,118.0,19
1776806551.7833276,0.0,0,0,101.1,118.0,19
1776806555.3328993,0.0,0,0,95.1,118.015625,19
1776806559.388786,0.0,0,0,104.6,118.015625,19
1776806560.2508202,0.0,0,0,93.2,118.015625,19
1776806565.3782418,0.0,0,0,98.9,118.01953125,19
1776806566.0306082,0.0,0,0,97.3,118.01953125,19
1776806570.8518016,0.0,0,0,113.5,118.01953125,19
1776806572.8398595,0.0,0,0,95.2,118.01953125,19
1776806576.405261,0.0,0,0,104.6,118.04296875,19
1776806579.493296,0.0,0,0,129.9,118.06640625,19
1776806581.5239289,0.0,0,0,104.3,118.06640625,19
1776806585.7267637,0.0,0,0,108.3,118.06640625,19
1776806586.700804,0.0,0,0,96.0,118.06640625,19
1776806591.8962393,0.0,0,0,106.4,118.06640625,19
1776806592.3952832,0.0,0,0,96.6,118.06640625,19
1776806597.3423305,0.0,0,0,88.1,118.06640625,19
1776806598.3809886,0.0,0,0,97.4,118.06640625,19
1776806603.0007284,0.0,0,0,97.1,118.07421875,19
1776806605.0572357,0.0,0,0,102.6,118.07421875,19
1776806608.003867,0.0,0,0,102.2,118.07421875,19
1776806611.5067718,0.0,0,0,101.4,118.08984375,19
1776806613.2438083,0.0,0,0,104.2,118.1015625,19
1776806618.0561848,0.0,0,0,103.2,118.1015625,19
1776806618.676922,0.0,0,0,95.4,118.1015625,19
1776806624.0433404,0.0,0,0,100.2,118.1015625,19
1776806624.5142615,0.0,0,0,100.5,118.1015625,19
1776806629.3592625,0.0,0,0,96.3,118.1015625,19
1776806630.6382873,0.0,0,0,92.9,118.1015625,19
1776806634.6598797,0.0,0,0,97.5,118.1015625,19
1776806637.2505307,0.0,0,0,95.3,118.1015625,19
1776806639.74496,0.0,0,0,108.6,118.1015625,19
1776806643.8169003,0.0,0,0,87.4,118.1015625,19
1776806644.703655,0.0,0,0,93.4,118.1015625,19
1776806650.1538038,0.0,0,0,101.3,118.1171875,19
1776806650.6928911,0.0,0,0,92.0,118.1171875,19
1776806655.4442346,0.0,0,0,98.1,118.1171875,19
1776806656.971179,0.0,0,0,102.9,118.1796875,19
1776806660.4909728,0.0,0,0,97.4,118.18359375,19
1776806663.7622797,0.0,0,0,99.0,118.18359375,19
1776806665.675793,0.0,0,0,98.1,118.18359375,19
1776806670.1038134,0.0,0,0,96.9,118.18359375,19
1776806670.5727558,0.0,0,0,98.5,118.18359375,19
1776806675.99829,0.0,0,0,101.0,118.18359375,19
1776806677.3512218,0.0,0,0,91.8,118.18359375,19
1776806681.19482,0.0,0,0,110.3,118.18359375,19
1776806684.0642765,0.0,0,0,100.7,118.18359375,19
1776806686.6260123,0.0,0,0,116.7,118.18359375,19
1776806690.555299,0.0,0,0,95.7,118.18359375,19
1776806691.9533517,0.0,0,0,94.8,118.18359375,19
1776806697.318474,0.0,0,0,104.7,118.18359375,19
1776806697.3443193,0.0,0,0,96.8,118.18359375,19
1776806702.5402813,0.0,0,0,98.5,118.18359375,19
1776806703.8834026,0.0,0,0,100.0,118.18359375,19
1776806707.6622262,0.0,0,0,91.5,118.25,19
1776806710.4618003,0.0,0,0,99.1,118.25,19
1776806712.8580346,0.0,0,0,97.3,118.25,19
1776806717.120826,0.0,0,0,98.1,118.25,19
1776806718.0198047,0.0,0,0,106.6,118.25,19
1776806723.4303546,0.0,0,0,107.8,118.25,19
1776806723.8917804,0.0,0,0,98.4,118.25,19
1776806728.890261,0.0,0,0,99.0,118.25,19
1776806731.0065136,0.0,0,0,98.3,118.25,19
1776806733.9472575,0.0,0,0,110.3,118.25,19
1776806737.557266,0.0,0,0,102.3,118.25,19
1776806739.1213188,0.0,0,0,102.1,118.25,19
1776806744.3882794,0.0,0,0,97.0,118.25,19
1776806744.449297,0.0,0,0,100.6,118.25,19
1776806749.5398862,0.0,0,0,101.9,118.25,19
1776806751.2453313,0.0,0,0,92.5,118.25,19
1776806754.7623694,0.0,0,0,152.5,118.3125,19
1776806757.704718,0.0,0,0,99.8,118.3125,19
1776806759.9817133,0.0,0,0,105.3,118.3125,19
1776806764.0587597,0.0,0,0,101.0,118.3125,19
1776806765.2103593,0.0,0,0,151.3,118.3125,19
1776806770.4827073,0.0,0,0,96.5,118.3125,19
1776806770.5628076,0.0,0,0,99.2,118.3125,19
1776806775.8305938,0.0,0,0,130.2,118.3125,19
1776806777.050281,0.0,0,0,100.1,118.3125,19
1776806780.8962977,0.0,0,0,99.5,118.3125,19
1776806783.9033272,0.0,0,0,106.8,118.3125,19
1776806786.0531023,0.0,0,0,101.8,118.375,19
1776806790.4928203,0.0,0,0,102.3,118.375,19
1776806791.4562793,0.0,0,0,89.7,118.375,19
1776806796.8347943,0.0,0,0,94.9,118.375,19
1776806796.9963148,0.0,0,0,97.9,118.375,19
1776806802.103155,0.0,0,0,94.8,118.375,19
1776806803.7498078,0.0,0,0,101.8,118.375,19
1776806807.602301,0.0,0,0,105.3,118.375,19
1776806810.2622805,0.0,0,0,95.4,118.375,19
1776806812.8751485,0.0,0,0,92.4,118.375,19
1776806817.058142,0.0,0,0,97.3,118.375,19
1776806818.4854138,0.0,0,0,95.4,118.37890625,19
1776806823.3947046,0.0,0,0,101.3,118.37890625,19
1776806823.6940653,0.0,0,0,99.5,118.37890625,19
1776806828.9042413,0.0,0,0,101.8,118.390625,19
1776806830.3967638,0.0,0,0,90.1,118.390625,19
1776806834.3567622,0.0,0,0,100.1,118.390625,19
1776806837.054513,0.0,0,0,91.1,118.390625,19
1776806839.450262,0.0,0,0,102.3,118.390625,19
1776806843.7742605,0.0,0,0,115.4,118.390625,19
1776806844.7158935,0.0,0,0,121.2,118.390625,19
1776806850.0332701,0.0,0,0,100.3,118.390625,19
1776806850.238835,0.0,0,0,100.3,118.390625,19
1776806855.4102247,0.0,0,0,106.0,118.39453125,19
1776806856.888551,0.0,0,0,103.5,118.39453125,19
1776806860.8290722,0.0,0,0,99.2,118.40625,19
1776806863.3487942,0.0,0,0,105.2,118.40625,19
1776806866.2346613,0.0,0,0,102.9,118.40625,19
1776806870.5983,0.0,0,0,95.4,118.40625,19
1776806871.386822,0.0,0,0,103.2,118.40625,19
1776806876.6083527,0.0,0,0,106.3,118.40625,19
1776806877.4294956,0.0,0,0,92.7,118.40625,19
1776806882.1257052,0.0,0,0,100.9,118.4375,19
1776806884.2193959,0.0,0,0,103.8,118.4375,19
1776806887.386256,0.0,0,0,99.9,118.4375,19
1776806890.3825648,0.0,0,0,101.3,118.4375,19
1776806892.7852178,0.0,0,0,98.6,118.44140625,19
1776806897.2323322,0.0,0,0,98.1,118.44140625,19
1776806898.002308,0.0,0,0,107.2,118.44140625,19
1776806903.3852084,0.0,0,0,91.3,118.4453125,19
1776806903.829269,0.0,0,0,101.3,118.4453125,19
1776806908.720282,0.0,0,0,103.7,118.4453125,19
1776806910.1902783,0.0,0,0,124.8,118.4453125,19
1776806914.2257538,0.0,0,0,103.1,118.45703125,19
1776806916.9222882,0.0,0,0,108.2,118.45703125,19
1776806919.3803627,0.0,0,0,92.8,118.484375,19
1776806923.1952336,0.0,0,0,113.0,118.484375,19
1776806924.4988177,0.0,0,0,105.3,118.484375,19
1776806930.0959918,0.0,0,0,100.3,118.515625,19
1776806930.1213665,0.0,0,0,101.5,118.515625,19
1776806935.303283,0.0,0,0,109.2,118.515625,19
1776806937.046254,0.0,0,0,99.0,118.515625,19
1776806940.9022737,0.0,0,0,103.7,118.515625,19
1776806943.6256034,0.0,0,0,113.2,118.515625,19
1776806946.2007382,0.0,0,0,103.0,118.515625,19
1776806951.1243165,0.0,0,0,106.6,118.515625,19
1776806951.3677344,0.0,0,0,79.7,118.515625,19
1776806956.8122303,0.0,0,0,103.1,118.515625,19
1776806957.6578114,0.0,0,0,95.7,118.515625,19
1776806962.2361243,0.0,0,0,97.9,118.671875,19
1776806963.925861,0.0,0,0,109.6,118.671875,19
1776806967.1835377,0.0,0,0,111.1,118.671875,19
1776806970.469124,0.0,0,0,107.9,118.671875,19
1776806972.2187877,0.0,0,0,98.4,118.671875,19
1776806977.4033077,0.0,0,0,98.4,118.671875,19
1776806977.4978223,0.0,0,0,94.4,118.671875,19
1776806982.552064,0.0,0,0,90.8,118.671875,19
1776806984.261936,0.0,0,0,99.9,118.671875,19
1776806987.9775956,0.0,0,0,169.2,118.671875,19
1776806990.4918923,0.0,0,0,103.4,118.671875,19
1776806993.3017273,0.0,0,0,90.2,118.671875,19
1776806997.3673418,0.0,0,0,98.3,118.671875,19
1776806998.4652953,0.0,0,0,106.4,118.671875,19
1776807003.806282,0.0,0,0,102.1,118.671875,19
1776807003.9987776,0.0,0,0,96.2,118.671875,19
1776807009.5187538,0.0,0,0,99.4,118.671875,19
1776807009.8831007,0.0,0,0,89.8,118.671875,19
1776807014.8877752,0.0,0,0,99.9,118.671875,19
1776807016.4712098,0.0,0,0,101.6,118.671875,19
1776807020.1604545,0.0,0,0,90.8,118.671875,19
1776807022.816539,0.0,0,0,103.3,118.671875,19
1776807025.2027154,0.0,0,0,92.1,118.671875,19
1776807029.2867434,0.0,0,0,104.8,118.671875,19
1776807030.4776278,0.0,0,0,71.9,118.671875,19
1776807036.0826874,0.0,0,0,95.3,118.671875,19
1776807036.2623086,0.0,0,0,106.8,118.671875,19
1776807041.2492452,0.0,0,0,96.8,118.671875,19
1776807042.001333,0.0,0,0,103.2,118.671875,19
1776807046.3958693,0.0,0,0,91.5,118.671875,19
1776807049.2294075,0.0,0,0,101.8,118.671875,19
1776807051.6447644,0.0,0,0,100.7,118.671875,19
1776807055.7234175,0.0,0,0,110.1,118.671875,19
1776807056.7176735,0.0,0,0,118.8,118.671875,19
1776807062.045854,0.0,0,0,98.9,118.671875,19
1776807062.252358,0.0,0,0,98.1,118.671875,19
1776807067.4297888,0.0,0,0,107.3,118.671875,19
1776807068.6760645,0.0,0,0,98.6,118.6875,19
1776807072.6462948,0.0,0,0,86.6,118.6875,19
1776807075.125238,0.0,0,0,103.0,118.6875,19
1776807077.9307156,0.0,0,0,92.0,118.6875,19
1776807082.2973108,0.0,0,0,97.7,118.6875,19
1776807082.9118729,0.0,0,0,88.5,118.6875,19
1776807088.2517982,0.0,0,0,97.8,118.75,19
1776807088.9287944,0.0,0,0,105.6,118.75,19
1776807093.54615,0.0,0,0,105.2,118.75,19
1776807095.8153431,0.0,0,0,95.1,118.75,19
1776807098.8844247,0.0,0,0,90.5,118.75,19
1776807102.547743,0.0,0,0,91.5,118.75,19
1776807104.4476194,0.0,0,0,93.5,118.75,19
1776807108.7803278,0.0,0,0,103.8,118.75,19
1776807109.7428596,0.0,0,0,269.5,118.75,19
1776807115.085648,0.0,0,0,109.6,118.75,19
1776807115.1422882,0.0,0,0,96.7,118.75,19
1776807120.0593462,0.0,0,0,88.9,118.75,19
1776807121.6582108,0.0,0,0,108.5,118.75,19
1776807125.1237335,0.0,0,0,103.3,118.75,19
1776807128.3573422,0.0,0,0,104.5,118.75,19
1776807130.5602698,0.0,0,0,97.7,118.75,19
1776807134.551519,0.0,0,0,100.4,118.75,19
1776807135.9841623,0.0,0,0,96.8,118.75,19
1776807141.139247,0.0,0,0,90.2,118.8125,19
1776807141.6800723,0.0,0,0,105.4,118.8125,19
1776807146.297931,0.0,0,0,99.5,118.8125,19
1776807148.7372406,0.0,0,0,109.0,118.8125,19
1776807151.5542681,0.0,0,0,98.6,118.8125,19
1776807155.0142443,0.0,0,0,94.7,118.8125,19
1776807156.9193459,0.0,0,0,104.0,118.8125,19
1776807162.1482532,0.0,0,0,118.6,118.8125,19
1776807162.1303756,0.0,0,0,103.0,118.8125,19
1776807167.23833,0.0,0,0,102.8,118.8125,19
1776807169.26441,0.0,0,0,91.1,118.8125,19
1776807172.6777754,0.0,0,0,108.6,118.8125,19
1776807176.3433838,0.0,0,0,83.9,118.8125,19
1776807177.672989,0.0,0,0,95.7,118.8125,19
1776807182.7471883,0.0,0,0,93.4,118.875,19
1776807182.9907484,0.0,0,0,99.2,118.875,19
1776807188.2617967,0.0,0,0,98.5,118.875,19
1776807189.1481285,0.0,0,0,93.7,118.875,19
1776807193.3709922,0.0,0,0,101.2,118.875,19
1776807195.7816632,0.0,0,0,89.6,118.875,19
1776807198.5049357,0.0,0,0,120.8,118.875,19
1776807202.37782,0.0,0,0,87.5,118.875,19
1776807203.7817552,0.0,0,0,95.6,118.875,19
1776807209.2152066,0.0,0,0,105.3,118.875,19
1776807209.4490013,0.0,0,0,93.3,118.875,19
1776807214.1269643,0.0,0,0,96.2,118.875,19
1776807215.293819,0.0,0,0,103.2,118.875,19
1776807219.4703405,0.0,0,0,171.9,118.875,19
1776807221.982531,0.0,0,0,127.0,118.875,19
1776807224.6031983,0.0,0,0,97.2,118.875,19
1776807228.9062848,0.0,0,0,103.5,118.875,19
1776807230.032355,0.0,0,0,96.2,118.875,19
1776807235.1349163,0.0,0,0,103.8,118.875,19
1776807235.6707726,0.0,0,0,113.7,118.875,19
1776807240.224031,0.0,0,0,98.3,118.875,19
1776807243.3417833,0.0,0,0,98.5,118.875,19
1776807245.4872668,0.0,0,0,99.1,118.9375,19
1776807250.6837683,0.0,0,0,98.8,118.9375,19
1776807251.1867979,0.0,0,0,103.1,118.9375,19
1776807256.2072477,0.0,0,0,105.9,118.9375,19
1776807257.45937,0.0,0,0,97.2,118.9375,19
1776807261.359305,0.0,0,0,97.2,119.29296875,19
1776807264.2237468,0.0,0,0,96.0,119.29296875,19
1776807266.4826605,0.0,0,0,103.8,119.29296875,19
1776807271.598182,0.0,0,0,99.9,119.29296875,19
1776807271.9892967,0.0,0,0,102.3,119.29296875,19
1776807277.4450066,0.0,0,0,95.6,119.296875,19
1776807278.2832894,0.0,0,0,96.2,119.296875,19
1776807282.6286786,0.0,0,0,101.0,119.296875,19
1776807284.8837893,0.0,0,0,99.1,119.296875,19
1776807287.904348,0.0,0,0,96.4,119.296875,19
1776807291.313787,0.0,0,0,120.5,119.3046875,19
1776807293.1163497,0.0,0,0,100.5,119.3046875,19
1776807297.7341452,0.0,0,0,98.6,119.3046875,19
1776807298.5397747,0.0,0,0,103.6,119.3046875,19
1776807303.819186,0.0,0,0,92.1,119.3046875,19
1776807304.2519028,0.0,0,0,103.3,119.30859375,19
1776807308.9953938,0.0,0,0,136.7,119.30859375,19
1776807310.2582548,0.0,0,0,103.2,119.30859375,19
1776807314.417877,0.0,0,0,95.1,119.30859375,19
1776807317.000353,0.0,0,0,95.9,119.30859375,19
1776807319.4172907,0.0,0,0,108.7,119.30859375,19
1776807323.642588,0.0,0,0,93.4,119.30859375,19
1776807324.8555439,0.0,0,0,101.4,119.30859375,19
1776807330.278915,0.0,0,0,108.3,119.30859375,19
1776807330.549381,0.0,0,0,103.6,119.30859375,19
1776807335.74848,0.0,0,0,94.9,119.30859375,19
1776807337.1274302,0.0,0,0,96.4,119.30859375,19
1776807341.0842235,0.0,0,0,103.9,119.30859375,19
1776807344.276812,0.0,0,0,96.3,119.30859375,19
1776807346.397519,0.0,0,0,104.9,119.30859375,19
1776807351.2648675,0.0,0,0,90.1,119.30859375,19
1776807351.716394,0.0,0,0,101.7,119.30859375,19
1776807357.0147634,0.0,0,0,113.8,119.30859375,19
1776807358.084784,0.0,0,0,103.6,119.30859375,19
1776807362.2903166,0.0,0,0,97.3,119.30859375,19
1776807365.1817641,0.0,0,0,98.6,119.30859375,19
1776807367.9477406,0.0,0,0,101.6,119.30859375,19
1776807371.3738017,0.0,0,0,91.3,119.30859375,19
1776807373.2835975,0.0,0,0,100.1,119.3203125,19
1776807378.1102407,0.0,0,0,108.2,119.3203125,19
1776807383.7143428,0.0,0,0,96.2,119.3203125,19
1776807385.1544733,0.0,0,0,101.1,119.3203125,19
1776807388.9913452,0.0,0,0,96.3,119.3203125,19
1776807391.963868,0.0,0,0,105.5,119.3203125,19
1776807394.0130663,0.0,0,0,107.6,119.3203125,19
1776807398.6298707,0.0,0,0,95.2,119.3203125,19
1776807399.5908232,0.0,0,0,97.1,119.3203125,19
1776807404.8618243,0.0,0,0,107.8,119.3203125,19
1776807405.138841,0.0,0,0,105.1,119.3203125,19
1776807410.3776927,0.0,0,0,105.2,119.3203125,19
1776807411.50647,0.0,0,0,108.6,119.3203125,19
1776807415.828334,0.0,0,0,98.6,119.3203125,19
1776807418.646277,0.0,0,0,101.6,119.3203125,19
1776807421.280296,0.0,0,0,118.8,119.3203125,19
1776807425.440149,0.0,0,0,99.2,119.3203125,19
1776807426.624362,0.0,0,0,119.0,119.3203125,19
1776807431.9207551,0.0,0,0,98.5,119.3203125,19
1776807431.9756777,0.0,0,0,103.2,119.3203125,19
1776807436.913093,0.0,0,0,108.0,119.3203125,19
1776807438.0907364,0.0,0,0,91.7,119.3203125,19
1776807442.1557999,0.0,0,0,98.9,119.3203125,19
1776807444.9447155,0.0,0,0,93.5,119.3203125,19
1776807447.5363007,0.0,0,0,119.6,119.3203125,19
1776807451.9293234,0.0,0,0,95.7,119.3203125,19
1776807453.0843327,0.0,0,0,101.8,119.3203125,19
1776807458.3313606,0.0,0,0,149.4,119.3203125,19
1776807458.754237,0.0,0,0,107.8,119.3203125,19
1776807463.7893574,0.0,0,0,96.0,119.3203125,19
1776807466.0528257,0.0,0,0,102.5,119.3203125,19
1776807469.2118251,0.0,0,0,107.3,119.3203125,19
1776807472.5293403,0.0,0,0,108.9,119.3203125,19
1776807474.7880087,0.0,0,0,87.8,119.3203125,19
1776807478.708322,0.0,0,0,107.5,119.3203125,19
1776807479.9667711,0.0,0,0,89.6,119.3203125,19
1776807485.272789,0.0,0,0,105.2,119.3203125,19
1776807485.5850253,0.0,0,0,89.5,119.3203125,19
1776807490.3256469,0.0,0,0,105.2,119.3203125,19
1776807492.598796,0.0,0,0,103.2,119.3203125,19
1776807495.6002584,0.0,0,0,98.4,119.3203125,19
1776807498.9938405,0.0,0,0,96.0,119.3203125,19
1776807500.5692472,0.0,0,0,99.3,119.3203125,19
1776807505.5128186,0.0,0,0,98.6,119.3203125,19
1776807506.227681,0.0,0,0,96.7,119.3203125,19
1776807511.7582464,0.0,0,0,105.2,119.3203125,19
1776807512.2070158,0.0,0,0,275.7,119.3203125,19
1776807517.4189959,0.0,0,0,103.1,119.3203125,19
1776807519.0285423,0.0,0,0,112.6,119.3203125,19
1776807522.386349,0.0,0,0,85.9,119.3203125,19
1776807525.7369652,0.0,0,0,98.9,119.3203125,19
1776807527.67037,0.0,0,0,92.7,119.3203125,19
1776807532.2042985,0.0,0,0,107.8,119.3203125,19
1776807532.8587952,0.0,0,0,105.7,119.3203125,19
1776807537.9578164,0.0,0,0,92.2,119.3203125,19
1776807539.1268694,0.0,0,0,106.5,119.3203125,19
1776807543.291467,0.0,0,0,93.6,119.3203125,19
1776807546.749906,0.0,0,0,100.3,119.3203125,19
1776807548.2337558,0.0,0,0,110.3,119.3203125,19
1776807553.326712,0.0,0,0,104.8,119.3203125,19
1776807553.6218767,0.0,0,0,105.7,119.3203125,19
1776807558.7023158,0.0,0,0,105.2,119.3203125,19
1776807560.81629,0.0,0,0,78.7,119.3203125,19
1776807564.2958674,0.0,0,0,106.0,119.3203125,19
1776807567.4613628,0.0,0,0,100.6,119.3203125,19
1776807569.6484957,0.0,0,0,93.0,119.3359375,19
1776807574.0977845,0.0,0,0,103.2,119.3359375,19
1776807575.2557588,0.0,0,0,113.8,119.3359375,19
1776807580.5428538,0.0,0,0,91.6,119.3359375,19
1776807580.8736231,0.0,0,0,103.5,119.3359375,19
1776807586.1432476,0.0,0,0,98.5,119.3359375,19
1776807588.0238454,0.0,0,0,96.0,119.3359375,19
1776807591.577366,0.0,0,0,99.9,119.3359375,19
1776807595.0360606,0.0,0,0,101.7,119.33984375,19
1776807596.713779,0.0,0,0,109.0,119.3671875,19
1776807601.4020817,0.0,0,0,121.6,119.3671875,19
1776807602.2701986,0.0,0,0,99.1,119.3671875,19
1776807607.4044323,0.0,0,0,97.7,119.4296875,19
1776807608.2572367,0.0,0,0,101.6,119.4296875,19
1776807612.6617563,0.0,0,0,97.7,119.4296875,19
1776807614.2353618,0.0,0,0,105.0,119.4296875,19
1776807617.9187088,0.0,0,0,104.6,119.4296875,19
1776807620.9887714,0.0,0,0,105.1,119.4296875,19
1776807623.1753142,0.0,0,0,101.2,119.4296875,19
1776807627.7201877,0.0,0,0,101.6,119.4296875,19
1776807628.5202024,0.0,0,0,116.6,119.4296875,19
1776807634.1973794,0.0,0,0,98.7,119.4296875,19
1776807634.7217119,0.0,0,0,96.0,119.4296875,19
1776807639.520292,0.0,0,0,94.7,119.4296875,19
1776807641.6694784,0.0,0,0,97.7,119.4296875,19
1776807644.7143576,0.0,0,0,106.4,119.4296875,19
1776807648.6208081,0.0,0,0,153.5,119.4296875,19
1776807650.1003516,0.0,0,0,89.0,119.4296875,19
1776807655.5450032,0.0,0,0,99.8,119.4296875,19
1776807655.7524939,0.0,0,0,97.9,119.4296875,19
1776807661.0791197,0.0,0,0,84.2,119.43359375,19
1776807662.6038938,0.0,0,0,154.6,119.43359375,19
1776807666.368901,0.0,0,0,103.3,119.44921875,19
1776807668.9466565,0.0,0,0,91.2,119.44921875,19
1776807671.346245,0.0,0,0,81.9,119.44921875,19
1776807675.4868252,0.0,0,0,106.4,119.453125,19
1776807676.497044,0.0,0,0,98.6,119.453125,19
1776807681.7073612,0.0,0,0,107.1,119.4765625,19
1776807682.2340326,0.0,0,0,78.2,119.4765625,19
1776807687.1277766,0.0,0,0,94.6,119.4765625,19
1776807688.4587023,0.0,0,0,97.9,119.4765625,19
1776807692.1285453,0.0,0,0,118.0,119.4765625,19
1776807695.4790072,0.0,0,0,127.3,119.4765625,19
1776807697.3739123,0.0,0,0,96.3,119.4921875,19
1776807702.3855562,0.0,0,0,101.3,119.4921875,19
1776807702.5946221,0.0,0,0,114.8,119.4921875,19
1776807708.1547654,0.0,0,0,104.3,119.4921875,19
1776807708.574079,0.0,0,0,98.9,119.4921875,19
1776807713.6522782,0.0,0,0,108.7,119.5546875,19
1776807715.3540077,0.0,0,0,103.9,119.5546875,19
1776807718.7208164,0.0,0,0,96.3,119.5546875,19
1776807721.9634,0.0,0,0,101.5,119.5546875,19
1776807723.8692546,0.0,0,0,91.8,119.5546875,19
1776807728.6984584,0.0,0,0,98.2,119.5546875,19
1776807728.9842813,0.0,0,0,88.5,119.5546875,19
1776807734.2252784,0.0,0,0,102.9,119.5546875,19
1776807734.981194,0.0,0,0,103.7,119.5546875,19
1776807739.424306,0.0,0,0,103.3,119.5546875,19
1776807740.9502199,0.0,0,0,92.5,119.5546875,19
1776807744.4174247,0.0,0,0,105.2,119.5546875,19
1776807747.1592748,0.0,0,0,102.5,119.5546875,19
1776807749.5627806,0.0,0,0,102.1,119.5546875,19
1776807754.5482485,0.0,0,0,91.0,119.5546875,19
1776807754.982288,0.0,0,0,98.1,119.5546875,19
1776807760.3547955,0.0,0,0,97.3,119.5546875,19
1776807761.2042856,0.0,0,0,103.0,119.5546875,19
1776807765.7957907,0.0,0,0,96.0,119.5546875,19
1776807767.872401,0.0,0,0,94.7,119.5703125,19
1776807771.0243032,0.0,0,0,107.1,119.5703125,19
1776807774.3700566,0.0,0,0,94.2,119.5703125,19
1776807776.7682378,0.0,0,0,103.0,119.5703125,19
1776807780.9992402,0.0,0,0,89.2,119.5703125,19
1776807781.993868,0.0,0,0,93.6,119.57421875,19
1776807787.179872,0.0,0,0,98.9,119.6015625,19
1776807787.3730946,0.0,0,0,104.3,119.6015625,19
1776807792.3842518,0.0,0,0,95.0,119.6171875,19
1776807793.79243,0.0,0,0,122.2,119.6171875,19
1776807797.6362908,0.0,0,0,90.9,119.6171875,19
1776807800.1585774,0.0,0,0,93.8,119.6796875,19
1776807802.8836865,0.0,0,0,97.6,119.6796875,19
1776807806.9236085,0.0,0,0,143.9,119.6796875,19
1776807808.2587855,0.0,0,0,92.1,119.6796875,19
1776807813.2775502,0.0,0,0,114.5,119.6796875,19
1776807813.6940515,0.0,0,0,94.4,119.6796875,19
1776807818.7212677,0.0,0,0,89.2,119.6796875,19
1776807820.1743917,0.0,0,0,103.7,119.6796875,19
1776807823.9442174,0.0,0,0,103.0,119.6796875,19
1776807827.0587597,0.0,0,0,107.3,119.6796875,19
1776807828.87359,0.0,0,0,140.9,119.6796875,19
1776807833.7248733,0.0,0,0,95.4,119.6796875,19
1776807834.3025925,0.0,0,0,102.7,119.6796875,19
1776807839.4797385,0.0,0,0,82.6,119.6796875,19
1776807840.8957348,0.0,0,0,95.9,119.6796875,19
1776807844.6215072,0.0,0,0,96.1,119.6796875,19
1776807847.826247,0.0,0,0,104.1,119.7421875,19
1776807850.0551898,0.0,0,0,101.4,119.7421875,19
1776807854.7522457,0.0,0,0,101.4,119.7421875,19
1776807855.7390752,0.0,0,0,97.2,119.7421875,19
1776807861.1624825,0.0,0,0,100.8,119.7421875,19
1776807861.3582718,0.0,0,0,96.1,119.7421875,19
1776807866.1921825,0.0,0,0,103.3,119.7421875,19
1776807867.05279,0.0,0,0,109.8,119.7421875,19
1776807871.2718766,0.0,0,0,107.9,119.7421875,19
1776807874.202444,0.0,0,0,99.7,119.7421875,19
1776807876.8532248,0.0,0,0,99.5,119.7421875,19
1776807881.1098537,0.0,0,0,95.9,119.7421875,19
1776807881.8246717,0.0,0,0,101.7,119.7421875,19
1776807887.2826147,0.0,0,0,99.1,119.7421875,19
1776807888.3682137,0.0,0,0,128.9,119.7421875,19
1776807892.7138917,0.0,0,0,106.7,119.7421875,19
1776807894.5839114,0.0,0,0,95.2,119.7421875,19
1776807897.7652621,0.0,0,0,105.0,119.7421875,19
1776807901.113896,0.0,0,0,95.1,119.7421875,19
1776807902.9178896,0.0,0,0,92.4,119.7421875,19
1776807907.9482331,0.0,0,0,107.9,119.7421875,19
1776807908.1237738,0.0,0,0,98.6,119.7421875,19
1776807913.2220821,0.0,0,0,103.4,119.8046875,19
1776807914.6937547,0.0,0,0,97.3,119.8046875,19
1776807918.7683973,0.0,0,0,107.9,119.8046875,19
1776807921.537511,0.0,0,0,100.4,119.8046875,19
1776807924.3393083,0.0,0,0,95.6,119.8046875,19
1776807928.4002385,0.0,0,0,99.2,119.8046875,19
1776807929.9318924,0.0,0,0,97.4,119.8046875,19
1776807935.003754,0.0,0,0,99.7,119.8046875,19
1776807935.195306,0.0,0,0,103.6,119.8046875,19
1776807940.4093359,0.0,0,0,101.5,119.8046875,19
1776807941.6977623,0.0,0,0,103.3,119.8046875,19
1776807945.985764,0.0,0,0,101.4,119.8046875,19
1776807948.676282,0.0,0,0,103.0,119.8046875,19
1776807951.002747,0.0,0,0,89.7,119.8671875,19
1776807954.8836334,0.0,0,0,106.2,119.8671875,19
1776807956.3257437,0.0,0,0,99.5,119.8671875,19
1776807961.5516129,0.0,0,0,100.9,119.8671875,19
1776807961.7958567,0.0,0,0,99.5,119.8671875,19
1776807966.7176602,0.0,0,0,95.4,119.8671875,19
1776807969.1023219,0.0,0,0,103.0,119.8671875,19
1776807972.3853006,0.0,0,0,93.7,119.8671875,19
1776807976.2617946,0.0,0,0,100.9,119.8671875,19
1776807977.5417957,0.0,0,0,103.6,119.8671875,19
1776807982.7422888,0.0,0,0,103.3,119.8671875,19
1776807983.4858599,0.0,0,0,103.1,119.8671875,19
1776807987.9178743,0.0,0,0,94.5,119.8671875,19
1776807990.192342,0.0,0,0,99.6,119.8671875,19
1776807993.548302,0.0,0,0,129.2,119.8671875,19
1776807996.8681972,0.0,0,0,101.1,119.8671875,19
1776807998.8472905,0.0,0,0,98.7,119.9296875,19
1776808003.3668897,0.0,0,0,95.6,119.9296875,19
1776808003.923223,0.0,0,0,103.6,119.9296875,19
1776808009.3123348,0.0,0,0,104.3,119.9296875,19
1776808010.308276,0.0,0,0,101.8,119.9296875,19
1776808014.5824356,0.0,0,0,99.5,119.9296875,19
1776808016.671526,0.0,0,0,103.9,119.9296875,19
1776808019.8448715,0.0,0,0,95.5,119.9296875,19
1776808023.2919137,0.0,0,0,108.1,119.9296875,19
1776808025.177715,0.0,0,0,95.1,119.9296875,19
1776808029.4038093,0.0,0,0,94.1,119.9296875,19
1776808030.1662164,0.0,0,0,106.1,119.9296875,19
1776808035.1943998,0.0,0,0,105.1,119.9296875,19
1776808035.8835297,0.0,0,0,123.4,119.9296875,19
1776808040.568367,0.0,0,0,90.6,119.9296875,19
1776808041.707863,0.0,0,0,152.3,119.9296875,19
1776808045.9102728,0.0,0,0,97.2,119.9296875,19
1776808048.45281,0.0,0,0,98.6,119.9296875,19
1776808051.1151829,0.0,0,0,103.1,119.9921875,19
1776808055.2268465,0.0,0,0,103.2,119.9921875,19
1776808056.184242,0.0,0,0,99.9,119.9921875,19
1776808061.5962641,0.0,0,0,93.9,119.9921875,19
1776808061.3043303,0.0,0,0,103.5,119.9921875,19
1776808066.4045393,0.0,0,0,105.0,119.9921875,19
1776808067.963339,0.0,0,0,104.9,119.9921875,19
1776808071.6163766,0.0,0,0,99.0,119.9921875,19
1776808074.7143254,0.0,0,0,104.4,119.9921875,19
1776808076.9818022,0.0,0,0,102.8,119.9921875,19
1776808081.680502,0.0,0,0,146.0,119.9921875,19
1776808081.9802644,0.0,0,0,101.4,119.9921875,19
1776808087.5165703,0.0,0,0,100.6,119.9921875,19
1776808088.2083373,0.0,0,0,95.5,119.9921875,19
1776808093.0082247,0.0,0,0,99.9,119.9921875,19
1776808094.8484223,0.0,0,0,106.2,119.9921875,19
1776808098.197861,0.0,0,0,94.7,119.9921875,19
1776808101.0528452,0.0,0,0,115.6,119.9921875,19
1776808103.3973124,0.0,0,0,95.2,120.0546875,19
1776808107.937279,0.0,0,0,103.6,120.0546875,19
1776808108.5297685,0.0,0,0,93.1,120.0546875,19
1776808113.8807797,0.0,0,0,143.7,120.0546875,19
1776808114.9570968,0.0,0,0,109.2,120.0546875,19
1776808119.2737114,0.0,0,0,103.6,120.0546875,19
1776808121.6814985,0.0,0,0,98.2,120.0546875,19
1776808124.4539213,0.0,0,0,100.4,120.0546875,19
1776808128.2982497,0.0,0,0,99.1,120.0546875,19
1776808129.9487226,0.0,0,0,96.6,120.0546875,19
1776808134.9834368,0.0,0,0,91.5,120.0546875,19
1776808135.1097448,0.0,0,0,99.3,120.0546875,19
1776808140.1892538,0.0,0,0,104.2,120.0546875,19
1776808141.5458066,0.0,0,0,104.8,120.0546875,19
1776808145.285893,0.0,0,0,93.2,120.0625,19
1776808147.9467318,0.0,0,0,104.0,120.0703125,19
1776808150.9028563,0.0,0,0,116.7,120.0703125,19
1776808154.6359158,0.0,0,0,103.6,120.0703125,19
1776808156.4962835,0.0,0,0,102.1,120.0859375,19
1776808161.2821596,0.0,0,0,108.8,120.0859375,19
1776808161.5967379,0.0,0,0,100.7,120.0859375,19
1776808166.8224473,0.0,0,0,112.8,120.0859375,19
1776808168.4642475,0.0,0,0,96.4,120.0859375,19
1776808172.4483724,0.0,0,0,95.7,120.09375,19
1776808174.9163008,0.0,0,0,104.4,120.09375,19
1776808177.4882944,0.0,0,0,95.4,120.109375,19
1776808181.7602565,0.0,0,0,90.9,120.1171875,19
1776808182.8528528,0.0,0,0,102.8,120.1171875,19
1776808188.104382,0.0,0,0,109.1,120.1328125,19
1776808188.9430878,0.0,0,0,103.1,120.1328125,19
1776808193.4047644,0.0,0,0,103.9,120.1328125,19
1776808195.4824905,0.0,0,0,97.1,120.1328125,19
1776808198.8642893,0.0,0,0,102.1,120.1328125,19
1776808202.0698082,0.0,0,0,104.6,120.1328125,19
1776808204.1282988,0.0,0,0,100.9,120.1328125,19
1776808208.9203799,0.0,0,0,86.7,120.1328125,19
1776808209.3562922,0.0,0,0,138.6,120.1328125,19
1776808214.6307604,0.0,0,0,103.2,120.15234375,19
1776808215.4782834,0.0,0,0,99.4,120.15234375,19
1776808219.8334434,0.0,0,0,112.2,120.171875,19
1776808221.9253106,0.0,0,0,95.2,120.171875,19
1776808225.3283556,0.0,0,0,99.3,120.18359375,19
1776808228.359769,0.0,0,0,91.9,120.18359375,19
1776808230.6183069,0.0,0,0,95.0,120.18359375,19
1776808234.6097548,0.0,0,0,89.0,120.18359375,19
1776808235.9645855,0.0,0,0,97.9,120.18359375,19
1776808241.067793,0.0,0,0,92.3,120.18359375,19
1776808241.37529,0.0,0,0,101.1,120.18359375,19
1776808246.362731,0.0,0,0,85.1,120.18359375,19
1776808247.4607627,0.0,0,0,101.5,120.18359375,19
1776808251.5347269,0.0,0,0,99.9,120.18359375,19
1776808253.9522593,0.0,0,0,90.2,120.18359375,19
1776808256.6974947,0.0,0,0,96.5,120.24609375,19
1776808260.1749713,0.0,0,0,98.9,120.24609375,19
1776808262.0793693,0.0,0,0,116.3,120.24609375,19
1776808266.996199,0.0,0,0,102.9,120.24609375,19
1776808267.4972079,0.0,0,0,91.6,120.24609375,19
1776808272.864256,0.0,0,0,93.2,120.25,19
1776808273.7607987,0.0,0,0,120.4,120.25,19
1776808278.455313,0.0,0,0,93.2,120.25,19
1776808280.0067391,0.0,0,0,94.7,120.25,19
1776808283.8228202,0.0,0,0,96.8,120.25,19
1776808287.3233547,0.0,0,0,101.4,120.25,19
1776808289.216751,0.0,0,0,98.0,120.25,19
1776808293.581876,0.0,0,0,93.3,120.25,19
1776808294.5234008,0.0,0,0,95.3,120.25,19
1776808299.7344277,0.0,0,0,95.3,120.25,19
1776808300.2528796,0.0,0,0,99.6,120.25,19
1776808304.945276,0.0,0,0,108.8,120.25,19
1776808307.0388315,0.0,0,0,101.1,120.25,19
1776808309.988294,0.0,0,0,97.6,120.25,19
1776808313.5563047,0.0,0,0,101.6,120.25,19
1776808315.5018702,0.0,0,0,99.8,120.25,19
1776808319.9482987,0.0,0,0,104.8,120.25,19
1776808320.955836,0.0,0,0,102.3,120.25,19
1776808326.2887483,0.0,0,0,100.2,120.25,19
1776808327.1061852,0.0,0,0,111.9,120.25,19
1776808331.6717753,0.0,0,0,92.0,120.25,19
1776808333.5593138,0.0,0,0,98.3,120.25,19
1776808337.0404778,0.0,0,0,108.7,120.25,19
1776808340.539514,0.0,0,0,99.6,120.25,19
1776808342.5738847,0.0,0,0,94.3,120.25,19
1776808347.0444994,0.0,0,0,100.1,120.25,19
1776808347.7952654,0.0,0,0,100.3,120.25,19
1776808353.1402423,0.0,0,0,89.8,120.25,19
1776808354.0772793,0.0,0,0,97.8,120.25,19
1776808358.956239,0.0,0,0,103.1,120.25,19
1776808361.0047581,0.0,0,0,110.4,120.25,19
1776808363.9077811,0.0,0,0,118.6,120.25,19
1776808367.2783186,0.0,0,0,97.6,120.25,19
1776808369.0266194,0.0,0,0,105.0,120.25,19
1776808373.799833,0.0,0,0,100.4,120.25,19
1776808374.1710384,0.0,0,0,88.7,120.25,19
1776808379.7283037,0.0,0,0,105.9,120.25,19
1776808380.4271686,0.0,0,0,94.3,120.25,19
1776808384.8399527,0.0,0,0,94.2,120.25,19
1776808387.0632179,0.0,0,0,95.3,120.25,19
1776808390.1715155,0.0,0,0,107.8,120.25,19
1776808393.51232,0.0,0,0,102.2,120.25,19
1776808395.2728086,0.0,0,0,112.7,120.25,19
1776808400.0857399,0.0,0,0,93.1,120.25,19
1776808400.7971318,0.0,0,0,104.3,120.25,19
1776808406.1942413,0.0,0,0,98.4,120.25,19
1776808406.616739,0.0,0,0,98.6,120.25,19
1776808411.3472593,0.0,0,0,91.1,120.25,19
1776808413.2243187,0.0,0,0,106.7,120.25,19
1776808416.5410688,0.0,0,0,116.4,120.25,19
1776808419.514773,0.0,0,0,99.1,120.25,19
1776808421.7098029,0.0,0,0,97.7,120.25,19
1776808426.0597386,0.0,0,0,120.4,120.25,19
1776808426.855472,0.0,0,0,98.5,120.25,19
1776808432.3742487,0.0,0,0,103.3,120.25,19
1776808432.560202,0.0,0,0,103.2,120.25,19
1776808437.7018151,0.0,0,0,105.8,120.25,19
1776808438.7622912,0.0,0,0,92.6,120.25,19
1776808443.125819,0.0,0,0,89.8,120.25,19
1776808445.448679,0.0,0,0,100.4,120.25,19
1776808448.1926327,0.0,0,0,108.6,120.25,19
1776808451.9522872,0.0,0,0,101.3,120.25,19
1776808453.732029,0.0,0,0,100.9,120.25,19
1776808458.2769241,0.0,0,0,120.0,120.25,19
1776808459.020742,0.0,0,0,97.3,120.25,19
1776808464.2178223,0.0,0,0,104.5,120.25,19
1776808464.978278,0.0,0,0,101.2,120.25,19
1776808469.565731,0.0,0,0,88.9,120.25,19
1776808471.2353585,0.0,0,0,112.8,120.25,19
1776808474.960784,0.0,0,0,97.5,120.25,19
1776808477.7868068,0.0,0,0,95.0,120.25,19
1776808480.2635386,0.0,0,0,108.1,120.25,19
1776808484.6202974,0.0,0,0,102.8,120.25,19
1776808485.8911836,0.0,0,0,100.3,120.25,19
1776808490.8303835,0.0,0,0,90.0,120.25,19
1776808491.1237233,0.0,0,0,91.5,120.25,19
1776808496.205163,0.0,0,0,107.1,120.3125,19
1776808498.0218072,0.0,0,0,97.3,120.3125,19
1776808501.4362748,0.0,0,0,93.9,120.3125,19
1776808504.477287,0.0,0,0,142.9,120.3125,19
1776808506.7092648,0.0,0,0,99.0,120.3125,19
1776808511.7128336,0.0,0,0,101.3,120.3125,19
1776808511.9723778,0.0,0,0,86.8,120.3125,19
1776808517.176191,0.0,0,0,96.4,120.3125,19
1776808518.4922888,0.0,0,0,101.1,120.3125,19
1776808522.5644312,0.0,0,0,99.9,120.3125,19
1776808524.8068523,0.0,0,0,100.7,120.3125,19
1776808527.7433012,0.0,0,0,92.8,120.3125,19
1776808531.331433,0.0,0,0,100.3,120.328125,19
1776808533.1503124,0.0,0,0,95.9,120.328125,19
1776808537.543547,0.0,0,0,107.4,120.328125,19
1776808538.6244113,0.0,0,0,81.9,120.328125,19
1776808544.051916,0.0,0,0,107.1,120.33203125,19
1776808544.341256,0.0,0,0,96.1,120.33203125,19
1776808549.1239035,0.0,0,0,101.3,120.34375,19
1776808550.385271,0.0,0,0,107.0,120.34375,19
1776808554.366091,0.0,0,0,99.2,120.359375,19
1776808556.979233,0.0,0,0,105.2,120.359375,19
1776808559.6838403,0.0,0,0,100.1,120.359375,19
1776808563.3073473,0.0,0,0,92.0,120.359375,19
1776808564.8095007,0.0,0,0,100.3,120.359375,19
1776808569.792366,0.0,0,0,106.2,120.359375,19
1776808570.1178186,0.0,0,0,102.6,120.359375,19
1776808575.4854884,0.0,0,0,104.3,120.359375,19
1776808576.4577644,0.0,0,0,95.5,120.359375,19
1776808580.784385,0.0,0,0,91.2,120.375,19
1776808582.6982923,0.0,0,0,101.5,120.375,19
1776808586.1251092,0.0,0,0,102.6,120.375,19
1776808588.958796,0.0,0,0,105.2,120.375,19
1776808591.337243,0.0,0,0,89.2,120.4375,19
1776808595.8197944,0.0,0,0,98.7,120.4375,19
1776808596.6962683,0.0,0,0,94.2,120.4375,19
1776808601.9758036,0.0,0,0,104.9,120.4375,19
1776808603.0429688,0.0,0,0,104.0,120.4375,19
1776808607.1012518,0.0,0,0,105.2,120.4375,19
1776808609.4146986,0.0,0,0,100.6,120.4375,19
1776808612.2829266,0.0,0,0,99.3,120.4375,19
1776808616.1302958,0.0,0,0,101.8,120.4375,19
1776808617.4937809,0.0,0,0,94.1,120.4375,19
1776808622.6792796,0.0,0,0,100.2,120.4375,19
1776808622.9571517,0.0,0,0,89.1,120.4375,19
1776808628.4546852,0.0,0,0,100.5,120.4375,19
1776808629.1142588,0.0,0,0,100.4,120.4375,19
1776808633.6724145,0.0,0,0,98.6,120.4375,19
1776808636.1829894,0.0,0,0,101.3,120.4375,19
1776808638.8223174,0.0,0,0,100.6,120.4375,19
1776808642.7302601,0.0,0,0,96.6,120.4375,19
1776808643.7982326,0.0,0,0,100.1,120.44140625,19
1776808649.2744937,0.0,0,0,103.4,120.44140625,19
1776808649.149206,0.0,0,0,103.8,120.44140625,19
1776808654.8489053,0.0,0,0,113.3,120.44140625,19
1776808655.8672612,0.0,0,0,97.9,120.44140625,19
1776808659.7567148,0.0,0,0,154.4,120.46875,19
1776808662.0545168,0.0,0,0,86.1,120.46875,19
1776808665.2267716,0.0,0,0,92.9,120.46875,19
1776808668.4622457,0.0,0,0,100.1,120.46875,19
1776808670.7098129,0.0,0,0,105.2,120.46875,19
1776808674.717436,0.0,0,0,106.7,120.47265625,19
1776808675.8336165,0.0,0,0,90.5,120.47265625,19
1776808680.9790504,0.0,0,0,108.0,120.47265625,19
1776808681.203319,0.0,0,0,101.3,120.47265625,19
1776808686.5110877,0.0,0,0,101.7,120.47265625,19
1776808687.817773,0.0,0,0,106.7,120.47265625,19
1776808691.8910053,0.0,0,0,84.5,120.4765625,19
1776808694.5198064,0.0,0,0,106.1,120.4765625,19
1776808697.1632674,0.0,0,0,99.5,120.48046875,19
1776808701.3607564,0.0,0,0,92.0,120.48046875,19
1776808702.5661325,0.0,0,0,102.8,120.484375,19
1776808707.5209956,0.0,0,0,91.0,120.48828125,19
1776808707.8767917,0.0,0,0,105.7,120.48828125,19
1776808713.181728,0.0,0,0,100.0,120.48828125,19
1776808714.1174812,0.0,0,0,96.4,120.48828125,19
1776808718.3799,0.0,0,0,99.9,120.49609375,19
1776808720.6587443,0.0,0,0,95.1,120.5,19
1776808723.6666641,0.0,0,0,95.9,120.5078125,19
1776808727.280336,0.0,0,0,101.3,120.5078125,19
1776808728.9002829,0.0,0,0,126.9,120.52734375,19
1776808733.8355875,0.0,0,0,101.7,120.52734375,19
1776808734.26223,0.0,0,0,104.5,120.52734375,19
1776808739.640449,0.0,0,0,101.8,120.53125,19
1776808740.4862194,0.0,0,0,90.0,120.53125,19
1776808744.8862736,0.0,0,0,98.8,120.5390625,19
1776808747.0297515,0.0,0,0,147.8,120.5390625,19
1776808750.1797724,0.0,0,0,94.5,120.54296875,19
1776808753.2791128,0.0,0,0,90.3,120.54296875,19
1776808755.3133323,0.0,0,0,95.5,120.55078125,19
1776808759.9798038,0.0,0,0,105.8,120.55078125,19
1776808760.4538863,0.0,0,0,102.0,120.55078125,19
1776808765.4701164,0.0,0,0,100.9,120.55078125,19
1776808766.9122932,0.0,0,0,102.4,120.55078125,19
1776808770.6996987,0.0,0,0,88.9,120.625,19
1776808773.5703268,0.0,0,0,101.4,120.625,19
1776808776.057764,0.0,0,0,103.2,120.625,19
1776808780.2227845,0.0,0,0,95.8,120.625,19
1776808781.163299,0.0,0,0,108.4,120.625,19
1776808786.2826667,0.0,0,0,103.8,120.625,19
1776808786.7307346,0.0,0,0,107.7,120.625,19
1776808791.414976,0.0,0,0,93.4,120.625,19
1776808793.3967476,0.0,0,0,103.2,120.625,19
1776808796.6347427,0.0,0,0,93.1,120.625,19
1776808800.1792283,0.0,0,0,107.1,120.625,19
1776808802.1681395,0.0,0,0,108.9,120.625,19
1776808806.757349,0.0,0,0,99.4,120.625,19
1776808807.677024,0.0,0,0,108.8,120.625,19
1776808812.7857692,0.0,0,0,101.4,120.625,19
1776808813.898784,0.0,0,0,95.4,120.625,19
1776808817.977917,0.0,0,0,108.4,120.625,19
1776808820.7969146,0.0,0,0,96.4,120.625,19
1776808823.0900316,0.0,0,0,102.5,120.6875,19
1776808827.6453297,0.0,0,0,99.8,120.6875,19
1776808828.2364974,0.0,0,0,101.1,120.6875,19
1776808833.8157647,0.0,0,0,98.1,120.6875,19
1776808833.674803,0.0,0,0,93.2,120.6875,19
1776808838.9137652,0.0,0,0,100.0,120.6875,19
1776808840.361818,0.0,0,0,105.0,120.6875,19
1776808844.2165945,0.0,0,0,99.7,120.6875,19
1776808847.042751,0.0,0,0,100.7,120.6875,19
1776808849.2557673,0.0,0,0,89.3,120.6875,19
1776808853.6893644,0.0,0,0,101.3,120.6875,19
1776808854.244693,0.0,0,0,100.5,120.6875,19
1776808859.4982738,0.0,0,0,99.7,120.6875,19
1776808860.275727,0.0,0,0,77.8,120.6875,19
1776808864.798796,0.0,0,0,103.4,120.6875,19
1776808866.2244287,0.0,0,0,97.8,120.6875,19
1776808870.2667632,0.0,0,0,98.3,120.6875,19
1776808872.9850771,0.0,0,0,94.2,120.6875,19
1776808875.5834868,0.0,0,0,101.0,120.6875,19
1776808879.5492613,0.0,0,0,117.1,120.75,19
1776808881.0321546,0.0,0,0,85.9,120.75,19
1776808886.240761,0.0,0,0,91.5,120.75,19
1776808886.694245,0.0,0,0,96.1,120.75,19
1776808891.6438649,0.0,0,0,199.5,120.75,19
1776808893.0703888,0.0,0,0,103.2,120.75,19
1776808897.1168075,0.0,0,0,98.5,120.75,19
1776808899.4855998,0.0,0,0,100.6,120.75,19
1776808902.1284096,0.0,0,0,99.6,120.75,19
1776808906.1653156,0.0,0,0,109.0,120.75,19
1776808907.3459084,0.0,0,0,99.4,120.75,19
1776808912.4471064,0.0,0,0,100.3,120.75,19
1776808912.9452837,0.0,0,0,95.7,120.75,19
1776808917.6002517,0.0,0,0,97.6,120.75,19
1776808919.511727,0.0,0,0,92.0,120.75,19
1776808922.6928973,0.0,0,0,91.0,120.75,19
1776808925.8752003,0.0,0,0,91.7,120.75,19
1776808928.015311,0.0,0,0,95.2,120.78125,19
1776808932.2943444,0.0,0,0,103.9,120.78125,19
1776808933.1432786,0.0,0,0,92.9,120.78125,19
1776808938.1890364,0.0,0,0,99.3,120.78125,19
1776808938.6782792,0.0,0,0,89.1,120.78125,19
1776808943.4412746,0.0,0,0,107.5,120.78125,19
1776808944.489491,0.0,0,0,107.8,120.78125,19
1776808948.7733095,0.0,0,0,110.9,120.78125,19
1776808951.0527809,0.0,0,0,110.3,120.78125,19
1776808954.0073993,0.0,0,0,118.2,120.78125,19
1776808957.3602724,0.0,0,0,106.6,120.78125,19
1776808959.1549184,0.0,0,0,101.4,120.78515625,19
1776808964.2743158,0.0,0,0,109.3,120.78515625,19
1776808964.8824916,0.0,0,0,98.6,120.78515625,19
1776808970.214263,0.0,0,0,87.1,120.8125,19
1776808971.426253,0.0,0,0,98.9,120.8125,19
1776808975.6298203,0.0,0,0,100.5,120.875,19
1776808977.7376215,0.0,0,0,102.9,120.875,19
1776808981.159296,0.0,0,0,102.4,120.875,19
1776808984.0268211,0.0,0,0,92.5,120.875,19
1776808986.6655827,0.0,0,0,100.6,120.875,19
1776808991.0098546,0.0,0,0,102.5,120.875,19
1776808992.086367,0.0,0,0,98.2,120.875,19
1776808997.5098283,0.0,0,0,101.8,120.875,19
1776808997.528046,0.0,0,0,100.8,120.875,19
1776809002.8269143,0.0,0,0,101.5,120.875,19
1776809004.6082509,0.0,0,0,93.6,120.875,19
1776809007.9682672,0.0,0,0,102.6,120.875,19
1776809011.1018147,0.0,0,0,96.9,120.875,19
1776809013.206236,0.0,0,0,102.1,120.875,19
1776809017.4814477,0.0,0,0,101.9,120.875,19
1776809018.3974874,0.0,0,0,97.7,120.875,19
1776809023.7067714,0.0,0,0,96.4,120.875,19
1776809024.466398,0.0,0,0,105.4,120.875,19
1776809028.7057633,0.0,0,0,91.0,120.875,19
1776809030.69428,0.0,0,0,96.8,120.875,19
1776809034.078204,0.0,0,0,99.6,120.9375,19
1776809037.612878,0.0,0,0,104.0,120.9375,19
1776809039.2783475,0.0,0,0,144.8,120.9375,19
1776809044.3102639,0.0,0,0,89.8,120.9375,19
1776809044.4053564,0.0,0,0,75.2,120.9375,19
1776809049.4379556,0.0,0,0,91.0,120.9375,19
1776809050.7350395,0.0,0,0,100.4,120.9375,19
1776809054.5489554,0.0,0,0,106.0,120.9375,19
1776809057.5507689,0.0,0,0,95.8,120.9375,19
1776809060.2461107,0.0,0,0,107.4,120.9375,19
1776809064.5403895,0.0,0,0,100.3,120.9375,19
1776809065.6269438,0.0,0,0,106.2,120.9375,19
1776809071.0277412,0.0,0,0,89.4,120.9375,19
1776809071.3632905,0.0,0,0,106.2,120.9375,19
1776809076.316278,0.0,0,0,90.9,120.9375,19
1776809078.0057373,0.0,0,0,107.4,120.9375,19
1776809081.5418105,0.0,0,0,101.4,121.0,19
1776809084.2972429,0.0,0,0,99.4,121.0,19
1776809086.7412772,0.0,0,0,92.5,121.0,19
1776809090.7417564,0.0,0,0,101.3,121.0,19
1776809092.0034685,0.0,0,0,101.1,121.0,19
1776809097.1007888,0.0,0,0,102.3,121.0,19
1776809096.912321,0.0,0,0,94.6,121.0,19
1776809102.2849202,0.0,0,0,107.8,121.0,19
1776809102.9844708,0.0,0,0,95.4,121.0,19
1776809107.2802587,0.0,0,0,106.3,121.0,19
1776809109.6707914,0.0,0,0,105.7,121.0,19
1776809112.7718308,0.0,0,0,102.4,121.0,19
1776809116.6257894,0.0,0,0,102.4,121.0,19
1776809117.8623314,0.0,0,0,91.6,121.0,19
1776809122.9765108,0.0,0,0,136.7,121.0,19
1776809123.407271,0.0,0,0,100.2,121.0,19
1776809128.5388405,0.0,0,0,91.9,121.0,19
1776809130.0922582,0.0,0,0,120.7,121.0,19
1776809134.0004995,0.0,0,0,94.6,121.01953125,19
1776809136.8069701,0.0,0,0,102.8,121.01953125,19
1776809139.0462692,0.0,0,0,96.4,121.03515625,19
1776809143.2587955,0.0,0,0,101.2,121.03515625,19
1776809144.244644,0.0,0,0,166.3,121.03515625,19
1776809149.6163347,0.0,0,0,109.2,121.05078125,19
1776809149.452883,0.0,0,0,108.2,121.05078125,19
1776809154.9672601,0.0,0,0,96.8,121.05078125,19
1776809156.0887473,0.0,0,0,98.5,121.05078125,19
1776809159.9579344,0.0,0,0,108.5,121.05078125,19
1776809162.645256,0.0,0,0,103.1,121.05078125,19
1776809165.4591727,0.0,0,0,107.8,121.05078125,19
1776809169.7065334,0.0,0,0,99.1,121.05078125,19
1776809170.9313192,0.0,0,0,101.8,121.0546875,19
1776809175.9498284,0.0,0,0,105.6,121.0546875,19
1776809176.2027438,0.0,0,0,93.2,121.0546875,19
1776809181.0934894,0.0,0,0,90.0,121.078125,19
1776809182.4073162,0.0,0,0,98.6,121.078125,19
1776809186.3942385,0.0,0,0,103.5,121.08203125,19
1776809189.558748,0.0,0,0,104.4,121.08203125,19
1776809191.4497797,0.0,0,0,104.2,121.0859375,19
1776809196.4038324,0.0,0,0,93.8,121.0859375,19
1776809197.179851,0.0,0,0,96.6,121.0859375,19
1776809202.055239,0.0,0,0,133.1,121.1015625,19
1776809203.2407937,0.0,0,0,99.8,121.1015625,19
1776809207.4938738,0.0,0,0,100.4,121.1171875,19
1776809209.986207,0.0,0,0,94.7,121.1328125,19
1776809212.5894303,0.0,0,0,98.6,121.1328125,19
1776809216.883746,0.0,0,0,97.9,121.1328125,19
1776809217.4782908,0.0,0,0,109.0,121.1328125,19
1776809222.610357,0.0,0,0,111.2,121.140625,19
1776809223.938985,0.0,0,0,100.0,121.140625,19
1776809227.8357773,0.0,0,0,90.1,121.140625,19
1776809230.7889223,0.0,0,0,107.5,121.140625,19
1776809233.2963305,0.0,0,0,104.5,121.140625,19
1776809237.2332618,0.0,0,0,106.1,121.140625,19
1776809238.449829,0.0,0,0,98.3,121.140625,19
1776809243.380395,0.0,0,0,105.3,121.16015625,19
1776809243.9587827,0.0,0,0,98.0,121.16015625,19
1776809248.4762714,0.0,0,0,97.7,121.16796875,19
1776809250.6278982,0.0,0,0,89.2,121.16796875,19
1776809253.7934737,0.0,0,0,114.7,121.171875,19
1776809257.1143258,0.0,0,0,105.4,121.18359375,19
1776809259.293261,0.0,0,0,108.1,121.25,19
1776809263.5167453,0.0,0,0,101.9,121.25,19
1776809264.485253,0.0,0,0,100.0,121.25,19
1776809269.8667657,0.0,0,0,101.7,121.25,19
1776809269.8608294,0.0,0,0,98.9,121.25,19
1776809275.3033078,0.0,0,0,105.1,121.25,19
1776809275.9778852,0.0,0,0,100.3,121.25,19
1776809280.6576855,0.0,0,0,153.6,121.25,19
1776809282.5245345,0.0,0,0,90.2,121.25,19
1776809285.9788074,0.0,0,0,105.8,121.25,19
1776809288.6010413,0.0,0,0,102.0,121.25,19
1776809291.4718018,0.0,0,0,101.2,121.25,19
1776809295.31926,0.0,0,0,101.2,121.25,19
1776809296.5178695,0.0,0,0,103.0,121.25,19
1776809301.6012182,0.0,0,0,92.4,121.25,19
1776809302.039797,0.0,0,0,98.0,121.25,19
1776809307.3775496,0.0,0,0,123.2,121.25,19
1776809308.4507658,0.0,0,0,90.4,121.25,19
1776809312.5289197,0.0,0,0,101.4,121.25,19
1776809315.148995,0.0,0,0,100.9,121.25,19
1776809317.4521132,0.0,0,0,102.3,121.25,19
1776809321.6599193,0.0,0,0,95.4,121.25,19
1776809322.612856,0.0,0,0,92.7,121.25,19
1776809327.7402534,0.0,0,0,119.0,121.25,19
1776809328.3143404,0.0,0,0,98.6,121.25,19
1776809333.3283687,0.0,0,0,93.6,121.25,19
1776809334.7062314,0.0,0,0,91.5,121.25,19
1776809338.3702648,0.0,0,0,106.6,121.3125,19
1776809341.4410355,0.0,0,0,99.4,121.3125,19
1776809343.4572837,0.0,0,0,149.1,121.3125,19
1776809347.9102218,0.0,0,0,108.9,121.3125,19
1776809348.5073519,0.0,0,0,96.8,121.3125,19
1776809353.5148134,0.0,0,0,106.7,121.3125,19
1776809354.8602316,0.0,0,0,97.3,121.3125,19
1776809358.756913,0.0,0,0,104.4,121.375,19
1776809361.4193857,0.0,0,0,92.4,121.375,19
1776809364.144404,0.0,0,0,93.4,121.375,19
1776809368.034402,0.0,0,0,95.3,121.375,19
1776809369.4945016,0.0,0,0,101.9,121.375,19
1776809374.5273004,0.0,0,0,107.2,121.375,19
1776809374.6873052,0.0,0,0,91.2,121.375,19
1776809379.722332,0.0,0,0,105.7,121.375,19
1776809381.1530192,0.0,0,0,91.1,121.375,19
1776809384.9947588,0.0,0,0,85.5,121.375,19
1776809387.6929777,0.0,0,0,162.9,121.375,19
1776809389.9963002,0.0,0,0,94.5,121.375,19
1776809394.2267745,0.0,0,0,106.7,121.375,19
1776809395.1818762,0.0,0,0,97.3,121.375,19
1776809400.5974925,0.0,0,0,92.0,121.375,19
1776809401.0204105,0.0,0,0,105.0,121.375,19
1776809405.7042286,0.0,0,0,104.1,121.375,19
1776809407.8218763,0.0,0,0,103.4,121.375,19
1776809410.6722844,0.0,0,0,132.7,121.375,19
1776809414.3842573,0.0,0,0,99.6,121.375,19
1776809416.1818874,0.0,0,0,112.3,121.4375,19
1776809421.136311,0.0,0,0,97.0,121.4375,19
1776809421.6343765,0.0,0,0,101.8,121.4375,19
1776809427.1330183,0.0,0,0,103.5,121.4375,19
1776809427.9064858,0.0,0,0,101.4,121.4375,19
1776809432.5843046,0.0,0,0,99.6,121.5625,19
1776809435.6657562,0.0,0,0,101.9,121.5625,19
1776809437.8088474,0.0,0,0,102.7,121.5625,19
1776809441.9987538,0.0,0,0,97.3,121.5625,19
1776809442.9627905,0.0,0,0,87.3,121.5625,19
1776809448.4583943,0.0,0,0,97.7,121.5625,19
1776809448.7203903,0.0,0,0,102.6,121.5625,19
1776809453.9089935,0.0,0,0,96.3,121.5625,19
1776809455.296161,0.0,0,0,106.8,121.5625,19
1776809459.3477948,0.0,0,0,97.6,121.5625,19
1776809461.727336,0.0,0,0,97.9,121.5625,19
1776809464.4089541,0.0,0,0,98.5,121.5625,19
1776809468.725775,0.0,0,0,101.0,121.5625,19
1776809469.8778536,0.0,0,0,95.9,121.5625,19
1776809474.9290743,0.0,0,0,102.3,121.5625,19
1776809475.254452,0.0,0,0,101.6,121.5625,19
1776809480.6243062,0.0,0,0,98.0,121.5625,19
1776809481.496098,0.0,0,0,100.5,121.5625,19
1776809486.038271,0.0,0,0,102.2,121.5625,19
1776809488.0521247,0.0,0,0,94.5,121.5625,19
1776809491.5385187,0.0,0,0,103.5,121.5625,19
1776809494.5648627,0.0,0,0,110.9,121.5625,19
1776809496.9448352,0.0,0,0,103.5,121.5625,19
1776809500.7973578,0.0,0,0,105.4,121.5625,19
1776809502.2209034,0.0,0,0,99.1,121.5625,19
1776809507.4430113,0.0,0,0,88.6,121.5625,19
1776809507.8774464,0.0,0,0,102.6,121.5625,19
1776809512.8522651,0.0,0,0,99.3,121.5625,19
1776809514.517437,0.0,0,0,92.3,121.5625,19
1776809518.0654714,0.0,0,0,102.2,121.5625,19
1776809521.2587717,0.0,0,0,98.9,121.5625,19
1776809523.1192734,0.0,0,0,102.9,121.5625,19
1776809527.6732607,0.0,0,0,94.9,121.5625,19
1776809528.3135483,0.0,0,0,101.6,121.5625,19
1776809533.566554,0.0,0,0,94.8,121.578125,19
1776809534.7402315,0.0,0,0,96.9,121.578125,19
1776809538.749726,0.0,0,0,102.4,121.59375,19
1776809540.8483326,0.0,0,0,107.0,121.59375,19
1776809544.1422439,0.0,0,0,100.0,121.59375,19
1776809547.3953028,0.0,0,0,91.3,121.59375,19
1776809549.2643256,0.0,0,0,97.9,121.59765625,19
1776809554.1640549,0.0,0,0,98.6,121.59765625,19
1776809554.7704756,0.0,0,0,109.1,121.59765625,19
1776809560.1817794,0.0,0,0,97.8,121.6015625,19
1776809561.4143107,0.0,0,0,102.7,121.6015625,19
1776809565.3547893,0.0,0,0,181.2,121.625,19
1776809568.1108823,0.0,0,0,108.7,121.625,19
1776809570.6927795,0.0,0,0,103.8,121.625,19
1776809574.477921,0.0,0,0,94.2,121.625,19
1776809576.0299363,0.0,0,0,93.3,121.625,19
1776809581.1148758,0.0,0,0,101.7,121.625,19
1776809581.061285,0.0,0,0,98.4,121.625,19
1776809586.6761036,0.0,0,0,109.2,121.625,19
1776809587.7648325,0.0,0,0,114.5,121.6875,19
1776809591.6992347,0.0,0,0,107.9,121.6875,19
1776809594.3698862,0.0,0,0,98.2,121.6875,19
1776809597.0232503,0.0,0,0,101.4,121.6875,19
1776809600.7299566,0.0,0,0,102.7,121.6875,19
1776809602.1967933,0.0,0,0,95.5,121.6875,19
1776809607.4289207,0.0,0,0,85.6,121.6875,19
1776809607.717926,0.0,0,0,93.6,121.6875,19
1776809612.9322243,0.0,0,0,107.5,121.6875,19
1776809614.070259,0.0,0,0,99.5,121.6875,19
1776809618.1483054,0.0,0,0,105.7,121.6875,19
1776809620.7172568,0.0,0,0,104.2,121.6875,19
1776809623.7723079,0.0,0,0,105.7,121.6875,19
1776809627.3267913,0.0,0,0,100.5,121.6875,19
1776809628.8035414,0.0,0,0,109.6,121.6875,19
1776809634.1511197,0.0,0,0,100.9,121.6875,19
1776809634.016439,0.0,0,0,99.5,121.6875,19
1776809638.976301,0.0,0,0,99.4,121.6875,19
1776809641.0053518,0.0,0,0,106.6,121.6875,19
1776809644.3097298,0.0,0,0,105.5,121.70703125,19
1776809647.8222044,0.0,0,0,104.4,121.70703125,19
1776809649.6667666,0.0,0,0,90.7,121.70703125,19
1776809654.6608903,0.0,0,0,105.9,121.71875,19
1776809655.1893888,0.0,0,0,100.9,121.71875,19
1776809660.3007927,0.0,0,0,110.5,121.73046875,19
1776809661.7635195,0.0,0,0,107.2,121.73046875,19
1776809665.6053398,0.0,0,0,99.5,121.73828125,19
1776809668.6169193,0.0,0,0,104.4,121.75,19
1776809671.0998423,0.0,0,0,98.8,121.75,19
1776809675.1974437,0.0,0,0,124.9,121.75,19
1776809676.1932616,0.0,0,0,92.8,121.75,19
1776809681.221241,0.0,0,0,94.0,121.75,19
1776809682.6342936,0.0,0,0,99.5,121.75,19
1776809686.3233066,0.0,0,0,84.9,121.75,19
1776809689.408272,0.0,0,0,83.6,121.75,19
1776809691.6262674,0.0,0,0,104.1,121.8125,19
1776809696.4597776,0.0,0,0,122.9,121.8125,19
1776809696.8267248,0.0,0,0,102.5,121.8125,19
1776809702.1022718,0.0,0,0,97.7,121.8125,19
1776809703.0578752,0.0,0,0,98.6,121.8125,19
1776809707.5158012,0.0,0,0,105.6,121.8125,19
1776809709.7456152,0.0,0,0,123.9,121.8125,19
1776809712.7183917,0.0,0,0,144.9,121.8125,19
1776809716.5183644,0.0,0,0,95.4,121.8125,19
1776809718.0954823,0.0,0,0,91.6,121.8125,19
1776809723.1672838,0.0,0,0,102.8,121.8125,19
1776809723.7572212,0.0,0,0,109.0,121.8125,19
1776809728.7112997,0.0,0,0,98.0,121.8125,19
1776809730.2127337,0.0,0,0,97.1,121.8125,19
1776809733.8782423,0.0,0,0,95.2,121.8125,19
1776809736.7613976,0.0,0,0,94.8,121.8125,19
1776809739.0137322,0.0,0,0,106.2,121.875,19
1776809743.971034,0.0,0,0,98.0,121.875,19
1776809744.4497514,0.0,0,0,101.4,121.875,19
1776809749.5582447,0.0,0,0,103.9,121.875,19
1776809750.555591,0.0,0,0,101.4,121.875,19
1776809754.6613195,0.0,0,0,103.7,121.875,19
1776809757.1458566,0.0,0,0,93.3,121.875,19
1776809759.8076348,0.0,0,0,87.7,121.875,19
1776809763.6007879,0.0,0,0,101.7,121.875,19
1776809765.1647587,0.0,0,0,89.5,121.875,19
1776809770.331268,0.0,0,0,103.7,121.875,19
1776809770.5505211,0.0,0,0,98.3,121.875,19
1776809775.7724347,0.0,0,0,102.3,121.875,19
1776809776.6378112,0.0,0,0,85.8,121.875,19
1776809780.7893248,0.0,0,0,96.2,121.9375,19
1776809783.5058975,0.0,0,0,101.3,121.9375,19
1776809785.9655387,0.0,0,0,94.5,121.9375,19
1776809790.7852967,0.0,0,0,104.9,121.9375,19
1776809791.2782843,0.0,0,0,99.2,121.9375,19
1776809796.36381,0.0,0,0,100.4,121.9375,19
1776809797.6414323,0.0,0,0,103.7,121.9375,19
1776809801.3808267,0.0,0,0,107.0,121.9375,19
1776809804.1202922,0.0,0,0,102.5,121.9375,19
1776809806.5763588,0.0,0,0,101.3,121.9375,19
1776809810.3858266,0.0,0,0,106.8,121.9375,19
1776809811.8204892,0.0,0,0,101.3,121.9375,19
1776809817.1167953,0.0,0,0,100.8,121.9375,19
1776809817.3005028,0.0,0,0,94.8,121.9375,19
1776809822.5202932,0.0,0,0,98.6,121.9375,19
1776809823.82423,0.0,0,0,96.8,121.9375,19
1776809827.6102343,0.0,0,0,99.0,121.9375,19
1776809830.6298118,0.0,0,0,113.7,121.9375,19
1776809833.0458891,0.0,0,0,92.1,121.9375,19
1776809837.1317508,0.0,0,0,101.1,121.9375,19
1776809838.5117638,0.0,0,0,100.0,121.9375,19
1776809843.8215458,0.0,0,0,90.2,121.9375,19
1776809843.8118432,0.0,0,0,143.7,121.9375,19
1776809849.0522914,0.0,0,0,101.8,121.953125,19
1776809850.6968825,0.0,0,0,101.8,121.953125,19
1776809854.6503198,0.0,0,0,98.1,121.953125,19
1776809857.3818905,0.0,0,0,97.9,121.953125,19
1776809859.6217787,0.0,0,0,89.8,121.953125,19
1776809864.2129662,0.0,0,0,102.3,121.953125,19
1776809865.1367936,0.0,0,0,101.9,121.953125,19
1776809870.4818404,0.0,0,0,115.0,121.97265625,19
1776809870.8474708,0.0,0,0,108.8,121.97265625,19
1776809875.872468,0.0,0,0,97.1,121.99609375,19
1776809876.907865,0.0,0,0,100.9,121.99609375,19
1776809881.2592528,0.0,0,0,95.4,122.00390625,19
1776809884.1200032,0.0,0,0,106.3,122.00390625,19
1776809886.6893053,0.0,0,0,94.5,122.01171875,19
1776809891.2632496,0.0,0,0,99.8,122.02734375,19
1776809891.710303,0.0,0,0,105.7,122.02734375,19
1776809897.0618107,0.0,0,0,127.2,122.04296875,19
1776809897.5976737,0.0,0,0,98.8,122.04296875,19
1776809902.0603335,0.0,0,0,101.6,122.04296875,19
1776809903.9417505,0.0,0,0,99.7,122.04296875,19
1776809907.1278577,0.0,0,0,99.7,122.046875,19
1776809910.2509198,0.0,0,0,94.6,122.046875,19
1776809912.5042882,0.0,0,0,99.6,122.046875,19
1776809916.9228318,0.0,0,0,103.0,122.046875,19
1776809917.8157957,0.0,0,0,96.8,122.046875,19
1776809923.3978455,0.0,0,0,95.8,122.2109375,19
1776809925.4999804,0.0,0,0,97.5,122.2109375,19
1776809928.712421,0.0,0,0,96.6,122.2109375,19
1776809932.507096,0.0,0,0,106.2,122.2109375,19
1776809933.6720393,0.0,0,0,99.7,122.21484375,19
1776809938.7972295,0.0,0,0,104.3,122.21484375,19
1776809938.8789797,0.0,0,0,96.4,122.21484375,19
1776809943.9808047,0.0,0,0,99.2,122.22265625,19
1776809945.5178463,0.0,0,0,91.9,122.22265625,19
1776809949.402811,0.0,0,0,102.7,122.2265625,19
1776809952.1828775,0.0,0,0,93.6,122.2265625,19
1776809954.4013412,0.0,0,0,100.4,122.2265625,19
1776809958.6809998,0.0,0,0,105.6,122.2265625,19
1776809959.5194273,0.0,0,0,95.3,122.2265625,19
1776809964.587738,0.0,0,0,157.6,122.23046875,19
1776809965.432584,0.0,0,0,102.5,122.23046875,19
1776809969.6489398,0.0,0,0,106.4,122.23046875,19
1776809972.0938506,0.0,0,0,94.3,122.23046875,19
1776809974.9600587,0.0,0,0,100.0,122.234375,19
1776809979.2948074,0.0,0,0,94.7,122.234375,19
1776809980.4222627,0.0,0,0,97.4,122.234375,19
1776809985.5933087,0.0,0,0,102.2,122.234375,19
1776809985.6939356,0.0,0,0,101.9,122.234375,19
1776809990.7552981,0.0,0,0,100.5,122.234375,19
1776809993.0137792,0.0,0,0,104.1,122.234375,19
1776809996.252346,0.0,0,0,104.7,122.234375,19
1776809999.3978953,0.0,0,0,90.8,122.234375,19
1776810001.8098192,0.0,0,0,88.7,122.234375,19
1776810006.031271,0.0,0,0,94.8,122.234375,19
1776810007.5615377,0.0,0,0,129.4,122.234375,19
1776810012.6909492,0.0,0,0,98.0,122.234375,19
1776810013.1988108,0.0,0,0,98.2,122.234375,19
1776810018.0758264,0.0,0,0,88.9,122.234375,19
1776810018.9798517,0.0,0,0,95.3,122.234375,19
1776810023.3217447,0.0,0,0,111.9,122.234375,19
1776810025.5947945,0.0,0,0,106.0,122.234375,19
1776810028.5550637,0.0,0,0,97.7,122.234375,19
1776810032.1122804,0.0,0,0,106.0,122.234375,19
1776810033.9215403,0.0,0,0,103.5,122.234375,19
1776810038.8430564,0.0,0,0,100.7,122.234375,19
1776810038.9574225,0.0,0,0,105.1,122.234375,19
1776810044.3875058,0.0,0,0,99.8,122.234375,19
1776810045.4778678,0.0,0,0,100.0,122.234375,19
1776810049.9417915,0.0,0,0,105.2,122.234375,19
1776810051.9533527,0.0,0,0,100.2,122.234375,19
1776810054.8808005,0.0,0,0,107.3,122.234375,19
1776810058.4773464,0.0,0,0,106.0,122.234375,19
1776810059.9557858,0.0,0,0,97.7,122.234375,19
1776810064.5702367,0.0,0,0,94.0,122.234375,19
1776810065.5921504,0.0,0,0,101.8,122.234375,19
1776810070.6562445,0.0,0,0,102.8,122.234375,19
1776810071.2342646,0.0,0,0,104.2,122.234375,19
1776810076.2981696,0.0,0,0,182.2,122.234375,19
1776810078.0982492,0.0,0,0,106.0,122.234375,19
1776810081.2057767,0.0,0,0,100.4,122.234375,19
1776810084.5802488,0.0,0,0,91.5,122.234375,19
1776810086.2503371,0.0,0,0,105.2,122.234375,19
1776810091.2227757,0.0,0,0,106.2,122.234375,19
1776810091.5843277,0.0,0,0,102.3,122.234375,19
1776810096.623002,0.0,0,0,90.7,122.234375,19
1776810097.7542975,0.0,0,0,105.3,122.234375,19
1776810101.6173248,0.0,0,0,103.6,122.234375,19
1776810104.2072525,0.0,0,0,105.6,122.234375,19
1776810106.9123275,0.0,0,0,103.1,122.234375,19
1776810110.9088297,0.0,0,0,97.9,122.234375,19
1776810112.560244,0.0,0,0,104.0,122.234375,19
1776810117.5342674,0.0,0,0,103.7,122.234375,19
1776810117.7577858,0.0,0,0,92.6,122.234375,19
1776810123.30863,0.0,0,0,98.1,122.234375,19
1776810124.2447953,0.0,0,0,101.9,122.234375,19
1776810128.669782,0.0,0,0,95.2,122.234375,19
1776810130.880268,0.0,0,0,103.8,122.234375,19
1776810133.7278118,0.0,0,0,94.9,122.234375,19
1776810138.1285295,0.0,0,0,106.6,122.234375,19
1776810138.909785,0.0,0,0,110.7,122.234375,19
1776810144.4492188,0.0,0,0,96.3,122.234375,19
1776810145.0522118,0.0,0,0,101.5,122.234375,19
1776810149.498503,0.0,0,0,93.3,122.234375,19
1776810151.4442608,0.0,0,0,93.6,122.234375,19
1776810154.8377254,0.0,0,0,131.0,122.234375,19
1776810157.7070825,0.0,0,0,100.0,122.234375,19
1776810160.082464,0.0,0,0,101.4,122.234375,19
1776810165.3837407,0.0,0,0,98.8,122.234375,19
1776810165.6929896,0.0,0,0,101.7,122.234375,19
1776810170.977913,0.0,0,0,107.1,122.234375,19
1776810172.9320157,0.0,0,0,109.2,122.234375,19
1776810176.2224567,0.0,0,0,98.5,122.234375,19
1776810179.6383011,0.0,0,0,103.9,122.234375,19
1776810181.3809679,0.0,0,0,113.9,122.234375,19
1776810186.055657,0.0,0,0,90.8,122.234375,19
1776810186.569537,0.0,0,0,126.1,122.234375,19
1776810191.6424735,0.0,0,0,96.0,122.234375,19
1776810192.41648,0.0,0,0,104.9,122.234375,19
1776810197.1249757,0.0,0,0,97.0,122.234375,19
1776810199.7044282,0.0,0,0,91.9,122.234375,19
1776810202.171943,0.0,0,0,86.8,122.234375,19
1776810206.2858503,0.0,0,0,105.5,122.234375,19
1776810207.805186,0.0,0,0,98.3,122.234375,19
1776810213.094906,0.0,0,0,98.2,122.234375,19
1776810213.0074143,0.0,0,0,108.4,122.234375,19
1776810217.9710808,0.0,0,0,101.9,122.234375,19
1776810220.0474446,0.0,0,0,97.1,122.234375,19
1776810223.3043988,0.0,0,0,105.1,122.234375,19
1776810227.2358866,0.0,0,0,123.6,122.234375,19
1776810228.4429207,0.0,0,0,94.4,122.234375,19
1776810233.5855765,0.0,0,0,58.7,122.234375,19
1776810233.7619543,0.0,0,0,102.0,122.234375,19
1776810238.7365017,0.0,0,0,92.4,122.234375,19
1776810239.4118795,0.0,0,0,103.9,122.234375,19
1776810244.0978136,0.0,0,0,100.3,122.234375,19
1776810246.2053795,0.0,0,0,95.3,122.234375,19
1776810249.7813709,0.0,0,0,99.0,122.234375,19
1776810253.24939,0.0,0,0,94.4,122.234375,19
1776810255.2049432,0.0,0,0,85.1,122.234375,19
1776810259.884993,0.0,0,0,103.2,122.234375,19
1776810261.039567,0.0,0,0,95.6,122.234375,19
1776810266.7517827,0.0,0,0,104.3,122.234375,19
1776810267.397935,0.0,0,0,105.7,122.234375,19
1776810272.1249466,0.0,0,0,144.1,122.234375,19
1776810273.923039,0.0,0,0,92.6,122.234375,19
1776810277.211189,0.0,0,0,101.9,122.234375,19
1776810280.5644598,0.0,0,0,94.7,122.234375,19
1776810282.4378552,0.0,0,0,104.1,122.234375,19
1776810287.421142,0.0,0,0,98.9,122.234375,19
1776810287.9410014,0.0,0,0,94.0,122.234375,19
1776810293.431035,0.0,0,0,98.0,122.234375,19
1776810294.0564208,0.0,0,0,91.0,122.234375,19
1776810298.48144,0.0,0,0,103.9,122.234375,19
1776810300.6522171,0.0,0,0,104.1,122.234375,19
1776810303.9918597,0.0,0,0,128.1,122.234375,19
1776810306.967015,0.0,0,0,106.4,122.234375,19
1776810309.3128517,0.0,0,0,124.4,122.234375,19
1776810313.2956378,0.0,0,0,106.9,122.234375,19
1776810314.6810331,0.0,0,0,96.7,122.234375,19
1776810319.8420131,0.0,0,0,106.1,122.234375,19
1776810319.9735675,0.0,0,0,111.2,122.234375,19
1776810325.4761019,0.0,0,0,98.9,122.234375,19
1776810327.0215003,0.0,0,0,102.6,122.234375,19
1776810330.7149508,0.0,0,0,109.7,122.234375,19
1776810333.6649194,0.0,0,0,98.9,122.234375,19
1776810335.8629663,0.0,0,0,94.9,122.234375,19
1776810340.2340055,0.0,0,0,104.3,122.234375,19
1776810340.9295256,0.0,0,0,100.0,122.234375,19
1776810346.4973996,0.0,0,0,133.0,122.234375,19
1776810347.38099,0.0,0,0,94.8,122.234375,19
1776810351.942094,0.0,0,0,105.0,122.234375,19
1776810353.727421,0.0,0,0,130.4,122.234375,19
1776810357.1844275,0.0,0,0,104.7,122.234375,19
1776810360.255927,0.0,0,0,108.0,122.234375,19
1776810362.345888,0.0,0,0,91.0,122.234375,19
1776810366.874706,0.0,0,0,83.0,122.234375,19
1776810367.754257,0.0,0,0,108.1,122.234375,19
1776810372.7375953,0.0,0,0,101.7,122.234375,19
1776810373.807158,0.0,0,0,98.8,122.234375,19
1776810377.9790199,0.0,0,0,99.8,122.234375,19
1776810380.6450014,0.0,0,0,98.8,122.234375,19
1776810383.0478992,0.0,0,0,96.4,122.234375,19
1776810387.6869116,0.0,0,0,102.0,122.234375,19
1776810388.1320107,0.0,0,0,101.8,122.234375,19
1776810393.6441329,0.0,0,0,99.5,122.234375,19
1776810394.7712903,0.0,0,0,120.2,122.234375,19
1776810398.6924088,0.0,0,0,94.0,122.234375,19
1776810401.0675895,0.0,0,0,100.0,122.234375,19
1776810403.8773956,0.0,0,0,99.5,122.234375,19
1776810407.5329368,0.0,0,0,95.1,122.234375,19
1776810409.0276332,0.0,0,0,94.7,122.234375,19
1776810413.6734893,0.0,0,0,115.0,122.234375,19
1776810414.215455,0.0,0,0,92.1,122.234375,19
1776810419.4652963,0.0,0,0,103.2,122.234375,19
1776810420.5274003,0.0,0,0,98.6,122.234375,19
1776810424.456823,0.0,0,0,111.7,122.234375,19
1776810426.9170015,0.0,0,0,103.3,122.234375,19
1776810429.9980624,0.0,0,0,109.0,122.234375,19
1776810433.8564196,0.0,0,0,99.0,122.234375,19
1776810435.2204514,0.0,0,0,106.5,122.234375,19
1776810440.453362,0.0,0,0,93.3,122.234375,19
1776810440.6234324,0.0,0,0,101.4,122.234375,19
1776810445.6082885,0.0,0,0,93.6,122.234375,19
1776810446.730451,0.0,0,0,101.7,122.234375,19
1776810450.6925452,0.0,0,0,128.4,122.234375,19
1776810453.5039258,0.0,0,0,99.9,122.234375,19
1776810455.802391,0.0,0,0,77.6,122.234375,19
1776810459.8675709,0.0,0,0,124.3,122.234375,19
1776810461.3974576,0.0,0,0,99.8,122.234375,19
1776810466.148437,0.0,0,0,103.4,122.234375,19
1776810466.588495,0.0,0,0,99.5,122.234375,19
1776810471.5735133,0.0,0,0,93.3,122.234375,19
1776810472.5754206,0.0,0,0,120.2,122.234375,19
1776810476.7987523,0.0,0,0,128.4,122.234375,19
1776810479.2106843,0.0,0,0,99.5,122.234375,19
1776810482.042229,0.0,0,0,101.0,122.234375,19
1776810485.4823952,0.0,0,0,95.4,122.234375,19
1776810487.1784155,0.0,0,0,98.9,122.234375,19
1776810492.0104854,0.0,0,0,96.5,122.234375,19
1776810492.7486396,0.0,0,0,97.6,122.234375,19
1776810497.9394429,0.0,0,0,99.0,122.234375,19
1776810498.3266819,0.0,0,0,95.7,122.234375,19
1776810503.4714246,0.0,0,0,94.0,122.234375,19
1776810505.0800383,0.0,0,0,102.1,122.234375,19
1776810508.4231157,0.0,0,0,95.4,122.234375,19
1776810511.5084734,0.0,0,0,93.2,122.234375,19
1776810513.5309002,0.0,0,0,93.1,122.234375,19
1776810517.8646877,0.0,0,0,93.7,122.234375,19
1776810519.0420349,0.0,0,0,106.3,122.234375,19
1776810524.2354112,0.0,0,0,97.5,122.234375,19
1776810524.5390575,0.0,0,0,96.1,122.234375,19
1776810529.2085469,0.0,0,0,100.8,122.234375,19
1776810531.2000482,0.0,0,0,95.7,122.234375,19
1776810534.4111516,0.0,0,0,93.2,122.234375,19
1776810537.9039216,0.0,0,0,107.8,122.234375,19
1776810540.0964818,0.0,0,0,146.7,122.234375,19
1776810544.1803389,0.0,0,0,103.0,122.234375,19
1776810545.2120605,0.0,0,0,99.1,122.234375,19
1776810550.4255307,0.0,0,0,104.2,122.234375,19
1776810550.8034976,0.0,0,0,83.7,122.234375,19
1776810555.6851566,0.0,0,0,84.5,122.234375,19
1776810556.573049,0.0,0,0,93.6,122.234375,19
1776810560.8909254,0.0,0,0,98.2,122.234375,19
1776810562.894581,0.0,0,0,104.6,122.234375,19
1776810565.963183,0.0,0,0,134.4,122.234375,19
1776810569.4573693,0.0,0,0,104.3,122.234375,19
1776810571.1157684,0.0,0,0,161.4,122.23046875,19
1776810576.113548,0.0,0,0,100.9,122.23046875,19
1776810576.771917,0.0,0,0,102.1,122.23046875,19
1776810581.9698493,0.0,0,0,103.6,122.23046875,19
1776810582.587899,0.0,0,0,101.8,122.23046875,19
1776810587.3181334,0.0,0,0,98.4,122.23046875,19
1776810588.2462916,0.0,0,0,107.0,122.23046875,19
1776810592.4864118,0.0,0,0,95.1,122.23046875,19
1776810595.08757,0.0,0,0,95.5,122.23046875,19
1776810597.6006694,0.0,0,0,108.2,122.23046875,19
1776810601.538462,0.0,0,0,102.0,122.23046875,19
1776810603.3109038,0.0,0,0,97.6,122.23046875,19
1776810607.7344303,0.0,0,0,100.3,122.23046875,19
1776810608.3559873,0.0,0,0,99.0,122.23046875,19
1776810613.5839415,0.0,0,0,100.4,122.23046875,19
1776810614.3644843,0.0,0,0,97.1,122.23046875,19
1776810618.5284226,0.0,0,0,107.0,122.23046875,19
1776810620.2622414,0.0,0,0,107.9,122.23046875,19
1776810623.9659686,0.0,0,0,97.6,122.23046875,19
1776810626.7694552,0.0,0,0,97.6,122.23046875,19
1776810629.5124156,0.0,0,0,89.9,122.23046875,19
1776810633.401995,0.0,0,0,109.0,122.23046875,19
1776810634.750568,0.0,0,0,100.0,122.23046875,19
1776810640.1939325,0.0,0,0,121.9,122.23046875,19
1776810640.0219939,0.0,0,0,98.6,122.23046875,19
1776810645.19452,0.0,0,0,101.3,122.23046875,19
1776810646.517925,0.0,0,0,131.7,122.23046875,19
1776810650.5598884,0.0,0,0,102.2,122.23046875,19
1776810653.7370913,0.0,0,0,98.5,122.23046875,19
1776810655.9450386,0.0,0,0,98.3,122.23046875,19
1776810660.1905951,0.0,0,0,107.4,122.23046875,19
1776810661.4149694,0.0,0,0,94.5,122.23046875,19
1776810666.6234355,0.0,0,0,90.1,122.23046875,19
1776810666.6715872,0.0,0,0,93.3,122.23046875,19
1776810672.2378066,0.0,0,0,101.7,122.23046875,19
1776810673.2330806,0.0,0,0,92.7,122.23046875,19
1776810677.6050558,0.0,0,0,99.0,122.23046875,19
1776810679.6262581,0.0,0,0,97.2,122.23046875,19
1776810683.1043725,0.0,0,0,107.0,122.23046875,19
1776810686.1162899,0.0,0,0,100.9,122.23046875,19
1776810688.3575034,0.0,0,0,105.1,122.23046875,19
1776810693.0887904,0.0,0,0,105.8,122.23046875,19
1776810693.6737661,0.0,0,0,98.0,122.23046875,19
1776810698.8073773,0.0,0,0,156.8,122.23046875,19
1776810699.6228373,0.0,0,0,108.0,122.23046875,19
1776810704.3328795,0.0,0,0,95.8,122.23046875,19
1776810705.7705123,0.0,0,0,102.1,122.23046875,19
1776810709.7755685,0.0,0,0,107.9,122.23046875,19
1776810712.3825424,0.0,0,0,104.3,122.23046875,19
1776810715.167322,0.0,0,0,96.8,122.23046875,19
1776810718.8611896,0.0,0,0,101.4,122.23046875,19
1776810720.2521586,0.0,0,0,105.7,122.23046875,19
1776810725.3854582,0.0,0,0,96.9,122.23046875,19
1776810725.3259075,0.0,0,0,99.6,122.23046875,19
1776810730.5929222,0.0,0,0,97.5,122.23046875,19
1776810731.6099799,0.0,0,0,108.4,122.23046875,19
1776810736.0302336,0.0,0,0,95.1,122.23046875,19
1776810738.0593956,0.0,0,0,119.2,122.23046875,19
1776810741.2580774,0.0,0,0,137.2,122.23046875,19
1776810744.6542451,0.0,0,0,100.3,122.23046875,19
1776810746.415474,0.0,0,0,102.2,122.23046875,19
1776810751.3846047,0.0,0,0,93.3,122.23046875,19
1776810752.015002,0.0,0,0,101.8,122.23046875,19
1776810757.2651978,0.0,0,0,94.9,122.23046875,19
1776810758.233974,0.0,0,0,119.9,122.23046875,19
1776810762.5292506,0.0,0,0,96.9,122.23046875,19
1776810765.0084398,0.0,0,0,102.9,122.23046875,19
1776810767.545038,0.0,0,0,110.0,122.23046875,19
1776810771.4684875,0.0,0,0,96.6,122.23046875,19
1776810772.7589042,0.0,0,0,115.7,122.23046875,19
1776810777.962965,0.0,0,0,160.1,122.23046875,19
1776810778.3138998,0.0,0,0,103.3,122.23046875,19
1776810783.38136,0.0,0,0,103.2,122.23046875,19
1776810785.2005107,0.0,0,0,104.1,122.23046875,19
1776810788.7389185,0.0,0,0,94.2,122.23046875,19
1776810791.5002508,0.0,0,0,97.7,122.23046875,19
1776810793.8050005,0.0,0,0,105.2,122.23046875,19
1776810797.9381814,0.0,0,0,105.4,122.23046875,19
1776810799.2255678,0.0,0,0,98.5,122.23046875,19
1776810804.6354904,0.0,0,0,102.9,122.23046875,19
1776810804.7341726,0.0,0,0,105.4,122.23046875,19
1776810809.853716,0.0,0,0,96.6,122.23046875,19
1776810811.4124773,0.0,0,0,116.9,122.23046875,19
1776810815.0424292,0.0,0,0,102.8,122.23046875,19
1776810817.7317643,0.0,0,0,89.6,122.23046875,19
1776810820.4633274,0.0,0,0,104.7,122.23046875,19
1776810824.327613,0.0,0,0,95.7,122.23046875,19
1776810825.757247,0.0,0,0,103.8,122.23046875,19
1776810831.1615574,0.0,0,0,106.8,122.23046875,19
1776810831.2594442,0.0,0,0,97.1,122.23046875,19
1776810836.2386718,0.0,0,0,103.7,122.23046875,19
1776810837.8265991,0.0,0,0,97.0,122.23046875,19
1776810841.6256077,0.0,0,0,101.8,122.23046875,19
1776810845.2631645,0.0,0,0,98.1,122.23046875,19
1776810847.060896,0.0,0,0,101.0,122.23046875,19
1776810852.0695286,0.0,0,0,108.8,122.23046875,19
1776810852.3304012,0.0,0,0,107.0,122.23046875,19
1776810857.6463952,0.0,0,0,100.4,122.23046875,19
1776810858.0818992,0.0,0,0,105.2,122.23046875,19
1776810862.6443412,0.0,0,0,104.7,122.23046875,19
1776810864.9333923,0.0,0,0,92.9,122.23046875,19
1776810867.8477893,0.0,0,0,135.9,122.23046875,19
1776810871.6606221,0.0,0,0,105.7,122.23046875,19
1776810873.0602012,0.0,0,0,100.7,122.23046875,19
1776810878.310695,0.0,0,0,97.6,122.23046875,19
1776810878.6989388,0.0,0,0,87.2,122.23046875,19
1776810883.532401,0.0,0,0,96.0,122.23046875,19
1776810884.982943,0.0,0,0,94.0,122.23046875,19
1776810888.5319328,0.0,0,0,101.9,122.23046875,19
1776810891.375627,0.0,0,0,98.6,122.23046875,19
1776810893.839909,0.0,0,0,91.4,122.23046875,19
1776810898.2399426,0.0,0,0,102.6,122.23046875,19
1776810899.1195908,0.0,0,0,99.1,122.23046875,19
1776810904.5299673,0.0,0,0,102.2,122.23046875,19
1776810904.7302845,0.0,0,0,97.0,122.23046875,19
1776810910.0794435,0.0,0,0,131.7,122.23046875,19
1776810911.3653784,0.0,0,0,99.2,122.23046875,19
1776810915.2301419,0.0,0,0,102.0,122.23046875,19
1776810917.794559,0.0,0,0,101.9,122.23046875,19
1776810920.4860141,0.0,0,0,107.6,122.23046875,19
1776810924.0570664,0.0,0,0,105.2,122.23046875,19
1776810925.727829,0.0,0,0,109.0,122.23046875,19
1776810930.9489543,0.0,0,0,89.4,122.23046875,19
1776810931.1010113,0.0,0,0,103.1,122.23046875,19
1776810936.2513924,0.0,0,0,93.6,122.23046875,19
1776810936.9372318,0.0,0,0,102.7,122.23046875,19
1776810941.603565,0.0,0,0,90.3,122.23046875,19
1776810943.172366,0.0,0,0,115.7,122.23046875,19
1776810946.6575804,0.0,0,0,101.8,122.23046875,19
1776810949.7879987,0.0,0,0,96.0,122.23046875,19
1776810952.0034294,0.0,0,0,97.7,122.23046875,19
1776810956.9446251,0.0,0,0,100.8,122.23046875,19
1776810957.5525253,0.0,0,0,121.3,122.23046875,19
1776810962.7409499,0.0,0,0,97.7,122.23046875,19
1776810963.4754803,0.0,0,0,95.6,122.23046875,19
1776810967.8391595,0.0,0,0,100.1,122.23046875,19
1776810970.3161635,0.0,0,0,100.8,122.23046875,19
1776810973.0153723,0.0,0,0,106.1,122.23046875,19
1776810976.74043,0.0,0,0,157.5,122.23046875,19
1776810978.5649977,0.0,0,0,90.5,122.23046875,19
1776810983.2850533,0.0,0,0,104.3,122.23046875,19
1776810984.0119903,0.0,0,0,114.2,122.23046875,19
1776810989.3242836,0.0,0,0,121.3,122.23046875,19
1776810989.9164147,0.0,0,0,92.8,122.23046875,19
1776810994.5628486,0.0,0,0,111.6,122.23046875,19
1776810996.192374,0.0,0,0,102.0,122.23046875,19
1776811000.047492,0.0,0,0,97.1,122.23046875,19
1776811002.737179,0.0,0,0,104.2,122.23046875,19
1776811005.2520683,0.0,0,0,100.4,122.23046875,19
1776811009.6535478,0.0,0,0,99.6,122.23046875,19
1776811010.744961,0.0,0,0,98.0,122.23046875,19
1776811015.7423923,0.0,0,0,109.7,122.23046875,19
1776811016.2854059,0.0,0,0,100.9,122.23046875,19
1776811021.1194081,0.0,0,0,145.4,122.23046875,19
1776811022.7677386,0.0,0,0,100.6,122.23046875,19
1776811026.2631142,0.0,0,0,99.2,122.23046875,19
1776811029.6021879,0.0,0,0,103.3,122.23046875,19
1776811031.7404137,0.0,0,0,98.4,122.23046875,19
1776811036.367619,0.0,0,0,100.0,122.23046875,19
1776811037.0404296,0.0,0,0,100.3,122.23046875,19
1776811042.0695086,0.0,0,0,110.6,122.23046875,19
1776811043.1411326,0.0,0,0,102.2,122.23046875,19
1776811047.2209952,0.0,0,0,99.6,122.23046875,19
1776811050.0453918,0.0,0,0,105.8,122.23046875,19
1776811052.331378,0.0,0,0,127.7,122.23046875,19
1776811056.890495,0.0,0,0,102.5,122.23046875,19
1776811057.9304912,0.0,0,0,99.7,122.23046875,19
1776811063.1904016,0.0,0,0,96.5,122.23046875,19
1776811063.9034724,0.0,0,0,100.8,122.23046875,19
1776811068.5492997,0.0,0,0,101.4,122.23046875,19
1776811071.1267672,0.0,0,0,92.3,122.23046875,19
1776811073.6494508,0.0,0,0,97.0,122.23046875,19
1776811078.0369945,0.0,0,0,105.8,122.23046875,19
1776811078.9919462,0.0,0,0,99.6,122.23046875,19
1776811084.4584787,0.0,0,0,127.7,122.23046875,19
1776811084.9999328,0.0,0,0,104.8,122.23046875,19
1776811089.7143636,0.0,0,0,105.5,122.23046875,19
1776811092.4049752,0.0,0,0,100.4,122.23046875,19
1776811095.0559404,0.0,0,0,91.1,122.23046875,19
1776811098.5699916,0.0,0,0,106.8,122.23046875,19
1776811100.1654294,0.0,0,0,91.1,122.23046875,19
1776811105.6259882,0.0,0,0,95.9,122.23046875,19
1776811105.6594605,0.0,0,0,94.6,122.23046875,19
1776811110.9014988,0.0,0,0,100.4,122.23046875,19
1776811111.5039132,0.0,0,0,143.9,122.23046875,19
1776811116.201349,0.0,0,0,93.2,122.23046875,19
1776811117.8874218,0.0,0,0,90.5,122.23046875,19
1776811121.5705009,0.0,0,0,115.6,122.23046875,19
1776811124.3130417,0.0,0,0,102.5,122.23046875,19
1776811126.8418245,0.0,0,0,95.7,122.23046875,19
1776811130.9754293,0.0,0,0,105.9,122.23046875,19
1776811132.4209774,0.0,0,0,114.3,122.23046875,19
1776811137.5429468,0.0,0,0,96.8,122.23046875,19
1776811137.742047,0.0,0,0,90.2,122.23046875,19
1776811142.8908188,0.0,0,0,98.1,122.23046875,19
1776811145.0939364,0.0,0,0,96.1,122.23046875,19
1776811148.031383,0.0,0,0,96.7,122.23046875,19
1776811151.7223334,0.0,0,0,94.4,122.23046875,19
1776811153.613489,0.0,0,0,88.6,122.234375,19
1776811158.1695771,0.0,0,0,125.5,122.24609375,19
1776811158.6762245,0.0,0,0,72.3,122.24609375,19
1776811164.1814158,0.0,0,0,102.7,122.24609375,19
1776811165.2812905,0.0,0,0,103.6,122.24609375,19
1776811169.470482,0.0,0,0,79.8,122.24609375,19
1776811171.4664476,0.0,0,0,137.0,122.30859375,19
1776811174.7119846,0.0,0,0,100.8,122.30859375,19
1776811177.724878,0.0,0,0,92.2,122.30859375,19
1776811179.9759605,0.0,0,0,95.7,122.30859375,19
1776811183.9708385,0.0,0,0,94.8,122.30859375,19
1776811185.563396,0.0,0,0,101.3,122.30859375,19
1776811190.3994274,0.0,0,0,102.8,122.30859375,19
1776811191.296495,0.0,0,0,94.4,122.30859375,19
1776811196.3386683,0.0,0,0,126.4,122.30859375,19
1776811196.6450164,0.0,0,0,96.4,122.30859375,19
1776811201.5249681,0.0,0,0,173.1,122.30859375,19
1776811203.434947,0.0,0,0,100.5,122.30859375,19
1776811206.9069886,0.0,0,0,108.0,122.30859375,19
1776811210.178512,0.0,0,0,107.9,122.30859375,19
1776811211.883401,0.0,0,0,111.1,122.30859375,19
1776811216.6667557,0.0,0,0,90.4,122.30859375,19
1776811217.2221193,0.0,0,0,103.5,122.30859375,19
1776811222.27192,0.0,0,0,103.6,122.37109375,19
1776811223.4959445,0.0,0,0,102.9,122.37109375,19
1776811227.6439652,0.0,0,0,97.2,122.37109375,19
1776811230.1256568,0.0,0,0,100.0,122.37109375,19
1776811232.8309734,0.0,0,0,145.2,122.37109375,19
1776811236.9012306,0.0,0,0,97.4,122.37109375,19
1776811238.3738651,0.0,0,0,101.4,122.37109375,19
1776811243.4189289,0.0,0,0,94.8,122.37109375,19
1776811243.80747,0.0,0,0,96.8,122.37109375,19
1776811248.9674344,0.0,0,0,90.1,122.40625,19
1776811249.6314785,0.0,0,0,95.7,122.40625,19
1776811254.2638838,0.0,0,0,103.9,122.484375,19
1776811256.1964507,0.0,0,0,96.8,122.484375,19
1776811259.6304927,0.0,0,0,104.8,122.484375,19
1776811262.8275888,0.0,0,0,103.0,122.484375,19
1776811265.039363,0.0,0,0,100.7,122.484375,19
1776811269.3923814,0.0,0,0,96.0,122.484375,19
1776811270.0743117,0.0,0,0,111.9,122.484375,19
1776811275.6209269,0.0,0,0,108.0,122.484375,19
1776811275.8367212,0.0,0,0,102.0,122.484375,19
1776811281.2029371,0.0,0,0,103.4,122.484375,19
1776811282.5380142,0.0,0,0,93.3,122.546875,19
1776811286.3769665,0.0,0,0,103.6,122.546875,19
1776811289.4289355,0.0,0,0,104.9,122.546875,19
1776811291.4133997,0.0,0,0,111.5,122.546875,19
1776811295.8823783,0.0,0,0,99.7,122.546875,19
1776811296.680971,0.0,0,0,92.4,122.546875,19
1776811301.859044,0.0,0,0,98.8,122.546875,19
1776811302.234494,0.0,0,0,96.2,122.546875,19
1776811307.180875,0.0,0,0,92.0,122.546875,19
1776811308.7835484,0.0,0,0,95.0,122.546875,19
1776811312.461675,0.0,0,0,91.6,122.546875,19
1776811315.4318864,0.0,0,0,105.4,122.546875,19
1776811317.9479692,0.0,0,0,108.1,122.546875,19
1776811321.573914,0.0,0,0,108.3,122.546875,19
1776811323.647656,0.0,0,0,97.4,122.546875,19
1776811328.4649332,0.0,0,0,100.3,122.546875,19
1776811328.83991,0.0,0,0,108.2,122.546875,19
1776811334.0131533,0.0,0,0,95.6,122.5625,19
1776811335.4708047,0.0,0,0,98.9,122.5625,19
1776811339.1514707,0.0,0,0,91.5,122.5625,19
1776811341.6914647,0.0,0,0,95.7,122.5625,19
1776811344.5389178,0.0,0,0,104.6,122.5625,19
1776811348.5661743,0.0,0,0,102.1,122.5625,19
1776811349.8778806,0.0,0,0,98.7,122.5625,19
1776811355.146116,0.0,0,0,127.2,122.5625,19
1776811355.0529737,0.0,0,0,108.4,122.5625,19
1776811360.671114,0.0,0,0,100.2,122.5625,19
1776811361.3502793,0.0,0,0,105.6,122.5625,19
1776811365.899331,0.0,0,0,116.8,122.5625,19
1776811368.172064,0.0,0,0,96.0,122.5625,19
1776811371.1285183,0.0,0,0,99.1,122.5625,19
1776811374.758191,0.0,0,0,91.9,122.5625,19
1776811376.2554476,0.0,0,0,98.7,122.5625,19
1776811381.3274834,0.0,0,0,109.2,122.5625,19
1776811381.4729972,0.0,0,0,98.9,122.5625,19
1776811386.9754176,0.0,0,0,99.6,122.5625,19
1776811387.6450145,0.0,0,0,97.3,122.5625,19
1776811392.050419,0.0,0,0,94.6,122.5625,19
1776811394.223449,0.0,0,0,102.3,122.5625,19
1776811397.3129141,0.0,0,0,99.0,122.5625,19
1776811400.274883,0.0,0,0,102.1,122.5625,19
1776811402.4913857,0.0,0,0,97.1,122.5625,19
1776811406.7506018,0.0,0,0,98.1,122.5625,19
1776811407.9485538,0.0,0,0,98.6,122.5625,19
1776811413.2899475,0.0,0,0,89.2,122.5625,19
1776811413.44442,0.0,0,0,113.2,122.5625,19
1776811418.4254375,0.0,0,0,98.1,122.5625,19
1776811420.107057,0.0,0,0,103.5,122.5625,19
1776811423.5335186,0.0,0,0,99.4,122.5625,19
1776811426.8205633,0.0,0,0,86.0,122.5625,19
1776811428.7309701,0.0,0,0,93.5,122.5625,19
1776811432.9834437,0.0,0,0,142.7,122.5625,19
1776811433.944705,0.0,0,0,88.6,122.5625,19
1776811439.145805,0.0,0,0,100.6,122.5625,19
1776811440.154991,0.0,0,0,94.3,122.5625,19
1776811444.198819,0.0,0,0,100.1,122.5625,19
1776811446.4612179,0.0,0,0,95.3,122.5625,19
1776811449.5834904,0.0,0,0,101.8,122.5625,19
1776811452.7869315,0.0,0,0,104.7,122.5625,19
1776811454.7819643,0.0,0,0,97.2,122.5625,19
1776811458.9689372,0.0,0,0,111.0,122.5625,19
1776811459.9329495,0.0,0,0,91.5,122.5625,19
1776811465.1728933,0.0,0,0,105.4,122.6015625,19
1776811465.6432896,0.0,0,0,103.2,122.6015625,19
1776811470.835449,0.0,0,0,97.2,122.6015625,19
1776811472.2393937,0.0,0,0,103.2,122.6015625,19
1776811475.4323967,0.0,0,0,103.5,122.6015625,19
1776811478.288409,0.0,0,0,106.5,122.6015625,19
1776811480.861952,0.0,0,0,96.5,122.6015625,19
1776811484.8272824,0.0,0,0,96.6,122.6015625,19
1776811486.0224402,0.0,0,0,99.0,122.6015625,19
1776811491.4258208,0.0,0,0,121.8,122.6015625,19
1776811491.7349987,0.0,0,0,100.1,122.6015625,19
1776811496.5379622,0.0,0,0,101.1,122.6015625,19
1776811498.4060183,0.0,0,0,97.8,122.6015625,19
1776811501.6461577,0.0,0,0,98.6,122.6015625,19
1776811504.7061117,0.0,0,0,101.8,122.6015625,19
1776811506.9623823,0.0,0,0,95.1,122.6015625,19
1776811511.750947,0.0,0,0,102.3,122.6015625,19
1776811512.2393844,0.0,0,0,100.4,122.6015625,19
1776811517.34551,0.0,0,0,92.8,122.6015625,19
1776811518.3413975,0.0,0,0,104.8,122.6015625,19
1776811522.4627674,0.0,0,0,103.2,122.6171875,19
1776811524.757477,0.0,0,0,146.9,122.6171875,19
1776811527.6694725,0.0,0,0,104.6,122.6171875,19
1776811530.997899,0.0,0,0,101.3,122.6171875,19
1776811533.0499957,0.0,0,0,103.9,122.6171875,19
1776811537.7543976,0.0,0,0,103.1,122.6171875,19
1776811538.701387,0.0,0,0,100.8,122.6171875,19
1776811543.72466,0.0,0,0,92.6,122.625,19
1776811544.562008,0.0,0,0,103.2,122.625,19
1776811548.9493937,0.0,0,0,107.9,122.625,19
1776811551.462975,0.0,0,0,100.2,122.625,19
1776811554.2810113,0.0,0,0,92.2,122.625,19
1776811558.4333637,0.0,0,0,123.5,122.625,19
1776811559.4820359,0.0,0,0,83.8,122.625,19
1776811564.8795636,0.0,0,0,152.6,122.625,19
1776811565.2463746,0.0,0,0,98.4,122.625,19
1776811570.082162,0.0,0,0,100.8,122.62890625,19
1776811571.2830954,0.0,0,0,97.6,122.62890625,19
1776811575.2926097,0.0,0,0,88.6,122.62890625,19
1776811577.9653606,0.0,0,0,99.2,122.62890625,19
1776811580.9129176,0.0,0,0,106.6,122.62890625,19
1776811584.7479897,0.0,0,0,99.7,122.62890625,19
1776811586.0598123,0.0,0,0,195.3,122.62890625,19
1776811591.0190725,0.0,0,0,101.3,122.62890625,19
1776811591.5559294,0.0,0,0,97.6,122.62890625,19
1776811596.165955,0.0,0,0,96.6,122.62890625,19
1776811598.4488757,0.0,0,0,116.5,122.62890625,19
1776811601.264833,0.0,0,0,94.5,122.62890625,19
1776811604.8045433,0.0,0,0,102.3,122.62890625,19
1776811606.5394812,0.0,0,0,97.5,122.62890625,19
1776811611.1380622,0.0,0,0,103.5,122.62890625,19
1776811611.6735756,0.0,0,0,101.4,122.62890625,19
1776811616.9524267,0.0,0,0,106.3,122.62890625,19
1776811617.819947,0.0,0,0,102.3,122.62890625,19
1776811622.4088445,0.0,0,0,98.0,122.62890625,19
1776811624.5929718,0.0,0,0,98.2,122.62890625,19
1776811627.3533063,0.0,0,0,112.4,122.62890625,19
1776811631.524546,0.0,0,0,106.7,122.62890625,19
1776811632.3364625,0.0,0,0,102.6,122.62890625,19
1776811637.5194628,0.0,0,0,100.4,122.62890625,19
1776811638.394007,0.0,0,0,107.8,122.62890625,19
1776811642.662325,0.0,0,0,101.6,122.62890625,19
1776811644.7564573,0.0,0,0,102.4,122.62890625,19
1776811648.0614607,0.0,0,0,121.9,122.62890625,19
1776811651.181686,0.0,0,0,104.2,122.62890625,19
1776811653.209972,0.0,0,0,93.3,122.62890625,19
1776811657.9861107,0.0,0,0,147.3,122.62890625,19
1776811658.5462444,0.0,0,0,103.6,122.62890625,19
1776811663.7043958,0.0,0,0,99.7,122.65234375,19
1776811664.9574308,0.0,0,0,101.5,122.65234375,19
1776811668.899039,0.0,0,0,101.7,122.65234375,19
1776811671.3054068,0.0,0,0,106.0,122.65234375,19
1776811673.9839485,0.0,0,0,91.0,122.65234375,19
1776811677.5543993,0.0,0,0,97.2,122.65234375,19
1776811679.528007,0.0,0,0,96.5,122.65234375,19
1776811684.3539836,0.0,0,0,90.0,122.65234375,19
1776811684.95296,0.0,0,0,104.3,122.65234375,19
1776811689.9589312,0.0,0,0,105.1,122.65234375,19
1776811690.6999807,0.0,0,0,103.7,122.65234375,19
1776811695.191419,0.0,0,0,126.8,122.65234375,19
1776811697.2921524,0.0,0,0,105.8,122.65234375,19
1776811700.6185787,0.0,0,0,110.1,122.65234375,19
1776811703.90734,0.0,0,0,91.7,122.65234375,19
1776811706.0503795,0.0,0,0,99.0,122.65234375,19
1776811710.543559,0.0,0,0,168.5,122.65234375,19
1776811711.5044029,0.0,0,0,97.5,122.65234375,19
1776811716.4624271,0.0,0,0,119.7,122.65234375,19
1776811717.1115253,0.0,0,0,104.3,122.65234375,19
1776811721.590933,0.0,0,0,136.1,122.65234375,19
1776811724.2029753,0.0,0,0,102.8,122.65234375,19
1776811727.1300855,0.0,0,0,107.2,122.65234375,19
1776811730.2659142,0.0,0,0,96.7,122.65234375,19
1776811732.4144595,0.0,0,0,105.7,122.65234375,19
1776811736.8862095,0.0,0,0,87.0,122.65234375,19
1776811737.8419442,0.0,0,0,104.6,122.65234375,19
1776811743.1083977,0.0,0,0,79.4,122.65234375,19
1776811743.4273653,0.0,0,0,105.8,122.65234375,19
1776811748.2251375,0.0,0,0,106.2,122.65234375,19
1776811749.8351276,0.0,0,0,88.8,122.65234375,19
1776811753.626847,0.0,0,0,99.6,122.65234375,19
1776811756.2984014,0.0,0,0,94.6,122.65234375,19
1776811758.7777884,0.0,0,0,98.2,122.65234375,19
1776811762.7823436,0.0,0,0,116.0,122.65234375,19
1776811763.7546916,0.0,0,0,91.0,122.65234375,19
1776811768.98097,0.0,0,0,106.6,122.6796875,19
1776811769.871051,0.0,0,0,102.6,122.6796875,19
1776811774.6033938,0.0,0,0,129.8,122.6796875,19
1776811776.961881,0.0,0,0,99.2,122.6796875,19
1776811779.9555159,0.0,0,0,105.5,122.6796875,19
1776811783.9955943,0.0,0,0,103.3,122.6796875,19
1776811785.3164308,0.0,0,0,103.7,122.6796875,19
1776811790.697701,0.0,0,0,97.6,122.6796875,19
1776811790.9648805,0.0,0,0,97.2,122.6796875,19
1776811796.002951,0.0,0,0,107.3,122.6796875,19
1776811797.5195184,0.0,0,0,108.8,122.6796875,19
1776811801.2574701,0.0,0,0,102.5,122.6796875,19
1776811803.9695172,0.0,0,0,105.1,122.6796875,19
1776811806.457451,0.0,0,0,100.6,122.6796875,19
1776811810.52443,0.0,0,0,103.9,122.6796875,19
1776811812.11823,0.0,0,0,111.5,122.6796875,19
1776811817.2092886,0.0,0,0,95.1,122.6796875,19
1776811817.527109,0.0,0,0,100.6,122.6796875,19
1776811822.3742013,0.0,0,0,95.7,122.6953125,19
1776811823.191314,0.0,0,0,119.1,122.6953125,19
1776811828.0323782,0.0,0,0,106.7,122.6953125,19
1776811829.919962,0.0,0,0,106.1,122.6953125,19
1776811833.189134,0.0,0,0,107.1,122.6953125,19
1776811836.7734725,0.0,0,0,98.5,122.6953125,19
1776811838.4899004,0.0,0,0,98.6,122.6953125,19
1776811843.802598,0.0,0,0,100.4,122.6953125,19
1776811843.9804215,0.0,0,0,89.7,122.6953125,19
1776811848.7743604,0.0,0,0,101.4,122.6953125,19
1776811850.943399,0.0,0,0,99.5,122.6953125,19
1776811854.2569377,0.0,0,0,100.5,122.6953125,19
1776811857.8627274,0.0,0,0,99.3,122.6953125,19
1776811859.4493213,0.0,0,0,91.0,122.6953125,19
1776811864.608895,0.0,0,0,105.4,122.6953125,19
1776811864.788964,0.0,0,0,102.4,122.6953125,19
1776811869.9009235,0.0,0,0,97.1,122.6953125,19
1776811870.6340015,0.0,0,0,106.3,122.6953125,19
1776811875.2431147,0.0,0,0,100.9,122.6953125,19
1776811877.1439805,0.0,0,0,90.4,122.6953125,19
1776811880.7515736,0.0,0,0,93.3,122.6953125,19
1776811883.9089198,0.0,0,0,105.8,122.6953125,19
1776811886.2285287,0.0,0,0,103.8,122.6953125,19
1776811890.543839,0.0,0,0,103.1,122.6953125,19
1776811891.7928882,0.0,0,0,93.3,122.6953125,19
1776811896.6149452,0.0,0,0,93.1,122.6953125,19
1776811896.8686433,0.0,0,0,94.5,122.6953125,19
1776811902.2540765,0.0,0,0,97.9,122.6953125,19
1776811903.18347,0.0,0,0,102.9,122.6953125,19
1776811907.4612193,0.0,0,0,96.7,122.6953125,19
1776811909.7574124,0.0,0,0,100.0,122.6953125,19
1776811912.866854,0.0,0,0,94.8,122.6953125,19
1776811916.1238637,0.0,0,0,106.8,122.6953125,19
1776811917.891424,0.0,0,0,98.2,122.6953125,19
1776811923.0927474,0.0,0,0,105.0,122.6953125,19
1776811923.360447,0.0,0,0,103.2,122.6953125,19
1776811928.4681308,0.0,0,0,85.5,122.6953125,19
1776811930.9054275,0.0,0,0,109.7,122.6953125,19
1776811933.9909203,0.0,0,0,103.9,122.6953125,19
1776811937.2810059,0.0,0,0,100.8,122.6953125,19
1776811939.096872,0.0,0,0,95.3,122.6953125,19
1776811943.6861656,0.0,0,0,113.6,122.6953125,19
1776811944.3665373,0.0,0,0,107.5,122.6953125,19
1776811949.488402,0.0,0,0,95.4,122.7265625,19
1776811950.351565,0.0,0,0,107.3,122.7265625,19
1776811954.750373,0.0,0,0,92.8,122.7265625,19
1776811956.851516,0.0,0,0,109.1,122.7265625,19
1776811960.0054405,0.0,0,0,100.0,122.7265625,19
1776811963.711429,0.0,0,0,90.1,122.7265625,19
1776811965.098925,0.0,0,0,106.5,122.7265625,19
1776811970.496511,0.0,0,0,97.7,122.7265625,19
1776811970.4725533,0.0,0,0,107.9,122.7265625,19
1776811975.8633027,0.0,0,0,98.3,122.7265625,19
1776811977.307503,0.0,0,0,141.9,122.7265625,19
1776811981.4580734,0.0,0,0,99.8,122.7265625,19
1776811983.9354541,0.0,0,0,98.9,122.7265625,19
1776811987.1264749,0.0,0,0,101.1,122.7265625,19
1776811990.7910495,0.0,0,0,89.8,122.7265625,19
1776811992.4188843,0.0,0,0,99.5,122.7265625,19
1776811997.7594814,0.0,0,0,99.1,122.7265625,19
1776811997.9514558,0.0,0,0,101.7,122.7265625,19
1776812003.2744362,0.0,0,0,99.5,122.7265625,19
1776812004.226436,0.0,0,0,100.4,122.7265625,19
1776812008.5679297,0.0,0,0,100.7,122.7265625,19
1776812011.1953506,0.0,0,0,91.9,122.7265625,19
1776812013.7168803,0.0,0,0,116.9,122.7265625,19
1776812018.2353258,0.0,0,0,108.7,122.7265625,19
1776812018.88544,0.0,0,0,103.6,122.7265625,19
1776812024.3904128,0.0,0,0,98.6,122.7265625,19
1776812025.163006,0.0,0,0,114.4,122.7265625,19
1776812029.8444245,0.0,0,0,91.1,122.75,19
1776812030.9374244,0.0,0,0,103.9,122.75,19
1776812035.2735538,0.0,0,0,105.2,122.75,19
1776812037.586439,0.0,0,0,104.8,122.75,19
1776812040.2881546,0.0,0,0,100.5,122.75,19
1776812044.334409,0.0,0,0,96.7,122.75,19
1776812045.6511495,0.0,0,0,88.8,122.75,19
1776812050.7619305,0.0,0,0,94.8,122.75,19
1776812051.2226875,0.0,0,0,94.7,122.75,19
1776812056.0460927,0.0,0,0,99.1,122.75,19
1776812057.6164567,0.0,0,0,93.0,122.8046875,19
1776812061.406221,0.0,0,0,93.4,122.8046875,19
1776812064.277504,0.0,0,0,105.1,122.8046875,19
1776812066.6243207,0.0,0,0,101.4,122.8046875,19
1776812070.8804083,0.0,0,0,146.8,122.8046875,19
1776812071.7615047,0.0,0,0,107.2,122.8046875,19
1776812076.7911596,0.0,0,0,107.1,122.8046875,19
1776812077.6266954,0.0,0,0,92.2,122.8046875,19
1776812081.7868905,0.0,0,0,112.8,122.8046875,19
1776812084.0009327,0.0,0,0,113.3,122.8046875,19
1776812087.0834312,0.0,0,0,100.5,122.8046875,19
1776812090.535285,0.0,0,0,100.5,122.8046875,19
1776812092.367428,0.0,0,0,99.2,122.8046875,19
1776812097.1259508,0.0,0,0,104.7,122.8046875,19
1776812097.5419462,0.0,0,0,103.7,122.8046875,19
1776812103.0610137,0.0,0,0,98.2,122.8046875,19
1776812103.7133071,0.0,0,0,88.2,122.8046875,19
1776812108.3909447,0.0,0,0,103.8,122.8046875,19
1776812110.3405359,0.0,0,0,108.0,122.8046875,19
1776812113.4956038,0.0,0,0,143.3,122.8046875,19
1776812117.6421127,0.0,0,0,100.0,122.8046875,19
1776812118.6129851,0.0,0,0,147.4,122.8046875,19
1776812123.9787543,0.0,0,0,100.0,122.8046875,19
1776812124.1545053,0.0,0,0,98.6,122.8046875,19
1776812129.366952,0.0,0,0,106.8,122.8046875,19
1776812130.8273678,0.0,0,0,88.6,122.8046875,19
1776812134.7317317,0.0,0,0,98.9,122.8046875,19
1776812137.577927,0.0,0,0,102.0,122.8046875,19
1776812139.7834787,0.0,0,0,100.9,122.8046875,19
1776812143.7709432,0.0,0,0,100.6,122.8046875,19
1776812144.89752,0.0,0,0,93.3,122.8046875,19
1776812149.9719703,0.0,0,0,97.1,122.8046875,19
1776812150.3094163,0.0,0,0,103.1,122.8046875,19
1776812155.770417,0.0,0,0,89.4,122.8046875,19
1776812157.061182,0.0,0,0,104.2,122.8046875,19
1776812161.0398672,0.0,0,0,90.5,122.8046875,19
1776812163.5785515,0.0,0,0,100.3,122.8046875,19
1776812166.6450617,0.0,0,0,94.2,122.8046875,19
1776812170.0510242,0.0,0,0,109.5,122.8046875,19
1776812171.9694076,0.0,0,0,92.0,122.8046875,19
1776812177.1239076,0.0,0,0,92.6,122.8046875,19
1776812177.2447689,0.0,0,0,104.6,122.8046875,19
1776812182.4063928,0.0,0,0,108.1,122.8046875,19
1776812184.1306748,0.0,0,0,99.0,122.8046875,19
1776812187.4979615,0.0,0,0,100.0,122.8046875,19
1776812190.800825,0.0,0,0,94.0,122.8046875,19
1776812192.5982223,0.0,0,0,101.8,122.8046875,19
1776812197.359077,0.0,0,0,95.5,122.8046875,19
1776812198.1092114,0.0,0,0,99.9,122.8046875,19
1776812203.2964087,0.0,0,0,102.3,122.8046875,19
1776812204.0419943,0.0,0,0,104.0,122.8046875,19
1776812208.696123,0.0,0,0,101.3,122.8046875,19
1776812210.6489859,0.0,0,0,102.3,122.8046875,19
1776812213.807463,0.0,0,0,100.3,122.8046875,19
1776812217.050252,0.0,0,0,149.6,122.8046875,19
1776812218.7994003,0.0,0,0,91.6,122.8046875,19
1776812223.5864155,0.0,0,0,106.1,122.8046875,19
1776812223.9544806,0.0,0,0,86.7,122.8046875,19
1776812229.3464344,0.0,0,0,104.6,122.8046875,19
1776812229.9438791,0.0,0,0,109.2,122.8046875,19
1776812234.8204188,0.0,0,0,92.8,122.8046875,19
1776812237.6608517,0.0,0,0,103.1,122.8046875,19
1776812240.4291494,0.0,0,0,124.2,122.8046875,19
1776812244.3167045,0.0,0,0,100.3,122.8046875,19
1776812245.5034375,0.0,0,0,105.1,122.8046875,19
1776812250.9019432,0.0,0,0,98.7,122.8046875,19
1776812251.0085776,0.0,0,0,99.8,122.8046875,19
1776812256.3411267,0.0,0,0,100.9,122.8046875,19
1776812257.1334138,0.0,0,0,102.3,122.8046875,19
1776812261.565654,0.0,0,0,90.4,122.8046875,19
1776812263.3492198,0.0,0,0,111.1,122.8046875,19
1776812267.0219252,0.0,0,0,110.1,122.8046875,19
1776812269.6129198,0.0,0,0,110.8,122.8046875,19
1776812271.985943,0.0,0,0,95.0,122.8046875,19
1776812276.1496139,0.0,0,0,96.6,122.8046875,19
1776812277.2129955,0.0,0,0,93.7,122.8046875,19
1776812282.4644797,0.0,0,0,102.8,122.8046875,19
1776812282.502363,0.0,0,0,87.8,122.8046875,19
1776812288.0547142,0.0,0,0,102.6,122.8046875,19
1776812288.9503872,0.0,0,0,99.3,122.8046875,19
1776812293.0544143,0.0,0,0,103.3,122.8046875,19
1776812295.0380678,0.0,0,0,107.5,122.8046875,19
1776812298.5135498,0.0,0,0,101.9,122.8046875,19
1776812301.9714906,0.0,0,0,89.7,122.8046875,19
1776812303.5958965,0.0,0,0,100.6,122.8046875,19
1776812308.5902872,0.0,0,0,106.1,122.8046875,19
1776812309.2154305,0.0,0,0,95.9,122.8046875,19
1776812314.005881,0.0,0,0,112.8,122.8046875,19
1776812315.523631,0.0,0,0,102.5,122.8046875,19
1776812319.5141943,0.0,0,0,101.2,122.8046875,19
1776812322.418788,0.0,0,0,93.6,122.8046875,19
1776812324.934424,0.0,0,0,105.7,122.8046875,19
1776812329.0989208,0.0,0,0,103.6,122.8046875,19
1776812329.8959508,0.0,0,0,100.9,122.8046875,19
1776812335.0224168,0.0,0,0,97.8,122.8046875,19
1776812335.5786252,0.0,0,0,108.9,122.8046875,19
1776812340.5225227,0.0,0,0,101.2,122.8046875,19
1776812342.1639242,0.0,0,0,101.4,122.8046875,19
1776812346.0353744,0.0,0,0,97.4,122.8046875,19
1776812348.5309794,0.0,0,0,106.0,122.8046875,19
1776812351.210396,0.0,0,0,97.4,122.8046875,19
1776812355.2749672,0.0,0,0,102.4,122.8046875,19
1776812356.3674242,0.0,0,0,103.5,122.8046875,19
1776812361.8076534,0.0,0,0,107.5,122.8046875,19
1776812362.0204346,0.0,0,0,173.2,122.8046875,19
1776812367.3061528,0.0,0,0,99.8,122.8046875,19
1776812368.5274427,0.0,0,0,103.9,122.8046875,19
1776812372.8474965,0.0,0,0,102.5,122.8046875,19
1776812375.1581883,0.0,0,0,105.1,122.8046875,19
1776812378.1046898,0.0,0,0,92.1,122.8046875,19
1776812381.9889262,0.0,0,0,98.9,122.8046875,19
1776812383.3765626,0.0,0,0,105.4,122.8046875,19
1776812388.5967245,0.0,0,0,125.1,122.8046875,19
1776812388.5694308,0.0,0,0,136.4,122.8046875,19
1776812393.713955,0.0,0,0,99.4,122.8046875,19
1776812395.0134416,0.0,0,0,97.7,122.8046875,19
1776812398.9491036,0.0,0,0,102.1,122.8046875,19
1776812401.7437649,0.0,0,0,97.3,122.8046875,19
1776812404.7470484,0.0,0,0,120.3,122.8046875,19
1776812408.1653466,0.0,0,0,98.8,122.8046875,19
1776812410.099456,0.0,0,0,108.4,122.8046875,19
1776812414.6976779,0.0,0,0,100.0,122.8046875,19
1776812415.2849982,0.0,0,0,101.8,122.8046875,19
1776812420.4409044,0.0,0,0,92.3,122.8046875,19
1776812421.3872714,0.0,0,0,102.1,122.8046875,19
1776812425.6179488,0.0,0,0,98.8,122.8046875,19
1776812428.1224325,0.0,0,0,110.3,122.8046875,19
1776812431.0103889,0.0,0,0,108.6,122.8046875,19
1776812434.634612,0.0,0,0,93.3,122.8046875,19
1776812436.4324236,0.0,0,0,101.9,122.8046875,19
1776812441.6314535,0.0,0,0,88.7,122.8046875,19
1776812441.6208997,0.0,0,0,92.7,122.8046875,19
1776812446.7306178,0.0,0,0,102.2,122.8046875,19
1776812448.4990988,0.0,0,0,101.9,122.8046875,19
1776812451.8760128,0.0,0,0,107.7,122.8046875,19
1776812455.0107172,0.0,0,0,101.3,122.8046875,19
1776812457.3563895,0.0,0,0,109.7,122.8046875,19
1776812461.7984068,0.0,0,0,98.8,122.8046875,19
1776812462.6725395,0.0,0,0,100.4,122.8046875,19
1776812467.8749855,0.0,0,0,129.8,122.8046875,19
1776812468.1804018,0.0,0,0,106.5,122.8046875,19
1776812473.4280787,0.0,0,0,102.6,122.8046875,19
1776812474.2793386,0.0,0,0,98.8,122.8046875,19
1776812478.4034393,0.0,0,0,193.8,122.8046875,19
1776812481.0179036,0.0,0,0,98.9,122.8046875,19
1776812483.5705187,0.0,0,0,92.4,122.8046875,19
1776812487.4104438,0.0,0,0,101.3,122.8046875,19
1776812489.0764177,0.0,0,0,89.9,122.8046875,19
1776812493.7601597,0.0,0,0,104.0,122.8046875,19
1776812494.5798876,0.0,0,0,110.1,122.8046875,19
1776812499.6204784,0.0,0,0,106.0,122.8046875,19
1776812500.5554562,0.0,0,0,93.3,122.8046875,19
1776812505.071453,0.0,0,0,104.8,122.8046875,19
1776812507.3139343,0.0,0,0,93.7,122.8046875,19
1776812510.5119805,0.0,0,0,100.6,122.8046875,19
1776812513.893898,0.0,0,0,101.4,122.8046875,19
1776812515.9283967,0.0,0,0,96.0,122.8046875,19
1776812520.4814208,0.0,0,0,100.2,122.8046875,19
1776812521.317385,0.0,0,0,101.3,122.8046875,19
1776812526.4832041,0.0,0,0,146.0,122.8046875,19
1776812527.3349278,0.0,0,0,98.9,122.8046875,19
1776812531.5354073,0.0,0,0,100.1,122.8046875,19
1776812534.0370495,0.0,0,0,98.7,122.8046875,19
1776812536.7234752,0.0,0,0,99.4,122.8046875,19
1776812540.6451561,0.0,0,0,106.0,122.8046875,19
1776812542.2544587,0.0,0,0,100.2,122.8046875,19
1776812547.3720412,0.0,0,0,159.8,122.8046875,19
1776812547.2989357,0.0,0,0,96.6,122.8046875,19
1776812552.8111243,0.0,0,0,103.4,122.8046875,19
1776812553.836125,0.0,0,0,101.3,122.8046875,19
1776812558.4124205,0.0,0,0,104.0,122.8046875,19
1776812560.0509565,0.0,0,0,106.5,122.8046875,19
1776812563.8051186,0.0,0,0,86.0,122.8046875,19
1776812567.1267352,0.0,0,0,97.4,122.8046875,19
1776812569.071447,0.0,0,0,94.4,122.8046875,19
1776812573.7529194,0.0,0,0,86.8,122.8046875,19
1776812574.0926332,0.0,0,0,132.8,122.8046875,19
1776812579.416164,0.0,0,0,98.5,122.8046875,19
1776812579.8594098,0.0,0,0,91.6,122.8046875,19
1776812584.742723,0.0,0,0,99.4,122.8046875,19
1776812585.537491,0.0,0,0,98.5,122.8046875,19
1776812590.5614455,0.0,0,0,119.2,122.8046875,19
1776812592.144413,0.0,0,0,99.7,122.8046875,19
1776812595.6382124,0.0,0,0,102.3,122.8046875,19
1776812598.6773672,0.0,0,0,94.9,122.8046875,19
1776812600.6589148,0.0,0,0,108.9,122.8046875,19
1776812605.2979538,0.0,0,0,109.5,122.8046875,19
1776812606.142879,0.0,0,0,100.4,122.8046875,19
1776812611.359156,0.0,0,0,97.5,122.8046875,19
1776812611.9195454,0.0,0,0,111.9,122.8046875,19
1776812616.8290431,0.0,0,0,100.4,122.8046875,19
1776812618.435481,0.0,0,0,99.3,122.8046875,19
1776812622.0261745,0.0,0,0,98.8,122.8046875,19
1776812625.482004,0.0,0,0,94.3,122.8046875,19
1776812627.2714727,0.0,0,0,90.3,122.8046875,19
1776812632.264935,0.0,0,0,101.7,122.8046875,19
1776812632.5789578,0.0,0,0,98.9,122.8046875,19
1776812637.755923,0.0,0,0,124.0,122.8046875,19
1776812639.110386,0.0,0,0,93.9,122.8046875,19
1776812643.1634007,0.0,0,0,97.2,122.8046875,19
1776812646.1544878,0.0,0,0,91.7,122.8046875,19
1776812648.3882372,0.0,0,0,98.4,122.8046875,19
1776812652.9669874,0.0,0,0,109.1,122.8046875,19
1776812653.5308,0.0,0,0,88.2,122.8046875,19
1776812658.8654513,0.0,0,0,91.0,122.8046875,19
1776812659.3834531,0.0,0,0,98.5,122.8046875,19
1776812664.4154005,0.0,0,0,88.2,122.8046875,19
1776812665.224836,0.0,0,0,92.0,122.8046875,19
1776812669.7922065,0.0,0,0,104.7,122.8046875,19
1776812671.9267657,0.0,0,0,92.7,122.8046875,19
1776812675.2689505,0.0,0,0,98.3,122.8046875,19
1776812678.6571114,0.0,0,0,103.1,122.8046875,19
1776812680.809573,0.0,0,0,98.6,122.8046875,19
1776812685.2154384,0.0,0,0,100.4,122.8046875,19
1776812686.2644372,0.0,0,0,99.4,122.8046875,19
1776812691.5123897,0.0,0,0,106.6,122.8046875,19
1776812691.9549568,0.0,0,0,103.1,122.8046875,19
1776812696.5508885,0.0,0,0,123.2,122.8046875,19
1776812698.0716507,0.0,0,0,91.7,122.8046875,19
1776812701.7700431,0.0,0,0,95.1,122.8046875,19
1776812705.0614681,0.0,0,0,99.9,122.8046875,19
1776812706.9719331,0.0,0,0,104.2,122.8046875,19
1776812711.648096,0.0,0,0,96.1,122.8046875,19
1776812712.083459,0.0,0,0,105.2,122.8046875,19
1776812717.4440017,0.0,0,0,116.8,122.8046875,19
1776812718.6235542,0.0,0,0,112.2,122.8046875,19
1776812722.4359622,0.0,0,0,88.6,122.8046875,19
1776812724.8606064,0.0,0,0,103.9,122.8046875,19
1776812727.5256858,0.0,0,0,121.3,122.8046875,19
1776812731.32292,0.0,0,0,100.5,122.8046875,19
1776812732.7344332,0.0,0,0,112.1,122.8046875,19
1776812738.0209653,0.0,0,0,115.1,122.8046875,19
1776812738.0694802,0.0,0,0,98.1,122.8046875,19
1776812743.2890677,0.0,0,0,129.7,122.8046875,19
1776812743.9981377,0.0,0,0,116.1,122.8046875,19
1776812748.3818893,0.0,0,0,152.5,122.8046875,19
1776812750.3574061,0.0,0,0,105.2,122.8046875,19
1776812753.395771,0.0,0,0,104.5,122.8046875,19
1776812756.8259106,0.0,0,0,122.4,122.8046875,19
1776812758.695466,0.0,0,0,98.5,122.8046875,19
1776812763.7151656,0.0,0,0,102.7,122.8046875,19
1776812763.9548905,0.0,0,0,99.8,122.8046875,19
1776812769.1018274,0.0,0,0,93.7,122.8046875,19
1776812770.4065135,0.0,0,0,126.1,122.8046875,19
1776812774.2169518,0.0,0,0,87.3,122.8046875,19
1776812777.2604086,0.0,0,0,99.2,122.8046875,19
1776812779.4697287,0.0,0,0,99.7,122.8046875,19
1776812783.5478368,0.0,0,0,122.6,122.8046875,19
1776812784.857444,0.0,0,0,98.7,122.8046875,19
1776812789.939798,0.0,0,0,143.9,122.8046875,19
1776812789.9650059,0.0,0,0,105.0,122.8046875,19
1776812794.8840365,0.0,0,0,171.2,122.8046875,19
1776812796.328758,0.0,0,0,89.7,122.8046875,19
1776812800.1588764,0.0,0,0,106.5,122.8046875,19
1776812802.7469952,0.0,0,0,99.1,122.8046875,19
1776812805.2354262,0.0,0,0,102.7,122.8046875,19
1776812809.5860808,0.0,0,0,136.5,122.8046875,19
1776812810.650423,0.0,0,0,146.2,122.8046875,19
1776812815.8611796,0.0,0,0,100.3,122.8046875,19
1776812816.897585,0.0,0,0,97.7,122.8046875,19
1776812821.4844494,0.0,0,0,101.8,122.8046875,19
1776812823.7278094,0.0,0,0,96.3,122.8046875,19
1776812826.529567,0.0,0,0,115.1,122.8046875,19
1776812830.2064514,0.0,0,0,101.1,122.8046875,19
1776812831.8132398,0.0,0,0,146.8,122.8046875,19
1776812837.0843995,0.0,0,0,108.5,122.8046875,19
1776812837.6690488,0.0,0,0,105.1,122.8046875,19
1776812843.1765177,0.0,0,0,102.4,122.8046875,19
1776812843.6919155,0.0,0,0,100.7,122.8046875,19
1776812848.3244894,0.0,0,0,100.1,122.8046875,19
1776812850.39138,0.0,0,0,99.9,122.8046875,19
1776812853.4989522,0.0,0,0,89.8,122.8046875,19
1776812857.5405717,0.0,0,0,103.6,122.8046875,19
1776812858.5004632,0.0,0,0,118.4,122.8046875,19
1776812863.6809952,0.0,0,0,97.4,122.8046875,19
1776812864.7243335,0.0,0,0,96.0,122.8046875,19
1776812868.7457657,0.0,0,0,106.5,122.8046875,19
1776812871.786395,0.0,0,0,100.5,122.8046875,19
1776812873.8644211,0.0,0,0,105.9,122.8046875,19
1776812878.963409,0.0,0,0,99.2,122.8046875,19
1776812879.2754226,0.0,0,0,97.6,122.8046875,19
1776812884.842431,0.0,0,0,103.0,122.8046875,19
1776812885.7379503,0.0,0,0,105.9,122.8046875,19
1776812889.9404757,0.0,0,0,98.1,122.8046875,19
1776812892.6358404,0.0,0,0,101.0,122.8046875,19
1776812895.0947006,0.0,0,0,98.7,122.8046875,19
1776812899.7279618,0.0,0,0,102.4,122.8046875,19
1776812900.6278272,0.0,0,0,97.4,122.8046875,19
1776812906.0724602,0.0,0,0,99.0,122.8046875,19
1776812906.6450765,0.0,0,0,105.6,122.8046875,19
1776812911.3976455,0.0,0,0,96.6,122.8046875,19
1776812913.1894565,0.0,0,0,136.8,122.8046875,19
1776812916.9252899,0.0,0,0,98.4,122.8046875,19
1776812919.913918,0.0,0,0,103.2,122.8046875,19
1776812922.4106233,0.0,0,0,103.4,122.8046875,19
1776812926.1435914,0.0,0,0,95.8,122.8046875,19
1776812927.6811504,0.0,0,0,102.8,122.8046875,19
1776812932.3564723,0.0,0,0,100.2,122.8046875,19
1776812933.1803963,0.0,0,0,101.9,122.8046875,19
1776812938.5633976,0.0,0,0,103.2,122.8046875,19
1776812938.9814236,0.0,0,0,96.2,122.8046875,19
1776812944.1184525,0.0,0,0,99.9,122.8046875,19
1776812945.3594396,0.0,0,0,109.4,122.8046875,19
1776812949.4979784,0.0,0,0,93.5,122.8046875,19
1776812952.0117278,0.0,0,0,100.3,122.8046875,19
1776812954.8210137,0.0,0,0,95.9,122.8046875,19
1776812958.4647422,0.0,0,0,97.4,122.8046875,19
1776812959.9201996,0.0,0,0,104.5,122.8046875,19
1776812964.94065,0.0,0,0,103.0,122.8046875,19
1776812965.2485046,0.0,0,0,91.6,122.8046875,19
1776812970.9629562,0.0,0,0,106.8,122.8046875,19
1776812972.080637,0.0,0,0,100.5,122.8046875,19
1776812976.0799835,0.0,0,0,103.2,122.8046875,19
1776812978.55245,0.0,0,0,91.7,122.8046875,19
1776812981.3244739,0.0,0,0,100.2,122.8046875,19
1776812985.293134,0.0,0,0,222.3,122.8046875,19
1776812986.3960066,0.0,0,0,106.8,122.8046875,19
1776812991.8699195,0.0,0,0,101.8,122.8046875,19
1776812991.9234803,0.0,0,0,99.1,122.8046875,19
1776812997.2039888,0.0,0,0,96.8,122.8046875,19
1776812999.0210934,0.0,0,0,100.6,122.8046875,19
1776813002.4599972,0.0,0,0,119.7,122.8046875,19
1776813005.5850282,0.0,0,0,98.5,122.8046875,19
1776813007.6901462,0.0,0,0,104.1,122.8046875,19
1776813011.957493,0.0,0,0,142.1,122.8046875,19
1776813012.761446,0.0,0,0,103.9,122.8046875,19
1776813017.8864212,0.0,0,0,99.0,122.8046875,19
1776813018.712134,0.0,0,0,88.0,122.8046875,19
1776813023.6290102,0.0,0,0,103.6,122.8046875,19
1776813025.349749,0.0,0,0,94.4,122.8046875,19
1776813029.050942,0.0,0,0,105.0,122.8046875,19
1776813032.4674058,0.0,0,0,119.3,122.8046875,19
1776813034.2000628,0.0,0,0,159.6,122.8046875,19
1776813039.3098924,0.0,0,0,94.7,122.8046875,19
1776813039.6213057,0.0,0,0,103.2,122.8046875,19
1776813044.8666577,0.0,0,0,79.6,122.8046875,19
1776813046.0495417,0.0,0,0,139.2,122.8046875,19
1776813050.0323813,0.0,0,0,93.3,122.8046875,19
1776813052.2770007,0.0,0,0,103.1,122.8046875,19
1776813055.2024658,0.0,0,0,101.3,122.8046875,19
1776813058.418216,0.0,0,0,90.8,122.8046875,19
1776813060.3609526,0.0,0,0,115.4,122.8046875,19
1776813065.448963,0.0,0,0,92.8,122.8046875,19
1776813065.717343,0.0,0,0,137.1,122.8046875,19
1776813070.837479,0.0,0,0,104.4,122.8046875,19
1776813072.1279688,0.0,0,0,106.2,122.8046875,19
1776813076.218463,0.0,0,0,96.8,122.8046875,19
1776813078.8105621,0.0,0,0,100.8,122.8046875,19
1776813081.405019,0.0,0,0,104.8,122.8046875,19
1776813085.58635,0.0,0,0,99.6,122.8046875,19
1776813086.7401714,0.0,0,0,100.2,122.8046875,19
1776813091.7830143,0.0,0,0,87.7,122.8046875,19
1776813092.3257446,0.0,0,0,102.4,122.8046875,19
1776813096.9815903,0.0,0,0,99.5,122.8046875,19
1776813099.0815113,0.0,0,0,103.3,122.8046875,19
1776813102.112422,0.0,0,0,98.4,122.8046875,19
1776813106.2394354,0.0,0,0,97.1,122.8046875,19
1776813107.6696715,0.0,0,0,101.1,122.8046875,19
1776813112.8209488,0.0,0,0,165.0,122.8046875,19
1776813113.3169518,0.0,0,0,97.6,122.8046875,19
1776813118.3184187,0.0,0,0,96.0,122.8046875,19
1776813119.5460184,0.0,0,0,101.9,122.8046875,19
1776813123.813578,0.0,0,0,87.9,122.8046875,19
1776813126.2840216,0.0,0,0,109.9,122.8046875,19
1776813129.3499596,0.0,0,0,92.4,122.8046875,19
1776813133.288552,0.0,0,0,108.8,122.8046875,19
1776813134.9484665,0.0,0,0,116.1,122.8046875,19
1776813140.1073987,0.0,0,0,128.2,122.8046875,19
1776813140.1769576,0.0,0,0,104.6,122.8046875,19
1776813145.7489161,0.0,0,0,107.8,122.8046875,19
1776813146.7835538,0.0,0,0,149.5,122.8046875,19
1776813151.0224528,0.0,0,0,115.9,122.8046875,19
1776813153.7478848,0.0,0,0,92.3,122.8046875,19
1776813156.2289326,0.0,0,0,104.7,122.8046875,19
1776813160.7385201,0.0,0,0,107.4,122.8046875,19
1776813161.3064196,0.0,0,0,97.2,122.8046875,19
1776813166.5245638,0.0,0,0,135.2,122.8046875,19
1776813167.4598818,0.0,0,0,93.4,122.8046875,19
1776813171.6475232,0.0,0,0,103.8,122.8046875,19
1776813174.5465906,0.0,0,0,98.4,122.8046875,19
1776813176.7759428,0.0,0,0,101.4,122.8046875,19
1776813181.0182874,0.0,0,0,100.6,122.8046875,19
1776813181.9192462,0.0,0,0,103.8,122.8046875,19
1776813187.018219,0.0,0,0,97.0,122.8046875,19
1776813187.709508,0.0,0,0,99.7,122.8046875,19
1776813192.683157,0.0,0,0,98.4,122.8046875,19
1776813194.5594387,0.0,0,0,104.0,122.8046875,19
1776813197.8119237,0.0,0,0,121.0,122.8046875,19
1776813201.584234,0.0,0,0,105.5,122.8046875,19
1776813202.7346947,0.0,0,0,103.1,122.8046875,19
1776813207.960882,0.0,0,0,93.5,122.8046875,19
1776813208.1408124,0.0,0,0,100.5,122.8046875,19
1776813213.275424,0.0,0,0,105.8,122.8046875,19
1776813214.7455313,0.0,0,0,123.0,122.8046875,19
1776813218.9743907,0.0,0,0,100.0,122.8046875,19
1776813221.6314802,0.0,0,0,100.2,122.8046875,19
1776813224.4164705,0.0,0,0,101.5,122.8046875,19
1776813228.830653,0.0,0,0,102.4,122.8046875,19
1776813229.6653678,0.0,0,0,89.7,122.8046875,19
1776813235.0163834,0.0,0,0,97.2,122.8046875,19
1776813235.8249714,0.0,0,0,96.1,122.8046875,19
1776813240.3700342,0.0,0,0,93.6,122.8046875,19
1776813242.5558765,0.0,0,0,113.8,122.8046875,19
1776813245.4640636,0.0,0,0,120.3,122.8046875,19
1776813249.4511538,0.0,0,0,101.4,122.8046875,19
1776813250.9439163,0.0,0,0,91.9,122.8046875,19
1776813256.1714756,0.0,0,0,101.0,122.8046875,19
1776813256.0231724,0.0,0,0,95.7,122.8046875,19
1776813261.5124876,0.0,0,0,105.3,122.8046875,19
1776813262.996635,0.0,0,0,120.7,122.8046875,19
1776813266.7244923,0.0,0,0,92.6,122.8046875,19
1776813269.2289822,0.0,0,0,96.3,122.8046875,19
1776813271.6893122,0.0,0,0,108.8,122.8046875,19
1776813275.6675985,0.0,0,0,104.4,122.8046875,19
1776813276.7949526,0.0,0,0,111.1,122.8046875,19
1776813282.2030292,0.0,0,0,100.6,122.8046875,19
1776813282.3895273,0.0,0,0,97.8,122.8046875,19
1776813287.341126,0.0,0,0,102.8,122.8046875,19
1776813289.0679324,0.0,0,0,93.5,122.8046875,19
1776813292.5957048,0.0,0,0,98.8,122.8046875,19
1776813295.493907,0.0,0,0,93.8,122.8046875,19
1776813297.7339666,0.0,0,0,102.1,122.8046875,19
1776813302.1320765,0.0,0,0,100.2,122.8046875,19
1776813303.2413876,0.0,0,0,107.1,122.8046875,19
1776813308.8905551,0.0,0,0,102.0,122.8046875,19
1776813308.8786743,0.0,0,0,104.4,122.8046875,19
1776813314.3419297,0.0,0,0,98.4,122.8046875,19
1776813314.687118,0.0,0,0,96.5,122.8046875,19
1776813319.6705005,0.0,0,0,101.4,122.8046875,19
1776813321.2354777,0.0,0,0,99.6,122.8046875,19
1776813324.6996815,0.0,0,0,95.7,122.8046875,19
1776813327.8859782,0.0,0,0,95.6,122.8046875,19
1776813330.1833637,0.0,0,0,98.4,122.8046875,19
1776813334.113926,0.0,0,0,106.1,122.8046875,19
1776813335.5658894,0.0,0,0,88.8,122.8046875,19
1776813340.6927094,0.0,0,0,96.8,122.8046875,19
1776813341.0887878,0.0,0,0,103.2,122.8046875,19
1776813345.6772306,0.0,0,0,104.0,122.8046875,19
1776813347.7594342,0.0,0,0,99.3,122.8046875,19
1776813351.1511767,0.0,0,0,81.3,122.8046875,19
1776813354.2203515,0.0,0,0,101.6,122.8046875,19
1776813356.2829285,0.0,0,0,97.7,122.8046875,19
1776813361.2959557,0.0,0,0,89.4,122.8046875,19
1776813361.768457,0.0,0,0,99.9,122.8046875,19
1776813367.2220314,0.0,0,0,96.3,122.8125,19
1776813367.9897244,0.0,0,0,100.4,122.8125,19
1776813372.5999842,0.0,0,0,88.9,122.8125,19
1776813374.8378994,0.0,0,0,97.5,122.8125,19
1776813378.096271,0.0,0,0,111.6,122.8125,19
1776813381.4308143,0.0,0,0,100.3,122.8125,19
1776813383.193116,0.0,0,0,108.8,122.8125,19
1776813388.3584855,0.0,0,0,99.9,122.8125,19
1776813388.4010298,0.0,0,0,92.4,122.8125,19
1776813393.8694031,0.0,0,0,116.8,122.8125,19
1776813394.8092642,0.0,0,0,87.0,122.8125,19
1776813399.4104755,0.0,0,0,100.0,122.8125,19
1776813401.9475124,0.0,0,0,100.8,122.8125,19
1776813404.450463,0.0,0,0,93.8,122.8125,19
1776813408.7139225,0.0,0,0,107.0,122.8125,19
1776813409.6828249,0.0,0,0,105.3,122.8125,19
1776813414.831466,0.0,0,0,93.8,122.8125,19
1776813415.5488064,0.0,0,0,106.5,122.8125,19
1776813419.877014,0.0,0,0,102.3,122.8125,19
1776813422.8614204,0.0,0,0,154.3,122.8125,19
1776813425.012957,0.0,0,0,92.5,122.8125,19
1776813429.844282,0.0,0,0,104.9,122.8125,19
1776813430.1437402,0.0,0,0,103.0,122.8125,19
1776813435.3494296,0.0,0,0,103.6,122.8203125,19
1776813436.346867,0.0,0,0,121.9,122.8203125,19
1776813440.831888,0.0,0,0,98.7,122.8203125,19
1776813443.4595404,0.0,0,0,99.4,122.8203125,19
1776813446.1015322,0.0,0,0,105.1,122.8203125,19
1776813450.360412,0.0,0,0,129.8,122.8203125,19
1776813451.2140734,0.0,0,0,98.9,122.8203125,19
1776813456.528194,0.0,0,0,98.4,122.8515625,19
1776813457.1679437,0.0,0,0,94.7,122.8515625,19
1776813462.212969,0.0,0,0,98.3,122.8515625,19
1776813463.4065428,0.0,0,0,106.0,122.8515625,19
1776813467.1995804,0.0,0,0,101.3,122.8515625,19
1776813470.001487,0.0,0,0,95.2,122.8515625,19
1776813472.45891,0.0,0,0,106.9,122.8515625,19
1776813476.8465044,0.0,0,0,103.6,122.8515625,19
1776813477.752455,0.0,0,0,99.7,122.8515625,19
1776813482.7650328,0.0,0,0,104.2,122.8515625,19
1776813483.7850537,0.0,0,0,102.9,122.8515625,19
1776813488.0849483,0.0,0,0,100.7,122.8515625,19
1776813491.1058583,0.0,0,0,93.5,122.8515625,19
1776813493.1835904,0.0,0,0,100.0,122.8515625,19
1776813497.4674506,0.0,0,0,97.8,122.8515625,19
1776813498.509481,0.0,0,0,92.8,122.8515625,19
1776813503.7238617,0.0,0,0,101.6,122.8515625,19
1776813504.3759024,0.0,0,0,93.4,122.8515625,19
1776813509.1819875,0.0,0,0,102.5,122.8515625,19
1776813511.6004527,0.0,0,0,99.2,122.8515625,19
1776813514.6048522,0.0,0,0,89.6,122.8515625,19
1776813518.1593804,0.0,0,0,108.6,122.8515625,19
1776813519.5088732,0.0,0,0,100.8,122.8515625,19
1776813524.5886757,0.0,0,0,94.7,122.8515625,19
1776813524.6841147,0.0,0,0,98.9,122.8515625,19
1776813529.935417,0.0,0,0,107.8,122.8515625,19
1776813531.535959,0.0,0,0,98.3,122.8515625,19
1776813534.9600594,0.0,0,0,199.5,122.8515625,19
1776813537.92426,0.0,0,0,101.2,122.8515625,19
1776813540.2934844,0.0,0,0,108.5,122.8515625,19
1776813545.1111672,0.0,0,0,95.8,122.8515625,19
1776813545.515992,0.0,0,0,107.9,122.8515625,19
1776813550.860444,0.0,0,0,100.1,122.8515625,19
1776813551.2964952,0.0,0,0,100.5,122.8515625,19
1776813556.2964523,0.0,0,0,103.5,122.8515625,19
1776813558.650714,0.0,0,0,89.4,122.8515625,19
1776813561.2268298,0.0,0,0,100.4,122.8515625,19
1776813565.7464752,0.0,0,0,92.3,122.8515625,19
1776813566.6219256,0.0,0,0,99.2,122.8515625,19
1776813571.9599142,0.0,0,0,86.1,122.8515625,19
1776813572.794673,0.0,0,0,104.4,122.8515625,19
1776813577.4557898,0.0,0,0,97.7,122.8515625,19
1776813579.8799703,0.0,0,0,97.6,122.8515625,19
1776813582.6374812,0.0,0,0,105.1,122.8515625,19
1776813586.149621,0.0,0,0,96.7,122.8515625,19
1776813587.9079618,0.0,0,0,95.8,122.8515625,19
1776813592.848451,0.0,0,0,95.9,122.8515625,19
1776813593.0421503,0.0,0,0,103.6,122.8515625,19
1776813598.5494668,0.0,0,0,106.2,122.875,19
1776813599.303936,0.0,0,0,111.0,122.875,19
1776813604.080943,0.0,0,0,104.6,122.875,19
1776813606.0266523,0.0,0,0,109.1,122.875,19
1776813609.5381587,0.0,0,0,99.2,122.875,19
1776813612.9029171,0.0,0,0,100.3,122.875,19
1776813614.777056,0.0,0,0,107.5,122.875,19
1776813619.614495,0.0,0,0,102.2,122.875,19
1776813620.0105212,0.0,0,0,103.1,122.875,19
1776813625.2650595,0.0,0,0,85.7,122.87890625,19
1776813626.5940623,0.0,0,0,150.0,122.87890625,19
1776813630.326424,0.0,0,0,100.4,122.9296875,19
1776813633.130453,0.0,0,0,99.9,122.9296875,19
1776813635.8799498,0.0,0,0,104.0,122.9296875,19
1776813640.0421383,0.0,0,0,92.1,122.9296875,19
1776813640.7209892,0.0,0,0,104.0,122.9296875,19
1776813646.2689734,0.0,0,0,143.4,122.93359375,19
1776813646.604902,0.0,0,0,102.4,122.93359375,19
1776813651.407905,0.0,0,0,95.4,122.93359375,19
1776813653.2411265,0.0,0,0,92.4,122.93359375,19
1776813656.5616758,0.0,0,0,97.8,122.93359375,19
1776813659.5363717,0.0,0,0,122.7,122.9375,19
1776813661.73218,0.0,0,0,108.7,122.9375,19
1776813666.10802,0.0,0,0,148.2,122.9375,19
1776813667.1555197,0.0,0,0,104.1,122.9375,19
1776813672.3962228,0.0,0,0,104.9,122.9375,19
1776813672.7709413,0.0,0,0,99.3,122.9375,19
1776813677.5655131,0.0,0,0,107.0,122.9375,19
1776813679.5063405,0.0,0,0,115.0,122.9375,19
1776813682.7834933,0.0,0,0,106.3,122.94140625,19
1776813685.6474757,0.0,0,0,107.3,122.94140625,19
1776813688.204758,0.0,0,0,100.9,122.94140625,19
1776813692.6689522,0.0,0,0,107.6,122.9453125,19
1776813693.308964,0.0,0,0,100.9,122.9453125,19
1776813698.5424957,0.0,0,0,92.1,122.9609375,19
1776813699.1950247,0.0,0,0,108.8,122.9609375,19
1776813704.0550067,0.0,0,0,99.3,122.9609375,19
1776813705.7400122,0.0,0,0,94.6,122.96484375,19
1776813709.5634577,0.0,0,0,102.1,122.96484375,19
1776813712.5481555,0.0,0,0,107.9,122.96484375,19
1776813714.9187403,0.0,0,0,92.1,122.96484375,19
1776813719.2814245,0.0,0,0,105.2,122.96484375,19
1776813720.3235092,0.0,0,0,112.1,122.96484375,19
1776813725.8245585,0.0,0,0,99.5,122.97265625,19
1776813726.0685656,0.0,0,0,99.0,122.97265625,19
1776813731.0364523,0.0,0,0,100.6,122.97265625,19
1776813732.517923,0.0,0,0,104.1,122.97265625,19
1776813735.999388,0.0,0,0,92.7,122.9765625,19
1776813739.6343498,0.0,0,0,100.4,122.9765625,19
1776813741.1835082,0.0,0,0,90.7,122.9765625,19
1776813746.3101149,0.0,0,0,88.8,122.984375,19
1776813746.9704192,0.0,0,0,97.7,122.984375,19
1776813751.655895,0.0,0,0,95.1,122.984375,19
1776813753.9799159,0.0,0,0,106.2,122.984375,19
1776813757.3873777,0.0,0,0,97.9,122.984375,19
1776813761.0555043,0.0,0,0,108.0,122.984375,19
1776813762.8135674,0.0,0,0,103.8,122.984375,19
1776813768.1394925,0.0,0,0,91.7,122.984375,19
1776813768.3570304,0.0,0,0,97.9,122.984375,19
1776813773.4768994,0.0,0,0,123.3,122.984375,19
1776813775.0688596,0.0,0,0,105.3,122.984375,19
1776813778.5435402,0.0,0,0,94.8,122.984375,19
1776813782.1963828,0.0,0,0,101.3,122.984375,19
1776813783.7652178,0.0,0,0,97.4,122.984375,19
1776813789.0445135,0.0,0,0,99.7,122.984375,19
1776813788.990004,0.0,0,0,102.2,122.984375,19
1776813794.4114585,0.0,0,0,98.8,122.984375,19
1776813795.5770092,0.0,0,0,103.3,122.984375,19
1776813799.5129538,0.0,0,0,95.2,122.984375,19
1776813802.4463801,0.0,0,0,100.9,122.984375,19
1776813804.9612923,0.0,0,0,108.1,122.984375,19
1776813808.9001353,0.0,0,0,94.6,122.984375,19
1776813810.2349534,0.0,0,0,92.9,122.984375,19
1776813815.0133832,0.0,0,0,85.5,122.984375,19
1776813815.5434394,0.0,0,0,96.6,122.984375,19
1776813820.5380297,0.0,0,0,115.7,123.078125,19
1776813821.9818165,0.0,0,0,125.7,123.078125,19
1776813825.90405,0.0,0,0,100.2,123.078125,19
1776813828.7571943,0.0,0,0,100.5,123.078125,19
1776813831.182754,0.0,0,0,100.3,123.078125,19
1776813835.1672387,0.0,0,0,105.4,123.078125,19
1776813836.9035504,0.0,0,0,85.8,123.078125,19
1776813841.9962485,0.0,0,0,105.0,123.078125,19
1776813842.028412,0.0,0,0,98.4,123.078125,19
1776813847.0073922,0.0,0,0,98.3,123.078125,19
1776813849.3206184,0.0,0,0,117.9,123.078125,19
1776813852.2659361,0.0,0,0,99.8,123.078125,19
1776813856.0163896,0.0,0,0,109.3,123.078125,19
1776813857.502575,0.0,0,0,101.2,123.078125,19
1776813862.5670152,0.0,0,0,103.8,123.078125,19
1776813862.9044666,0.0,0,0,100.9,123.078125,19
1776813868.055364,0.0,0,0,103.0,123.0859375,19
1776813868.6625426,0.0,0,0,99.7,123.0859375,19
1776813873.0786102,0.0,0,0,99.1,123.0859375,19
1776813875.0569572,0.0,0,0,98.4,123.0859375,19
1776813878.5099857,0.0,0,0,97.5,123.0859375,19
1776813882.432242,0.0,0,0,99.7,123.0859375,19
1776813883.8834343,0.0,0,0,96.3,123.0859375,19
1776813888.911045,0.0,0,0,97.6,123.0859375,19
1776813889.1779673,0.0,0,0,99.4,123.0859375,19
1776813894.3717291,0.0,0,0,123.2,123.0859375,19
1776813896.1634464,0.0,0,0,107.8,123.0859375,19
1776813899.4673123,0.0,0,0,103.2,123.0859375,19
1776813902.965788,0.0,0,0,110.8,123.0859375,19
1776813904.7617564,0.0,0,0,90.1,123.0859375,19
1776813910.0444555,0.0,0,0,100.9,123.0859375,19
1776813910.25593,0.0,0,0,100.3,123.0859375,19
1776813915.7074518,0.0,0,0,96.7,123.0859375,19
1776813916.8521087,0.0,0,0,105.8,123.0859375,19
1776813921.1164763,0.0,0,0,100.1,123.0859375,19
1776813923.6650774,0.0,0,0,81.8,123.0859375,19
1776813926.7194333,0.0,0,0,97.6,123.0859375,19
1776813930.2666976,0.0,0,0,95.5,123.0859375,19
1776813931.7444737,0.0,0,0,98.6,123.0859375,19
1776813936.7231498,0.0,0,0,103.5,123.0859375,19
1776813936.934769,0.0,0,0,99.0,123.0859375,19
1776813942.0830607,0.0,0,0,104.6,123.0859375,19
1776813943.8588305,0.0,0,0,98.3,123.0859375,19
1776813947.345975,0.0,0,0,93.4,123.0859375,19
1776813950.6852891,0.0,0,0,94.6,123.0859375,19
1776813952.7614257,0.0,0,0,94.1,123.0859375,19
1776813957.3363929,0.0,0,0,101.4,123.0859375,19
1776813957.8424635,0.0,0,0,95.6,123.0859375,19
1776813963.298799,0.0,0,0,98.5,123.0859375,19
1776813964.2703142,0.0,0,0,101.2,123.0859375,19
1776813968.63455,0.0,0,0,95.5,123.0859375,19
1776813970.7708306,0.0,0,0,106.1,123.0859375,19
1776813973.7940588,0.0,0,0,110.5,123.08984375,19
1776813977.0764098,0.0,0,0,96.2,123.08984375,19
1776813979.2254107,0.0,0,0,100.1,123.08984375,19
1776813983.6434753,0.0,0,0,112.9,123.08984375,19
1776813984.5715294,0.0,0,0,119.9,123.08984375,19
1776813989.7634506,0.0,0,0,104.6,123.08984375,19
1776813990.31457,0.0,0,0,92.7,123.08984375,19
1776813995.0112116,0.0,0,0,102.7,123.11328125,19
1776813996.9464462,0.0,0,0,99.9,123.11328125,19
1776814000.3443036,0.0,0,0,98.6,123.11328125,19
1776814004.1369026,0.0,0,0,111.2,123.11328125,19
1776814005.6415753,0.0,0,0,98.7,123.11328125,19
1776814010.4259229,0.0,0,0,190.8,123.11328125,19
1776814010.8359287,0.0,0,0,90.3,123.11328125,19
1776814015.8554509,0.0,0,0,102.5,123.11328125,19
1776814017.327451,0.0,0,0,124.6,123.11328125,19
1776814021.2313972,0.0,0,0,98.6,123.11328125,19
1776814023.6479518,0.0,0,0,104.8,123.11328125,19
1776814026.2124026,0.0,0,0,89.6,123.11328125,19
1776814030.6375556,0.0,0,0,155.4,123.11328125,19
1776814031.530019,0.0,0,0,139.2,123.11328125,19
1776814036.6903777,0.0,0,0,109.0,123.11328125,19
1776814037.1511066,0.0,0,0,102.0,123.11328125,19
1776814042.0675316,0.0,0,0,86.1,123.1171875,19
1776814043.6653333,0.0,0,0,109.7,123.1171875,19
1776814047.5194223,0.0,0,0,106.2,123.1171875,19
1776814050.2569542,0.0,0,0,102.8,123.1171875,19
1776814052.7894828,0.0,0,0,93.3,123.1171875,19
1776814057.317409,0.0,0,0,109.7,123.1171875,19
1776814057.8555298,0.0,0,0,90.9,123.1171875,19
1776814063.1297224,0.0,0,0,89.1,123.1171875,19
1776814064.164865,0.0,0,0,96.9,123.1171875,19
1776814068.5990815,0.0,0,0,99.5,123.1171875,19
1776814071.0419667,0.0,0,0,97.1,123.1171875,19
1776814073.881109,0.0,0,0,101.9,123.1171875,19
1776814077.6284173,0.0,0,0,103.6,123.1171875,19
1776814079.4505463,0.0,0,0,107.9,123.1171875,19
1776814084.2855482,0.0,0,0,94.8,123.1171875,19
1776814084.571134,0.0,0,0,92.6,123.1171875,19
1776814089.9773133,0.0,0,0,113.0,123.125,19
1776814090.8929174,0.0,0,0,87.6,123.125,19
1776814095.1514332,0.0,0,0,109.5,123.125,19
1776814097.4978638,0.0,0,0,100.5,123.125,19
1776814100.2908437,0.0,0,0,95.3,123.125,19
1776814104.4513903,0.0,0,0,103.4,123.125,19
1776814105.4762228,0.0,0,0,103.2,123.125,19
1776814110.7859583,0.0,0,0,183.8,123.125,19
1776814110.9529157,0.0,0,0,102.6,123.125,19
1776814116.6096842,0.0,0,0,100.2,123.125,19
1776814117.3126395,0.0,0,0,100.2,123.125,19
1776814121.937846,0.0,0,0,100.3,123.125,19
1776814123.5256383,0.0,0,0,99.8,123.125,19
1776814127.2319467,0.0,0,0,106.8,123.125,19
1776814129.8706107,0.0,0,0,105.2,123.125,19
1776814132.3898814,0.0,0,0,98.9,123.125,19
1776814136.542034,0.0,0,0,103.8,123.125,19
1776814137.5230098,0.0,0,0,122.7,123.125,19
1776814142.640183,0.0,0,0,95.6,123.125,19
1776814142.8800273,0.0,0,0,103.5,123.125,19
1776814147.9940026,0.0,0,0,133.4,123.125,19
1776814149.422516,0.0,0,0,99.9,123.125,19
1776814153.028717,0.0,0,0,102.0,123.125,19
1776814155.990979,0.0,0,0,99.4,123.125,19
1776814158.4429665,0.0,0,0,101.1,123.125,19
1776814162.4491315,0.0,0,0,101.3,123.125,19
1776814163.4922936,0.0,0,0,99.4,123.125,19
1776814168.5306902,0.0,0,0,92.0,123.125,19
1776814168.5004127,0.0,0,0,110.2,123.125,19
1776814173.952564,0.0,0,0,101.6,123.125,19
1776814174.9169993,0.0,0,0,120.4,123.125,19
1776814179.5244317,0.0,0,0,181.1,123.125,19
1776814181.4969041,0.0,0,0,100.9,123.125,19
1776814184.5996644,0.0,0,0,93.1,123.125,19
1776814188.5334327,0.0,0,0,92.3,123.125,19
1776814189.9347801,0.0,0,0,100.1,123.125,19
1776814195.0414574,0.0,0,0,101.2,123.125,19
1776814195.3494906,0.0,0,0,99.3,123.125,19
1776814200.6128595,0.0,0,0,99.5,123.14453125,19
1776814201.8448474,0.0,0,0,89.1,123.14453125,19
1776814205.790204,0.0,0,0,107.2,123.14453125,19
1776814208.76593,0.0,0,0,151.6,123.14453125,19
1776814211.0494545,0.0,0,0,107.9,123.14453125,19
1776814215.0554466,0.0,0,0,95.8,123.14453125,19
1776814216.2351692,0.0,0,0,93.5,123.14453125,19
1776814221.4866982,0.0,0,0,95.7,123.14453125,19
1776814221.7894804,0.0,0,0,102.0,123.14453125,19
1776814226.7659054,0.0,0,0,99.5,123.14453125,19
1776814228.3411524,0.0,0,0,104.9,123.14453125,19
1776814232.2480035,0.0,0,0,93.3,123.14453125,19
1776814234.8895068,0.0,0,0,89.7,123.14453125,19
1776814237.8569252,0.0,0,0,100.1,123.14453125,19
1776814241.7605186,0.0,0,0,110.1,123.14453125,19
1776814243.1035004,0.0,0,0,102.5,123.14453125,19
1776814247.7209718,0.0,0,0,104.9,123.14453125,19
1776814248.5399766,0.0,0,0,100.3,123.14453125,19
1776814253.8903885,0.0,0,0,96.8,123.14453125,19
1776814254.075454,0.0,0,0,99.8,123.14453125,19
1776814259.1116524,0.0,0,0,92.2,123.14453125,19
1776814260.9014852,0.0,0,0,99.2,123.14453125,19
1776814264.2381673,0.0,0,0,104.7,123.14453125,19
1776814267.3698719,0.0,0,0,109.1,123.14453125,19
1776814269.5342133,0.0,0,0,99.4,123.14453125,19
1776814274.071779,0.0,0,0,94.8,123.14453125,19
1776814274.9151146,0.0,0,0,90.4,123.14453125,19
1776814280.0314746,0.0,0,0,99.8,123.14453125,19
1776814280.453451,0.0,0,0,155.7,123.14453125,19
1776814285.4486327,0.0,0,0,109.9,123.14453125,19
1776814286.9294086,0.0,0,0,98.6,123.14453125,19
1776814290.5289462,0.0,0,0,134.7,123.14453125,19
1776814293.8133981,0.0,0,0,90.3,123.14453125,19
1776814295.7159674,0.0,0,0,99.4,123.14453125,19
1776814300.377137,0.0,0,0,104.5,123.14453125,19
1776814300.8664258,0.0,0,0,101.3,123.14453125,19
1776814306.1709387,0.0,0,0,102.9,123.1640625,19
1776814306.613388,0.0,0,0,98.5,123.1640625,19
1776814311.4954405,0.0,0,0,92.1,123.16796875,19
1776814312.6425915,0.0,0,0,104.9,123.16796875,19
1776814316.7675512,0.0,0,0,117.7,123.16796875,19
1776814318.9994564,0.0,0,0,100.0,123.16796875,19
1776814321.933024,0.0,0,0,94.0,123.16796875,19
1776814325.1729486,0.0,0,0,92.2,123.16796875,19
1776814327.2269604,0.0,0,0,94.7,123.16796875,19
1776814331.5314028,0.0,0,0,149.2,123.16796875,19
1776814332.405403,0.0,0,0,118.7,123.16796875,19
1776814337.5123427,0.0,0,0,82.1,123.16796875,19
1776814337.7169256,0.0,0,0,105.8,123.16796875,19
1776814342.6234367,0.0,0,0,158.6,123.16796875,19
1776814343.5354125,0.0,0,0,105.7,123.16796875,19
1776814348.0114343,0.0,0,0,97.2,123.16796875,19
1776814350.1665566,0.0,0,0,79.5,123.16796875,19
1776814353.0165124,0.0,0,0,107.4,123.16796875,19
1776814357.1550264,0.0,0,0,98.5,123.16796875,19
1776814358.3254728,0.0,0,0,118.8,123.16796875,19
1776814364.0169413,0.0,0,0,97.0,123.16796875,19
1776814363.9834995,0.0,0,0,98.3,123.16796875,19
1776814369.1104708,0.0,0,0,100.6,123.16796875,19
1776814371.066852,0.0,0,0,120.1,123.16796875,19
1776814374.6539974,0.0,0,0,101.9,123.16796875,19
1776814377.8850403,0.0,0,0,136.1,123.16796875,19
1776814380.221609,0.0,0,0,110.7,123.16796875,19
1776814384.7580476,0.0,0,0,90.4,123.16796875,19
1776814385.3165789,0.0,0,0,97.4,123.16796875,19
1776814390.6995785,0.0,0,0,106.2,123.27734375,19
1776814391.3275893,0.0,0,0,105.7,123.27734375,19
1776814395.8774683,0.0,0,0,105.0,123.27734375,19
1776814398.1450722,0.0,0,0,97.7,123.27734375,19
1776814400.920503,0.0,0,0,106.7,123.27734375,19
1776814404.9319925,0.0,0,0,97.7,123.27734375,19
1776814405.8153963,0.0,0,0,88.6,123.27734375,19
1776814411.137578,0.0,0,0,86.0,123.27734375,19
1776814411.765145,0.0,0,0,103.1,123.27734375,19
1776814416.1985962,0.0,0,0,91.8,123.27734375,19
1776814418.6284485,0.0,0,0,105.8,123.27734375,19
1776814421.8115292,0.0,0,0,93.9,123.27734375,19
1776814425.496031,0.0,0,0,100.9,123.27734375,19
1776814427.083012,0.0,0,0,121.7,123.27734375,19
1776814431.9396095,0.0,0,0,104.4,123.27734375,19
1776814432.0269847,0.0,0,0,97.4,123.27734375,19
1776814437.1545687,0.0,0,0,104.7,123.27734375,19
1776814438.1330397,0.0,0,0,87.9,123.27734375,19
1776814442.3195276,0.0,0,0,98.4,123.27734375,19
1776814445.1000245,0.0,0,0,164.5,123.27734375,19
1776814447.681043,0.0,0,0,97.7,123.27734375,19
1776814451.9355245,0.0,0,0,99.2,123.27734375,19
1776814453.047825,0.0,0,0,99.7,123.27734375,19
1776814458.6503737,0.0,0,0,134.6,123.27734375,19
1776814463.7889955,0.0,0,0,100.1,123.27734375,19
1776814465.4037359,0.0,0,0,103.9,123.27734375,19
1776814468.904491,0.0,0,0,130.8,123.27734375,19
1776814472.152389,0.0,0,0,106.0,123.27734375,19
1776814474.00692,0.0,0,0,95.9,123.27734375,19
1776814479.111952,0.0,0,0,98.2,123.27734375,19
1776814479.212917,0.0,0,0,110.1,123.27734375,19
1776814484.2038875,0.0,0,0,108.9,123.27734375,19
1776814485.4204123,0.0,0,0,96.3,123.27734375,19
1776814489.5194674,0.0,0,0,105.4,123.27734375,19
1776814492.0132265,0.0,0,0,119.4,123.27734375,19
1776814494.863388,0.0,0,0,93.2,123.27734375,19
1776814498.3844385,0.0,0,0,100.7,123.27734375,19
1776814500.2714314,0.0,0,0,101.9,123.27734375,19
1776814504.664602,0.0,0,0,107.7,123.27734375,19
1776814506.049429,0.0,0,0,117.3,123.27734375,19
1776814511.0255442,0.0,0,0,94.8,123.27734375,19
1776814511.530414,0.0,0,0,103.5,123.27734375,19
1776814516.563414,0.0,0,0,97.8,123.27734375,19
1776814517.755932,0.0,0,0,93.3,123.27734375,19
1776814521.9777098,0.0,0,0,103.0,123.27734375,19
1776814524.5649776,0.0,0,0,166.1,123.27734375,19
1776814527.0134027,0.0,0,0,103.9,123.27734375,19
1776814531.2609565,0.0,0,0,108.9,123.27734375,19
1776814532.4489872,0.0,0,0,111.1,123.27734375,19
1776814537.7018952,0.0,0,0,83.4,123.27734375,19
1776814537.8771074,0.0,0,0,94.1,123.27734375,19
1776814543.0024605,0.0,0,0,98.6,123.27734375,19
1776814544.3799646,0.0,0,0,100.4,123.27734375,19
1776814548.4553783,0.0,0,0,107.4,123.27734375,19
1776814550.6555398,0.0,0,0,105.9,123.27734375,19
1776814554.1074116,0.0,0,0,102.9,123.27734375,19
1776814557.103466,0.0,0,0,91.7,123.27734375,19
1776814559.1563916,0.0,0,0,103.9,123.27734375,19
1776814563.258028,0.0,0,0,101.8,123.27734375,19
1776814564.6032963,0.0,0,0,89.9,123.27734375,19
1776814569.8955138,0.0,0,0,104.0,123.27734375,19
1776814569.9539347,0.0,0,0,104.8,123.27734375,19
1776814574.99991,0.0,0,0,106.3,123.27734375,19
1776814576.4645388,0.0,0,0,93.4,123.27734375,19
1776814580.8296952,0.0,0,0,100.0,123.27734375,19
1776814583.2714958,0.0,0,0,106.7,123.27734375,19
1776814585.7954466,0.0,0,0,83.5,123.27734375,19
1776814589.699879,0.0,0,0,103.4,123.27734375,19
1776814590.7744048,0.0,0,0,95.2,123.27734375,19
1776814595.95846,0.0,0,0,103.4,123.27734375,19
1776814596.1219082,0.0,0,0,106.0,123.27734375,19
1776814601.123495,0.0,0,0,102.4,123.27734375,19
1776814602.4849484,0.0,0,0,100.8,123.27734375,19
1776814606.32605,0.0,0,0,93.3,123.27734375,19
1776814609.2829075,0.0,0,0,102.0,123.27734375,19
1776814611.4285307,0.0,0,0,100.4,123.27734375,19
1776814615.9869328,0.0,0,0,112.4,123.27734375,19
1776814616.483376,0.0,0,0,100.3,123.27734375,19
1776814621.6666002,0.0,0,0,95.7,123.27734375,19
1776814622.8765812,0.0,0,0,130.1,123.27734375,19
1776814627.2681165,0.0,0,0,97.8,123.27734375,19
1776814629.5000799,0.0,0,0,102.3,123.27734375,19
1776814632.7974677,0.0,0,0,103.1,123.27734375,19
1776814636.207028,0.0,0,0,109.1,123.27734375,19
1776814637.8364117,0.0,0,0,105.8,123.27734375,19
1776814643.0254676,0.0,0,0,90.7,123.27734375,19
1776814642.8680177,0.0,0,0,88.5,123.27734375,19
1776814648.3339632,0.0,0,0,93.4,123.27734375,19
1776814649.812646,0.0,0,0,96.8,123.27734375,19
1776814653.8288507,0.0,0,0,89.8,123.27734375,19
1776814656.3524325,0.0,0,0,102.5,123.27734375,19
1776814659.415135,0.0,0,0,102.5,123.27734375,19
1776814662.8674638,0.0,0,0,101.1,123.27734375,19
1776814664.6279721,0.0,0,0,92.4,123.27734375,19
1776814669.432927,0.0,0,0,105.4,123.27734375,19
1776814669.9406579,0.0,0,0,86.0,123.27734375,19
1776814675.4924884,0.0,0,0,99.0,123.27734375,19
1776814676.2399292,0.0,0,0,107.1,123.27734375,19
1776814680.3199337,0.0,0,0,92.4,123.27734375,19
1776814682.956455,0.0,0,0,106.8,123.27734375,19
1776814685.5803776,0.0,0,0,99.3,123.27734375,19
1776814689.9173934,0.0,0,0,100.0,123.27734375,19
1776814690.971199,0.0,0,0,102.9,123.27734375,19
1776814695.7210066,0.0,0,0,88.9,123.27734375,19
1776814696.332718,0.0,0,0,96.5,123.27734375,19
1776814701.0425553,0.0,0,0,101.2,123.27734375,19
1776814703.054548,0.0,0,0,91.9,123.27734375,19
1776814706.3735585,0.0,0,0,74.7,123.27734375,19
1776814709.5851398,0.0,0,0,126.9,123.27734375,19
1776814711.9034457,0.0,0,0,88.1,123.27734375,19
1776814715.7434099,0.0,0,0,106.4,123.27734375,19
1776814717.071378,0.0,0,0,91.4,123.27734375,19
1776814721.7378871,0.0,0,0,99.4,123.27734375,19
1776814722.395749,0.0,0,0,103.1,123.27734375,19
1776814727.6428125,0.0,0,0,99.2,123.27734375,19
1776814728.3091655,0.0,0,0,105.3,123.27734375,19
1776814733.0504596,0.0,0,0,104.6,123.27734375,19
1776814734.849953,0.0,0,0,98.6,123.3671875,19
1776814738.134308,0.0,0,0,101.2,123.3671875,19
1776814741.1974328,0.0,0,0,100.1,123.3671875,19
1776814743.3148506,0.0,0,0,93.3,123.3671875,19
1776814747.9169629,0.0,0,0,101.3,123.3671875,19
1776814748.386076,0.0,0,0,105.4,123.3671875,19
1776814753.540232,0.0,0,0,102.4,123.375,19
1776814754.7195199,0.0,0,0,103.7,123.375,19
1776814758.7975533,0.0,0,0,90.4,123.375,19
1776814761.2058213,0.0,0,0,94.9,123.375,19
1776814764.094422,0.0,0,0,87.7,123.375,19
1776814767.6184285,0.0,0,0,99.7,123.375,19
1776814769.337931,0.0,0,0,94.4,123.375,19
1776814774.2319818,0.0,0,0,96.1,123.375,19
1776814774.4120846,0.0,0,0,101.7,123.375,19
1776814779.5194566,0.0,0,0,97.8,123.375,19
1776814780.5759583,0.0,0,0,100.8,123.375,19
1776814784.57866,0.0,0,0,101.3,123.375,19
1776814787.5355604,0.0,0,0,91.1,123.375,19
1776814789.8769746,0.0,0,0,93.1,123.375,19
1776814794.2354236,0.0,0,0,99.6,123.375,19
1776814795.1600754,0.0,0,0,139.1,123.375,19
1776814800.6413114,0.0,0,0,95.9,123.375,19
1776814800.9060278,0.0,0,0,103.3,123.375,19
1776814806.0004916,0.0,0,0,103.6,123.375,19
1776814807.6366975,0.0,0,0,92.2,123.375,19
1776814811.4674942,0.0,0,0,102.7,123.375,19
1776814814.5395155,0.0,0,0,100.8,123.375,19
1776814816.7820153,0.0,0,0,101.3,123.375,19
1776814821.0270128,0.0,0,0,106.3,123.375,19
1776814822.179404,0.0,0,0,106.6,123.375,19
1776814827.4438956,0.0,0,0,103.5,123.375,19
1776814827.9780223,0.0,0,0,92.6,123.375,19
1776814833.2166295,0.0,0,0,99.3,123.375,19
1776814834.4706197,0.0,0,0,97.4,123.375,19
1776814838.424906,0.0,0,0,98.1,123.375,19
1776814841.0539613,0.0,0,0,97.6,123.375,19
1776814843.9254203,0.0,0,0,93.7,123.375,19
1776814847.209924,0.0,0,0,105.1,123.375,19
1776814849.4874818,0.0,0,0,105.5,123.375,19
1776814854.0731213,0.0,0,0,109.2,123.375,19
1776814854.9125962,0.0,0,0,102.0,123.375,19
1776814860.3174412,0.0,0,0,102.5,123.375,19
1776814861.2484324,0.0,0,0,103.6,123.375,19
1776814865.6823595,0.0,0,0,95.9,123.375,19
1776814867.250888,0.0,0,0,91.3,123.375,19
1776814871.3150601,0.0,0,0,92.8,123.375,19
1776814873.9589384,0.0,0,0,99.8,123.375,19
1776814876.615652,0.0,0,0,99.2,123.375,19
1776814880.5973592,0.0,0,0,95.9,123.375,19
1776814881.6503963,0.0,0,0,96.3,123.375,19
1776814887.1160028,0.0,0,0,104.7,123.375,19
1776814887.3664708,0.0,0,0,99.7,123.375,19
1776814892.474467,0.0,0,0,232.9,123.375,19
1776814893.7969177,0.0,0,0,99.1,123.375,19
1776814897.6734731,0.0,0,0,118.3,123.375,19
1776814900.175424,0.0,0,0,105.9,123.375,19
1776814903.053482,0.0,0,0,105.5,123.375,19
1776814906.5864902,0.0,0,0,103.4,123.375,19
1776814908.4164045,0.0,0,0,98.8,123.375,19
1776814913.0737686,0.0,0,0,91.9,123.375,19
1776814913.4669507,0.0,0,0,94.1,123.375,19
1776814918.5674622,0.0,0,0,91.1,123.375,19
1776814920.1914313,0.0,0,0,103.6,123.375,19
1776814923.9305692,0.0,0,0,95.9,123.375,19
1776814926.8283107,0.0,0,0,103.2,123.375,19
1776814929.0180063,0.0,0,0,103.3,123.375,19
1776814933.2334359,0.0,0,0,93.2,123.375,19
1776814934.337946,0.0,0,0,89.7,123.375,19
1776814939.573069,0.0,0,0,113.0,123.375,19
1776814939.9789755,0.0,0,0,107.8,123.375,19
1776814945.1574183,0.0,0,0,97.1,123.375,19
1776814946.419755,0.0,0,0,98.4,123.375,19
1776814950.3901238,0.0,0,0,107.3,123.375,19
1776814953.1399286,0.0,0,0,92.4,123.375,19
1776814955.436384,0.0,0,0,91.5,123.375,19
1776814959.9624457,0.0,0,0,96.4,123.375,19
1776814960.891468,0.0,0,0,102.4,123.375,19
1776814966.378395,0.0,0,0,93.1,123.375,19
1776814966.4905663,0.0,0,0,104.6,123.375,19
1776814971.2864246,0.0,0,0,98.4,123.375,19
1776814973.083491,0.0,0,0,97.2,123.375,19
1776814976.4823666,0.0,0,0,99.4,123.375,19
1776814980.037024,0.0,0,0,98.2,123.375,19
1776814981.7971213,0.0,0,0,95.1,123.375,19
1776814986.9685206,0.0,0,0,88.3,123.375,19
1776814986.9611533,0.0,0,0,98.9,123.375,19
1776814991.9890995,0.0,0,0,89.5,123.375,19
1776814992.8153727,0.0,0,0,108.1,123.375,19
1776814997.3436532,0.0,0,0,121.5,123.375,19
1776814999.7524204,0.0,0,0,103.9,123.375,19
1776815002.508928,0.0,0,0,100.5,123.375,19
1776815005.8309877,0.0,0,0,104.5,123.375,19
1776815007.9783938,0.0,0,0,141.6,123.375,19
1776815012.2865436,0.0,0,0,97.8,123.375,19
1776815013.438816,0.0,0,0,99.1,123.375,19
1776815018.7004251,0.0,0,0,96.9,123.375,19
1776815018.887487,0.0,0,0,101.1,123.375,19
1776815023.6974843,0.0,0,0,92.3,123.375,19
1776815024.9734812,0.0,0,0,91.3,123.375,19
1776815029.1380026,0.0,0,0,90.1,123.375,19
1776815031.7169082,0.0,0,0,161.6,123.375,19
1776815034.751407,0.0,0,0,98.5,123.375,19
1776815038.2135215,0.0,0,0,99.5,123.375,19
1776815039.910981,0.0,0,0,87.6,123.375,19
1776815044.9179306,0.0,0,0,100.2,123.375,19
1776815044.9670267,0.0,0,0,97.2,123.375,19
1776815050.278805,0.0,0,0,96.5,123.375,19
1776815051.3068707,0.0,0,0,98.0,123.375,19
1776815055.7094219,0.0,0,0,99.6,123.375,19
1776815057.4074128,0.0,0,0,103.4,123.375,19
1776815060.971953,0.0,0,0,94.6,123.375,19
1776815063.9254143,0.0,0,0,105.7,123.375,19
1776815066.227751,0.0,0,0,98.6,123.375,19
1776815070.2004185,0.0,0,0,99.4,123.375,19
1776815071.2699118,0.0,0,0,105.5,123.375,19
1776815076.2734911,0.0,0,0,103.8,123.375,19
1776815076.7771285,0.0,0,0,95.0,123.375,19
1776815081.9346697,0.0,0,0,84.7,123.375,19
1776815082.8374667,0.0,0,0,102.8,123.375,19
1776815087.043959,0.0,0,0,95.6,123.375,19
1776815088.9540803,0.0,0,0,103.2,123.375,19
1776815092.0285125,0.0,0,0,104.8,123.375,19
1776815095.4024255,0.0,0,0,93.6,123.375,19
1776815097.2954667,0.0,0,0,105.6,123.375,19
1776815102.1082034,0.0,0,0,106.2,123.375,19
1776815102.7494047,0.0,0,0,109.3,123.375,19
1776815108.0767746,0.0,0,0,103.0,123.375,19
1776815108.9564795,0.0,0,0,106.6,123.375,19
1776815113.5525749,0.0,0,0,104.7,123.375,19
1776815115.2754407,0.0,0,0,96.1,123.375,19
1776815118.8224716,0.0,0,0,88.1,123.375,19
1776815121.4527097,0.0,0,0,95.4,123.375,19
1776815123.993521,0.0,0,0,93.1,123.375,19
1776815127.9985018,0.0,0,0,100.7,123.375,19
1776815129.2159283,0.0,0,0,99.0,123.375,19
1776815134.4350815,0.0,0,0,98.0,123.375,19
1776815134.9544716,0.0,0,0,104.7,123.375,19
1776815139.6215754,0.0,0,0,104.3,123.375,19
1776815141.9335241,0.0,0,0,101.9,123.375,19
1776815145.0734107,0.0,0,0,91.1,123.375,19
1776815148.7741404,0.0,0,0,101.5,123.375,19
1776815150.5384774,0.0,0,0,104.7,123.375,19
1776815155.2259965,0.0,0,0,96.1,123.375,19
1776815155.8724887,0.0,0,0,104.7,123.375,19
1776815161.2840514,0.0,0,0,101.7,123.375,19
1776815161.9101648,0.0,0,0,93.4,123.375,19
1776815166.5559487,0.0,0,0,103.7,123.375,19
1776815167.8404713,0.0,0,0,105.5,123.375,19
1776815171.8826506,0.0,0,0,105.2,123.375,19
1776815174.6534255,0.0,0,0,107.2,123.375,19
1776815177.2994776,0.0,0,0,102.2,123.375,19
1776815180.992759,0.0,0,0,105.2,123.375,19
1776815182.8032548,0.0,0,0,124.8,123.375,19
1776815187.5071082,0.0,0,0,106.3,123.375,19
1776815188.1531568,0.0,0,0,98.6,123.375,19
1776815193.3004181,0.0,0,0,99.3,123.375,19
1776815194.1329484,0.0,0,0,94.1,123.375,19
1776815198.4846895,0.0,0,0,100.2,123.375,19
1776815200.89249,0.0,0,0,93.3,123.375,19
1776815203.8929093,0.0,0,0,101.1,123.375,19
1776815207.482432,0.0,0,0,88.9,123.375,19
1776815209.269911,0.0,0,0,104.0,123.375,19
1776815213.6795282,0.0,0,0,91.4,123.375,19
1776815214.4716475,0.0,0,0,97.3,123.375,19
1776815219.4714675,0.0,0,0,102.1,123.375,19
1776815220.4814465,0.0,0,0,101.3,123.375,19
1776815224.8184757,0.0,0,0,99.8,123.375,19
1776815227.112465,0.0,0,0,98.7,123.375,19
1776815229.9707778,0.0,0,0,138.5,123.375,19
1776815234.138015,0.0,0,0,97.9,123.375,19
1776815235.1014156,0.0,0,0,101.2,123.375,19
1776815240.597434,0.0,0,0,91.6,123.375,19
1776815240.8018765,0.0,0,0,98.5,123.375,19
1776815245.6305041,0.0,0,0,99.0,123.375,19
1776815247.28043,0.0,0,0,103.7,123.375,19
1776815250.900433,0.0,0,0,105.5,123.375,19
1776815253.8807237,0.0,0,0,88.4,123.375,19
1776815256.1339688,0.0,0,0,110.2,123.375,19
1776815261.0579712,0.0,0,0,100.1,123.375,19
1776815261.294423,0.0,0,0,100.0,123.375,19
1776815266.7601829,0.0,0,0,98.1,123.375,19
1776815267.7794363,0.0,0,0,98.0,123.375,19
1776815271.8733027,0.0,0,0,89.9,123.375,19
1776815274.7229152,0.0,0,0,108.1,123.375,19
1776815277.364998,0.0,0,0,105.0,123.375,19
1776815281.0625079,0.0,0,0,100.9,123.375,19
1776815282.4850495,0.0,0,0,98.3,123.375,19
1776815287.6490588,0.0,0,0,102.2,123.375,19
1776815287.9098961,0.0,0,0,96.9,123.375,19
1776815293.1983736,0.0,0,0,97.3,123.375,19
1776815294.2118855,0.0,0,0,103.1,123.375,19
1776815298.442837,0.0,0,0,164.6,123.375,19
1776815301.589379,0.0,0,0,99.0,123.375,19
1776815303.6677094,0.0,0,0,131.5,123.375,19
1776815308.05556,0.0,0,0,92.7,123.375,19
1776815308.6766443,0.0,0,0,87.8,123.375,19
1776815313.9804206,0.0,0,0,104.7,123.375,19
1776815314.1166525,0.0,0,0,97.9,123.375,19
1776815319.2874072,0.0,0,0,109.8,123.375,19
1776815320.7975054,0.0,0,0,106.2,123.375,19
1776815324.6674025,0.0,0,0,100.1,123.375,19
1776815327.3787076,0.0,0,0,96.7,123.375,19
1776815329.72493,0.0,0,0,102.3,123.375,19
1776815333.7378206,0.0,0,0,102.6,123.375,19
1776815335.020467,0.0,0,0,103.8,123.375,19
1776815340.164895,0.0,0,0,96.7,123.375,19
1776815340.346945,0.0,0,0,100.1,123.375,19
1776815345.601734,0.0,0,0,103.4,123.375,19
1776815346.9633741,0.0,0,0,100.1,123.375,19
1776815350.6094358,0.0,0,0,93.5,123.375,19
1776815353.3989427,0.0,0,0,93.0,123.375,19
1776815356.024921,0.0,0,0,96.5,123.375,19
1776815360.1217735,0.0,0,0,109.3,123.375,19
1776815361.17392,0.0,0,0,92.8,123.375,19
1776815366.4678807,0.0,0,0,103.0,123.375,19
1776815366.7493846,0.0,0,0,113.3,123.375,19
1776815371.7042048,0.0,0,0,95.5,123.375,19
1776815372.674096,0.0,0,0,100.8,123.375,19
1776815376.8195038,0.0,0,0,149.2,123.375,19
1776815379.2750068,0.0,0,0,107.6,123.375,19
1776815382.2390327,0.0,0,0,103.4,123.375,19
1776815385.6646154,0.0,0,0,129.6,123.375,19
1776815387.6089811,0.0,0,0,90.7,123.375,19
1776815392.6303837,0.0,0,0,99.3,123.375,19
1776815392.8254395,0.0,0,0,144.0,123.375,19
1776815397.8614154,0.0,0,0,99.6,123.375,19
1776815399.306397,0.0,0,0,104.6,123.375,19
1776815403.0444174,0.0,0,0,96.8,123.375,19
1776815405.577452,0.0,0,0,95.0,123.375,19
1776815408.3130558,0.0,0,0,96.5,123.375,19
1776815412.7254014,0.0,0,0,95.1,123.375,19
1776815413.2546253,0.0,0,0,106.6,123.375,19
1776815418.2738857,0.0,0,0,102.9,123.375,19
1776815419.1143813,0.0,0,0,93.7,123.375,19
1776815423.2720866,0.0,0,0,113.1,123.375,19
1776815425.5984073,0.0,0,0,93.3,123.375,19
1776815428.8066497,0.0,0,0,117.1,123.375,19
1776815432.1686354,0.0,0,0,101.7,123.375,19
1776815433.9939408,0.0,0,0,88.2,123.375,19
1776815438.9547746,0.0,0,0,100.2,123.375,19
1776815439.3113668,0.0,0,0,104.6,123.375,19
1776815444.4209356,0.0,0,0,123.0,123.375,19
1776815445.6267908,0.0,0,0,103.1,123.375,19
1776815449.8222768,0.0,0,0,105.6,123.375,19
1776815451.9174643,0.0,0,0,103.7,123.375,19
1776815455.3270214,0.0,0,0,100.2,123.375,19
1776815458.7728977,0.0,0,0,93.1,123.375,19
1776815460.5648239,0.0,0,0,93.6,123.375,19
1776815465.2470276,0.0,0,0,91.7,123.375,19
1776815465.740161,0.0,0,0,90.5,123.375,19
1776815471.0134294,0.0,0,0,98.3,123.375,19
1776815472.1175897,0.0,0,0,101.5,123.375,19
1776815476.2992218,0.0,0,0,101.9,123.375,19
1776815478.6300945,0.0,0,0,103.1,123.375,19
1776815481.434976,0.0,0,0,107.1,123.375,19
1776815485.4673827,0.0,0,0,100.4,123.375,19
1776815486.7209876,0.0,0,0,98.9,123.375,19
1776815491.6754923,0.0,0,0,94.4,123.375,19
1776815491.8046467,0.0,0,0,99.7,123.375,19
1776815496.9114377,0.0,0,0,137.7,123.375,19
1776815497.8133585,0.0,0,0,92.5,123.375,19
1776815502.2818837,0.0,0,0,102.4,123.375,19
1776815504.5365458,0.0,0,0,96.9,123.375,19
1776815507.1720238,0.0,0,0,100.5,123.375,19
1776815511.1410322,0.0,0,0,94.7,123.375,19
1776815512.537944,0.0,0,0,105.6,123.375,19
1776815517.8394578,0.0,0,0,102.7,123.375,19
1776815518.1305451,0.0,0,0,94.0,123.375,19
1776815523.2509224,0.0,0,0,102.2,123.375,19
1776815524.5081267,0.0,0,0,94.5,123.375,19
1776815528.70437,0.0,0,0,107.4,123.375,19
1776815530.736949,0.0,0,0,97.5,123.375,19
1776815533.7525477,0.0,0,0,93.6,123.375,19
1776815537.6282995,0.0,0,0,100.5,123.375,19
1776815539.177266,0.0,0,0,97.9,123.375,19
1776815544.3064146,0.0,0,0,122.5,123.375,19
1776815549.5945065,0.0,0,0,89.1,123.375,19
1776815551.3833032,0.0,0,0,104.1,123.375,19
1776815554.9594584,0.0,0,0,96.3,123.375,19
1776815558.0159268,0.0,0,0,105.3,123.375,19
1776815560.4335485,0.0,0,0,104.5,123.375,19
1776815564.7089148,0.0,0,0,95.0,123.375,19
1776815565.657289,0.0,0,0,99.8,123.375,19
1776815570.9309056,0.0,0,0,96.4,123.375,19
1776815571.4320335,0.0,0,0,101.7,123.375,19
1776815576.4429178,0.0,0,0,97.7,123.375,19
1776815577.4057057,0.0,0,0,105.6,123.375,19
1776815581.6078844,0.0,0,0,99.4,123.375,19
1776815583.7509115,0.0,0,0,94.3,123.375,19
1776815586.734496,0.0,0,0,93.5,123.375,19
1776815590.8645403,0.0,0,0,100.6,123.375,19
1776815592.1849117,0.0,0,0,91.7,123.375,19
1776815597.1514502,0.0,0,0,108.8,123.375,19
1776815597.4625304,0.0,0,0,104.1,123.375,19
1776815602.5240636,0.0,0,0,95.8,123.375,19
1776815604.0875385,0.0,0,0,95.3,123.375,19
1776815607.5043788,0.0,0,0,103.5,123.375,19
1776815610.6179304,0.0,0,0,103.9,123.375,19
1776815612.6830242,0.0,0,0,92.5,123.375,19
1776815617.314587,0.0,0,0,125.5,123.375,19
1776815618.1625035,0.0,0,0,96.3,123.375,19
1776815623.6400197,0.0,0,0,91.1,123.375,19
1776815623.996422,0.0,0,0,99.4,123.375,19
1776815628.793796,0.0,0,0,95.1,123.375,19
1776815630.6119041,0.0,0,0,101.6,123.375,19
1776815634.4154506,0.0,0,0,100.7,123.375,19
1776815636.9073155,0.0,0,0,93.7,123.375,19
1776815639.9633873,0.0,0,0,100.5,123.375,19
1776815643.6584542,0.0,0,0,107.1,123.375,19
1776815645.4439917,0.0,0,0,98.6,123.375,19
1776815650.477437,0.0,0,0,107.8,123.375,19
1776815650.7181294,0.0,0,0,130.9,123.375,19
1776815655.89799,0.0,0,0,100.0,123.375,19
1776815657.2426538,0.0,0,0,142.4,123.375,19
1776815661.2903852,0.0,0,0,96.3,123.375,19
1776815663.8789725,0.0,0,0,98.3,123.375,19
1776815666.4999988,0.0,0,0,101.8,123.375,19
1776815670.5702577,0.0,0,0,107.0,123.375,19
1776815671.9949338,0.0,0,0,101.1,123.375,19
1776815677.2808278,0.0,0,0,98.6,123.375,19
1776815677.8810997,0.0,0,0,101.8,123.375,19
1776815682.3849695,0.0,0,0,100.9,123.375,19
1776815684.1421196,0.0,0,0,89.1,123.375,19
1776815687.7839656,0.0,0,0,102.3,123.375,19
1776815691.1044035,0.0,0,0,96.5,123.375,19
1776815693.1155477,0.0,0,0,104.6,123.375,19
1776815697.6003978,0.0,0,0,98.6,123.375,19
1776815698.690462,0.0,0,0,91.8,123.375,19
1776815703.9485233,0.0,0,0,116.1,123.375,19
1776815704.5997834,0.0,0,0,90.5,123.375,19
1776815709.2618062,0.0,0,0,100.6,123.375,19
1776815711.4420302,0.0,0,0,104.0,123.375,19
1776815714.314546,0.0,0,0,106.2,123.375,19
1776815718.153196,0.0,0,0,91.5,123.375,19
1776815719.53547,0.0,0,0,101.3,123.375,19
1776815724.4993308,0.0,0,0,100.1,123.375,19
1776815724.7370582,0.0,0,0,94.9,123.375,19
1776815730.2000763,0.0,0,0,116.1,123.375,19
1776815731.7494617,0.0,0,0,187.2,123.375,19
1776815735.1624386,0.0,0,0,100.4,123.375,19
1776815738.1549387,0.0,0,0,106.8,123.375,19
1776815740.4504566,0.0,0,0,105.2,123.375,19
1776815744.7126088,0.0,0,0,106.6,123.375,19
1776815745.6410146,0.0,0,0,98.0,123.375,19
1776815750.9494581,0.0,0,0,91.7,123.375,19
1776815751.0126886,0.0,0,0,95.7,123.375,19
1776815756.121449,0.0,0,0,100.0,123.375,19
1776815757.280997,0.0,0,0,102.5,123.375,19
1776815761.3314486,0.0,0,0,93.5,123.375,19
1776815763.8044057,0.0,0,0,89.7,123.375,19
1776815766.9227364,0.0,0,0,118.4,123.375,19
1776815770.1724951,0.0,0,0,105.8,123.375,19
1776815772.2824826,0.0,0,0,98.8,123.375,19
1776815776.5539637,0.0,0,0,100.1,123.375,19
1776815777.4992635,0.0,0,0,113.9,123.375,19
1776815782.7661157,0.0,0,0,110.3,123.375,19
1776815783.0124032,0.0,0,0,94.6,123.375,19
1776815787.9083977,0.0,0,0,103.2,123.375,19
1776815789.5853906,0.0,0,0,105.5,123.375,19
1776815792.986022,0.0,0,0,95.4,123.375,19
1776815796.453488,0.0,0,0,95.5,123.375,19
1776815797.9965882,0.0,0,0,90.8,123.375,19
1776815803.157723,0.0,0,0,105.2,123.375,19
1776815803.395383,0.0,0,0,87.3,123.375,19
1776815808.310968,0.0,0,0,104.2,123.375,19
1776815809.9569294,0.0,0,0,107.2,123.375,19
1776815813.4805343,0.0,0,0,101.5,123.375,19
1776815817.0610094,0.0,0,0,105.7,123.375,19
1776815818.9433982,0.0,0,0,85.7,123.375,19
1776815824.0194976,0.0,0,0,94.4,123.375,19
1776815824.3474836,0.0,0,0,90.8,123.375,19
1776815829.4920213,0.0,0,0,92.7,123.375,19
1776815830.3049057,0.0,0,0,94.2,123.375,19
1776815834.94341,0.0,0,0,97.4,123.375,19
1776815836.6333616,0.0,0,0,107.7,123.375,19
1776815839.9999535,0.0,0,0,99.8,123.375,19
1776815843.1924064,0.0,0,0,89.3,123.375,19
1776815845.3595777,0.0,0,0,93.9,123.375,19
1776815849.8257353,0.0,0,0,96.2,123.375,19
1776815850.702545,0.0,0,0,98.0,123.375,19
1776815855.8935604,0.0,0,0,107.7,123.375,19
1776815856.3046293,0.0,0,0,92.5,123.375,19
1776815861.2705426,0.0,0,0,104.3,123.375,19
1776815862.4719427,0.0,0,0,99.9,123.375,19
1776815866.2262566,0.0,0,0,98.9,123.375,19
1776815868.872449,0.0,0,0,99.5,123.375,19
1776815871.3724937,0.0,0,0,100.9,123.375,19
1776815875.859954,0.0,0,0,90.5,123.375,19
1776815876.5874226,0.0,0,0,145.9,123.375,19
1776815881.8601227,0.0,0,0,91.4,123.375,19
1776815882.4451213,0.0,0,0,104.2,123.375,19
1776815887.2216814,0.0,0,0,105.7,123.375,19
1776815889.1783783,0.0,0,0,102.2,123.375,19
1776815892.4029396,0.0,0,0,100.9,123.375,19
1776815895.662495,0.0,0,0,91.0,123.375,19
1776815897.6724439,0.0,0,0,97.8,123.375,19
1776815902.351473,0.0,0,0,106.8,123.375,19
1776815902.870397,0.0,0,0,86.5,123.375,19
1776815908.141974,0.0,0,0,100.7,123.375,19
1776815908.9434907,0.0,0,0,144.5,123.375,19
1776815913.346881,0.0,0,0,91.0,123.375,19
1776815915.378383,0.0,0,0,92.8,123.375,19
1776815918.7034435,0.0,0,0,86.2,123.375,19
1776815922.230945,0.0,0,0,100.1,123.375,19
1776815924.2258856,0.0,0,0,102.2,123.375,19
1776815929.4971225,0.0,0,0,103.5,123.375,19
1776815929.4774945,0.0,0,0,100.9,123.375,19
1776815934.359015,0.0,0,0,104.3,123.375,19
1776815935.7135458,0.0,0,0,108.4,123.375,19
1776815939.9865441,0.0,0,0,88.2,123.375,19
1776815942.1910748,0.0,0,0,100.9,123.375,19
1776815945.5559483,0.0,0,0,102.0,123.375,19
1776815948.2892365,0.0,0,0,94.4,123.375,19
1776815950.821457,0.0,0,0,99.2,123.375,19
1776815954.8763537,0.0,0,0,90.2,123.375,19
1776815956.0760736,0.0,0,0,101.3,123.375,19
1776815961.5219014,0.0,0,0,103.6,123.375,19
1776815961.6529088,0.0,0,0,97.8,123.375,19
1776815967.1109796,0.0,0,0,101.1,123.375,19
1776815967.7288713,0.0,0,0,92.3,123.375,19
1776815972.2074487,0.0,0,0,103.3,123.375,19
1776815973.6533732,0.0,0,0,90.6,123.375,19
1776815977.7985432,0.0,0,0,106.1,123.375,19
1776815980.3556392,0.0,0,0,90.6,123.375,19
1776815983.1631374,0.0,0,0,93.2,123.375,19
1776815986.4419549,0.0,0,0,99.5,123.375,19
1776815988.663096,0.0,0,0,105.6,123.375,19
1776815992.6568763,0.0,0,0,100.8,123.375,19
1776815993.7829802,0.0,0,0,97.7,123.375,19
1776815999.185045,0.0,0,0,92.7,123.375,19
1776815999.4981642,0.0,0,0,108.9,123.375,19
1776816004.8314462,0.0,0,0,91.7,123.375,19
1776816006.2989306,0.0,0,0,99.8,123.375,19
1776816010.1249866,0.0,0,0,105.8,123.375,19
1776816013.1285045,0.0,0,0,88.4,123.375,19
1776816015.2871425,0.0,0,0,95.3,123.375,19
1776816019.6095924,0.0,0,0,77.3,123.375,19
1776816020.8015423,0.0,0,0,93.3,123.375,19
1776816026.4082873,0.0,0,0,106.9,123.375,19
1776816027.1824205,0.0,0,0,100.8,123.375,19
1776816031.3914335,0.0,0,0,100.9,123.375,19
1776816033.915497,0.0,0,0,100.8,123.375,19
1776816037.0967367,0.0,0,0,109.4,123.375,19
1776816040.1243234,0.0,0,0,106.6,123.375,19
1776816042.0918992,0.0,0,0,112.3,123.375,19
1776816046.9528744,0.0,0,0,97.4,123.375,19
1776816047.7028933,0.0,0,0,104.3,123.375,19
1776816052.6927423,0.0,0,0,103.2,123.375,19
1776816053.3273776,0.0,0,0,90.6,123.375,19
1776816057.98839,0.0,0,0,106.0,123.375,19
1776816059.9211473,0.0,0,0,96.4,123.375,19
1776816063.0933573,0.0,0,0,94.2,123.375,19
1776816066.608388,0.0,0,0,101.5,123.375,19
1776816068.7028656,0.0,0,0,101.9,123.375,19
1776816073.337897,0.0,0,0,110.6,123.375,19
1776816074.2227228,0.0,0,0,104.8,123.375,19
1776816079.5059967,0.0,0,0,106.2,123.375,19
1776816079.771443,0.0,0,0,116.5,123.375,19
1776816084.5479062,0.0,0,0,112.6,123.375,19
1776816086.7145464,0.0,0,0,100.0,123.375,19
1776816089.8878858,0.0,0,0,99.6,123.375,19
1776816093.3774471,0.0,0,0,101.5,123.375,19
1776816095.0914261,0.0,0,0,102.6,123.375,19
1776816099.802316,0.0,0,0,101.9,123.375,19
1776816100.2476745,0.0,0,0,103.3,123.375,19
1776816105.5574913,0.0,0,0,100.1,123.375,19
1776816106.5939345,0.0,0,0,103.2,123.375,19
1776816110.9334006,0.0,0,0,122.1,123.375,19
1776816112.914908,0.0,0,0,108.6,123.375,19
1776816115.7814834,0.0,0,0,103.3,123.375,19
1776816119.5246806,0.0,0,0,99.2,123.375,19
1776816121.5589452,0.0,0,0,103.1,123.375,19
1776816126.0120778,0.0,0,0,105.5,123.375,19
1776816126.9815383,0.0,0,0,121.0,123.375,19
1776816132.138965,0.0,0,0,99.2,123.375,19
1776816133.1460452,0.0,0,0,99.5,123.375,19
1776816137.4407244,0.0,0,0,93.4,123.375,19
1776816139.583921,0.0,0,0,100.8,123.375,19
1776816142.7038066,0.0,0,0,97.2,123.375,19
1776816146.0423772,0.0,0,0,96.1,123.375,19
1776816147.8284304,0.0,0,0,97.8,123.375,19
1776816152.948895,0.0,0,0,94.7,123.375,19
1776816153.2214043,0.0,0,0,95.5,123.375,19
1776816158.6029763,0.0,0,0,99.7,123.375,19
1776816159.7649896,0.0,0,0,103.1,123.375,19
1776816164.0104332,0.0,0,0,103.4,123.375,19
1776816165.9248633,0.0,0,0,105.8,123.375,19
1776816169.0909975,0.0,0,0,118.1,123.375,19
1776816172.7863522,0.0,0,0,99.5,123.375,19
1776816174.1999462,0.0,0,0,105.7,123.375,19
1776816179.2973506,0.0,0,0,100.7,123.375,19
1776816179.6533935,0.0,0,0,157.6,123.375,19
1776816184.6093507,0.0,0,0,129.0,123.375,19
1776816185.9566252,0.0,0,0,117.6,123.375,19
1776816189.712269,0.0,0,0,100.2,123.375,19
1776816192.6840234,0.0,0,0,94.7,123.375,19
1776816195.3289146,0.0,0,0,96.0,123.375,19
1776816199.5865252,0.0,0,0,100.7,123.375,19
1776816200.5469368,0.0,0,0,100.2,123.375,19
1776816205.69393,0.0,0,0,91.5,123.375,19
1776816205.9450448,0.0,0,0,98.9,123.375,19
1776816211.2234237,0.0,0,0,107.1,123.375,19
1776816211.7224722,0.0,0,0,95.9,123.375,19
1776816216.5653234,0.0,0,0,121.3,123.375,19
1776816217.7004366,0.0,0,0,95.1,123.375,19
1776816221.614433,0.0,0,0,106.6,123.375,19
1776816223.9464035,0.0,0,0,99.6,123.375,19
1776816227.0676227,0.0,0,0,103.0,123.375,19
1776816230.7360039,0.0,0,0,124.9,123.375,19
1776816232.7642345,0.0,0,0,116.6,123.375,19
1776816237.10651,0.0,0,0,91.6,123.375,19
1776816237.9179513,0.0,0,0,96.8,123.375,19
1776816243.1614711,0.0,0,0,105.4,123.375,19
1776816243.3639078,0.0,0,0,90.6,123.375,19
1776816248.2380307,0.0,0,0,103.5,123.375,19
1776816249.6204488,0.0,0,0,93.5,123.375,19
1776816253.6053824,0.0,0,0,93.9,123.375,19
1776816256.0918949,0.0,0,0,102.5,123.375,19
1776816258.6897454,0.0,0,0,98.8,123.375,19
1776816262.739021,0.0,0,0,100.4,123.375,19
1776816263.843839,0.0,0,0,113.1,123.375,19
1776816269.0199606,0.0,0,0,100.8,123.375,19
1776816269.4251764,0.0,0,0,89.6,123.375,19
1776816274.3024309,0.0,0,0,103.5,123.375,19
1776816275.686936,0.0,0,0,97.8,123.375,19
1776816279.4795477,0.0,0,0,96.3,123.375,19
1776816282.0247226,0.0,0,0,104.7,123.375,19
1776816284.5969064,0.0,0,0,103.1,123.375,19
1776816288.5753756,0.0,0,0,100.8,123.375,19
1776816289.6664755,0.0,0,0,95.2,123.375,19
1776816294.9384413,0.0,0,0,98.2,123.375,19
1776816295.232504,0.0,0,0,100.5,123.375,19
1776816299.9724092,0.0,0,0,109.8,123.375,19
1776816301.957058,0.0,0,0,88.5,123.375,19
1776816305.202016,0.0,0,0,98.3,123.375,19
1776816308.6125734,0.0,0,0,92.4,123.375,19
1776816310.571938,0.0,0,0,104.1,123.375,19
1776816315.8715038,0.0,0,0,104.0,123.375,19
1776816315.8717349,0.0,0,0,94.4,123.375,19
1776816321.3910522,0.0,0,0,104.4,123.375,19
1776816322.307044,0.0,0,0,102.0,123.375,19
1776816326.6395566,0.0,0,0,103.3,123.375,19
1776816328.867561,0.0,0,0,105.4,123.375,19
1776816332.1004107,0.0,0,0,89.7,123.375,19
1776816335.2359302,0.0,0,0,91.5,123.375,19
1776816337.5599046,0.0,0,0,134.0,123.375,19
1776816341.5914268,0.0,0,0,91.3,123.375,19
1776816342.7068918,0.0,0,0,104.2,123.375,19
1776816347.8244214,0.0,0,0,107.9,123.375,19
1776816348.7244322,0.0,0,0,95.4,123.375,19
1776816352.982985,0.0,0,0,98.1,123.375,19
1776816355.3756177,0.0,0,0,93.6,123.375,19
1776816358.2014368,0.0,0,0,94.1,123.375,19
1776816361.7449443,0.0,0,0,147.6,123.375,19
1776816363.532532,0.0,0,0,97.4,123.375,19
1776816368.5740793,0.0,0,0,100.0,123.375,19
1776816368.5901394,0.0,0,0,97.2,123.375,19
1776816373.8380585,0.0,0,0,98.3,123.375,19
1776816375.1801572,0.0,0,0,93.4,123.375,19
1776816379.244359,0.0,0,0,101.6,123.375,19
1776816381.2520456,0.0,0,0,95.2,123.375,19
1776816384.4939215,0.0,0,0,131.5,123.375,19
1776816387.920607,0.0,0,0,103.0,123.375,19
1776816389.7294493,0.0,0,0,100.4,123.375,19
1776816394.5554163,0.0,0,0,107.8,123.375,19
1776816395.2803802,0.0,0,0,116.9,123.375,19
1776816400.4066005,0.0,0,0,123.8,123.375,19
1776816401.166505,0.0,0,0,101.2,123.375,19
1776816405.8088408,0.0,0,0,95.0,123.375,19
1776816408.3884058,0.0,0,0,95.9,123.375,19
1776816411.2365701,0.0,0,0,98.2,123.375,19
1776816415.0342577,0.0,0,0,93.1,123.375,19
1776816416.2664495,0.0,0,0,98.5,123.375,19
1776816421.9606574,0.0,0,0,103.9,123.375,19
1776816421.8964875,0.0,0,0,99.4,123.375,19
1776816427.2899916,0.0,0,0,89.4,123.375,19
1776816428.3625247,0.0,0,0,192.7,123.375,19
1776816432.713954,0.0,0,0,92.0,123.375,19
1776816434.8420014,0.0,0,0,101.4,123.375,19
1776816438.2234292,0.0,0,0,101.8,123.375,19
1776816441.1267643,0.0,0,0,90.8,123.375,19
1776816443.7434819,0.0,0,0,97.9,123.375,19
1776816447.5294256,0.0,0,0,105.7,123.375,19
1776816448.8880951,0.0,0,0,94.4,123.375,19
1776816454.4299161,0.0,0,0,89.1,123.375,19
1776816454.3556328,0.0,0,0,92.0,123.375,19
1776816459.631186,0.0,0,0,90.8,123.375,19
1776816460.3581057,0.0,0,0,105.8,123.375,19
1776816465.0484746,0.0,0,0,101.4,123.375,19
1776816466.2770183,0.0,0,0,101.3,123.375,19
1776816470.4884,0.0,0,0,102.4,123.375,19
1776816472.5994413,0.0,0,0,99.0,123.375,19
1776816475.5199406,0.0,0,0,94.5,123.375,19
1776816479.1912355,0.0,0,0,100.8,123.375,19
1776816481.2328696,0.0,0,0,102.5,123.375,19
1776816485.670471,0.0,0,0,95.7,123.375,19
1776816486.4619613,0.0,0,0,99.7,123.375,19
1776816491.5623307,0.0,0,0,112.6,123.375,19
1776816492.8525877,0.0,0,0,92.9,123.375,19
1776816496.8089104,0.0,0,0,75.3,123.375,19
1776816499.0102115,0.0,0,0,112.1,123.375,19
1776816502.2374282,0.0,0,0,129.3,123.375,19
1776816506.315876,0.0,0,0,92.4,123.375,19
1776816507.2229276,0.0,0,0,90.5,123.375,19
1776816512.4999282,0.0,0,0,96.9,123.375,19
1776816513.0500736,0.0,0,0,99.9,123.375,19
1776816517.7752984,0.0,0,0,90.7,123.375,19
1776816519.8334596,0.0,0,0,103.6,123.375,19
1776816523.0158389,0.0,0,0,136.0,123.375,19
1776816526.273017,0.0,0,0,101.4,123.375,19
1776816528.3064568,0.0,0,0,90.3,123.375,19
1776816532.7101355,0.0,0,0,101.8,123.375,19
1776816533.598795,0.0,0,0,104.8,123.375,19
1776816539.0874445,0.0,0,0,98.4,123.375,19
1776816539.0985742,0.0,0,0,109.5,123.375,19
1776816544.4043345,0.0,0,0,130.3,123.375,19
1776816545.0246522,0.0,0,0,106.2,123.375,19
1776816549.4404674,0.0,0,0,89.3,123.375,19
1776816551.1838999,0.0,0,0,102.2,123.375,19
1776816554.835905,0.0,0,0,92.1,123.375,19
1776816558.1300375,0.0,0,0,73.4,123.375,19
1776816560.0039415,0.0,0,0,88.0,123.375,19
1776816564.6898456,0.0,0,0,98.3,123.375,19
1776816565.4597597,0.0,0,0,104.7,123.375,19
1776816570.8424037,0.0,0,0,95.2,123.375,19
1776816571.7024517,0.0,0,0,101.8,123.375,19
1776816576.1389954,0.0,0,0,100.2,123.375,19
1776816578.2003927,0.0,0,0,91.9,123.375,19
1776816581.4174693,0.0,0,0,102.0,123.375,19
1776816584.340916,0.0,0,0,94.5,123.375,19
1776816586.7004201,0.0,0,0,105.7,123.375,19
1776816591.3511307,0.0,0,0,104.7,123.375,19
1776816592.2914326,0.0,0,0,99.9,123.375,19
1776816597.6781623,0.0,0,0,134.1,123.375,19
1776816598.226451,0.0,0,0,102.0,123.375,19
1776816603.2569764,0.0,0,0,142.0,123.375,19
1776816604.5661576,0.0,0,0,107.1,123.375,19
1776816608.5217392,0.0,0,0,109.1,123.375,19
1776816611.0874486,0.0,0,0,95.4,123.375,19
1776816614.0440347,0.0,0,0,104.2,123.375,19
1776816617.5726728,0.0,0,0,100.2,123.375,19
1776816619.625143,0.0,0,0,90.1,123.375,19
1776816624.225888,0.0,0,0,98.8,123.375,19
1776816624.7044551,0.0,0,0,98.1,123.375,19
1776816629.87745,0.0,0,0,97.8,123.375,19
1776816630.861468,0.0,0,0,107.8,123.375,19
1776816635.3629127,0.0,0,0,103.1,123.375,19
1776816637.455425,0.0,0,0,100.0,123.375,19
1776816640.682537,0.0,0,0,102.3,123.375,19
1776816644.0209813,0.0,0,0,99.4,123.375,19
1776816646.1290963,0.0,0,0,101.6,123.375,19
1776816650.846424,0.0,0,0,93.0,123.375,19
1776816651.299514,0.0,0,0,89.3,123.375,19
1776816656.314385,0.0,0,0,91.1,123.375,19
1776816657.2143912,0.0,0,0,106.5,123.375,19
1776816661.5960672,0.0,0,0,101.1,123.375,19
1776816664.1904671,0.0,0,0,97.4,123.375,19
1776816666.6530218,0.0,0,0,102.1,123.375,19
1776816670.7199247,0.0,0,0,96.1,123.375,19
1776816671.726683,0.0,0,0,103.0,123.375,19
1776816676.8948946,0.0,0,0,111.3,123.375,19
1776816677.1402595,0.0,0,0,105.2,123.375,19
1776816682.213026,0.0,0,0,98.0,123.375,19
1776816683.7753997,0.0,0,0,138.4,123.375,19
1776816687.509033,0.0,0,0,106.6,123.375,19
1776816690.815405,0.0,0,0,94.6,123.375,19
1776816692.5025375,0.0,0,0,99.1,123.375,19
1776816697.3005295,0.0,0,0,107.1,123.375,19
1776816697.8294313,0.0,0,0,91.6,123.375,19
1776816702.891121,0.0,0,0,100.3,123.375,19
1776816703.7789392,0.0,0,0,95.7,123.375,19
1776816708.1416051,0.0,0,0,99.9,123.375,19
1776816710.6351843,0.0,0,0,99.6,123.375,19
1776816713.6795523,0.0,0,0,99.9,123.375,19
1776816717.4537845,0.0,0,0,102.3,123.375,19
1776816719.0225027,0.0,0,0,98.1,123.375,19
1776816724.0761685,0.0,0,0,99.1,123.375,19
1776816724.3199332,0.0,0,0,114.5,123.375,19
1776816729.2404945,0.0,0,0,101.9,123.375,19
1776816731.0022078,0.0,0,0,101.3,123.375,19
1776816734.8210137,0.0,0,0,88.6,123.375,19
1776816737.736453,0.0,0,0,103.0,123.375,19
1776816739.8064694,0.0,0,0,101.3,123.375,19
1776816744.5115697,0.0,0,0,102.1,123.375,19
1776816744.949415,0.0,0,0,98.2,123.375,19
1776816750.1572182,0.0,0,0,91.2,123.375,19
1776816751.1524763,0.0,0,0,100.0,123.375,19
1776816755.4339278,0.0,0,0,95.2,123.375,19
1776816757.6429217,0.0,0,0,98.1,123.375,19
1776816760.7319024,0.0,0,0,103.5,123.375,19
1776816764.1665292,0.0,0,0,98.1,123.375,19
1776816766.000041,0.0,0,0,95.6,123.375,19
1776816770.670588,0.0,0,0,93.3,123.375,19
1776816771.4930773,0.0,0,0,100.1,123.375,19
1776816776.7289639,0.0,0,0,102.0,123.375,19
1776816777.289225,0.0,0,0,96.7,123.375,19
1776816781.990929,0.0,0,0,94.7,123.375,19
1776816783.2919986,0.0,0,0,98.2,123.375,19
1776816787.310677,0.0,0,0,91.3,123.375,19
1776816790.1393793,0.0,0,0,100.8,123.375,19
1776816792.6084569,0.0,0,0,108.8,123.375,19
1776816797.1227293,0.0,0,0,94.9,123.375,19
1776816798.090226,0.0,0,0,89.6,123.375,19
1776816803.5644457,0.0,0,0,95.9,123.375,19
1776816803.7509184,0.0,0,0,107.4,123.375,19
1776816808.940395,0.0,0,0,90.9,123.375,19
1776816810.4109495,0.0,0,0,112.5,123.375,19
1776816814.4998155,0.0,0,0,88.8,123.375,19
1776816817.013426,0.0,0,0,97.7,123.375,19
1776816819.5358884,0.0,0,0,98.2,123.375,19
1776816823.5734048,0.0,0,0,106.8,123.375,19
1776816824.8444116,0.0,0,0,134.3,123.375,19
1776816829.8934324,0.0,0,0,94.0,123.375,19
1776816830.1417189,0.0,0,0,91.3,123.375,19
1776816835.4454176,0.0,0,0,105.2,123.375,19
1776816836.4260266,0.0,0,0,99.5,123.375,19
1776816840.7337515,0.0,0,0,98.1,123.375,19
1776816843.2158847,0.0,0,0,96.7,123.375,19
1776816846.2834074,0.0,0,0,113.4,123.375,19
1776816849.3895118,0.0,0,0,107.1,123.375,19
1776816851.7473838,0.0,0,0,100.2,123.375,19
1776816856.0854154,0.0,0,0,100.6,123.375,19
1776816856.943909,0.0,0,0,99.0,123.375,19
1776816862.4068754,0.0,0,0,105.7,123.375,19
1776816862.641124,0.0,0,0,88.2,123.375,19
1776816867.6305141,0.0,0,0,95.6,123.375,19
1776816869.295427,0.0,0,0,112.5,123.375,19
1776816872.7651856,0.0,0,0,101.7,123.375,19
1776816876.3579626,0.0,0,0,102.2,123.375,19
1776816877.721997,0.0,0,0,87.5,123.375,19
1776816882.7704554,0.0,0,0,102.3,123.375,19
1776816883.1019228,0.0,0,0,93.9,123.375,19
1776816888.2967982,0.0,0,0,101.7,123.375,19
1776816890.1144805,0.0,0,0,88.7,123.375,19
1776816893.6535037,0.0,0,0,87.7,123.375,19
1776816896.599033,0.0,0,0,104.6,123.375,19
1776816899.0889163,0.0,0,0,101.1,123.375,19
1776816902.868459,0.0,0,0,106.1,123.375,19
1776816904.3809583,0.0,0,0,90.7,123.375,19
1776816909.479025,0.0,0,0,97.2,123.375,19
1776816909.8734484,0.0,0,0,102.3,123.375,19
1776816914.862967,0.0,0,0,101.7,123.375,19
1776816916.2715044,0.0,0,0,107.3,123.375,19
1776816919.9383583,0.0,0,0,98.7,123.375,19
1776816922.7275274,0.0,0,0,105.8,123.375,19
1776816925.039403,0.0,0,0,97.7,123.375,19
1776816929.141038,0.0,0,0,99.1,123.375,19
1776816930.3035743,0.0,0,0,99.3,123.375,19
1776816935.8348117,0.0,0,0,99.0,123.375,19
1776816935.7159498,0.0,0,0,108.8,123.375,19
1776816941.2099526,0.0,0,0,100.1,123.375,19
1776816942.111439,0.0,0,0,104.2,123.375,19
1776816946.409939,0.0,0,0,109.9,123.375,19
1776816948.7513924,0.0,0,0,96.2,123.375,19
1776816951.5291471,0.0,0,0,98.6,123.375,19
1776816955.2988062,0.0,0,0,99.7,123.375,19
1776816956.8465278,0.0,0,0,105.8,123.375,19
1776816961.459188,0.0,0,0,95.0,123.375,19
1776816962.3413963,0.0,0,0,100.4,123.375,19
1776816967.7554207,0.0,0,0,103.5,123.375,19
1776816968.3284135,0.0,0,0,104.2,123.375,19
1776816972.8326542,0.0,0,0,109.5,123.375,19
1776816974.9783564,0.0,0,0,107.8,123.375,19
1776816977.9694784,0.0,0,0,99.6,123.375,19
1776816981.6095526,0.0,0,0,93.9,123.375,19
1776816982.9713624,0.0,0,0,106.1,123.375,19
1776816988.1754155,0.0,0,0,92.7,123.375,19
1776816988.4003825,0.0,0,0,99.8,123.375,19
1776816993.6868916,0.0,0,0,76.3,123.375,19
1776816994.604424,0.0,0,0,111.5,123.375,19
1776816998.9603748,0.0,0,0,101.2,123.375,19
1776817000.8234212,0.0,0,0,95.3,123.375,19
1776817004.295932,0.0,0,0,102.1,123.375,19
1776817007.3009474,0.0,0,0,133.6,123.375,19
1776817009.5157695,0.0,0,0,94.3,123.375,19
1776817014.3154023,0.0,0,0,95.2,123.375,19
1776817014.9822369,0.0,0,0,95.1,123.375,19
1776817020.332505,0.0,0,0,96.9,123.375,19
1776817020.8944075,0.0,0,0,101.8,123.375,19
1776817025.544938,0.0,0,0,103.5,123.375,19
1776817027.887903,0.0,0,0,102.8,123.375,19
1776817030.437474,0.0,0,0,138.3,123.375,19
1776817034.3723989,0.0,0,0,101.3,123.375,19
1776817035.5958917,0.0,0,0,89.3,123.375,19
1776817040.8201635,0.0,0,0,100.8,123.375,19
1776817041.4529603,0.0,0,0,91.3,123.375,19
1776817046.2395043,0.0,0,0,126.8,123.375,19
1776817048.1115344,0.0,0,0,93.1,123.375,19
1776817051.7208486,0.0,0,0,102.2,123.375,19
1776817054.329874,0.0,0,0,91.5,123.375,19
1776817057.039424,0.0,0,0,103.0,123.375,19
1776817060.8838995,0.0,0,0,104.7,123.375,19
1776817062.3248851,0.0,0,0,101.8,123.375,19
1776817066.959827,0.0,0,0,95.5,123.375,19
1776817067.4339545,0.0,0,0,99.7,123.375,19
1776817072.7428527,0.0,0,0,104.3,123.375,19
1776817073.9391294,0.0,0,0,107.4,123.375,19
1776817077.8554566,0.0,0,0,94.2,123.375,19
1776817080.1860092,0.0,0,0,104.8,123.375,19
1776817083.032732,0.0,0,0,89.1,123.375,19
1776817086.980257,0.0,0,0,104.7,123.375,19
1776817088.7727983,0.0,0,0,104.5,123.375,19
1776817093.625593,0.0,0,0,99.1,123.375,19
1776817093.8769286,0.0,0,0,96.0,123.375,19
1776817098.6917107,0.0,0,0,104.6,123.375,19
1776817100.3474066,0.0,0,0,101.6,123.375,19
1776817103.9541728,0.0,0,0,103.2,123.375,19
1776817106.874216,0.0,0,0,106.6,123.375,19
1776817109.3298628,0.0,0,0,103.3,123.375,19
1776817113.657943,0.0,0,0,104.2,123.375,19
1776817114.239425,0.0,0,0,101.7,123.375,19
1776817119.7518334,0.0,0,0,101.6,123.375,19
1776817120.297905,0.0,0,0,170.7,123.375,19
1776817125.0349457,0.0,0,0,100.9,123.375,19
1776817127.1665394,0.0,0,0,101.1,123.375,19
1776817130.1703966,0.0,0,0,115.7,123.375,19
1776817133.7014718,0.0,0,0,98.8,123.375,19
1776817135.4609523,0.0,0,0,98.5,123.375,19
1776817140.3379104,0.0,0,0,99.3,123.375,19
1776817140.8655508,0.0,0,0,96.2,123.375,19
1776817146.0831378,0.0,0,0,102.0,123.375,19
1776817146.698434,0.0,0,0,92.4,123.375,19
1776817151.1414526,0.0,0,0,108.6,123.375,19
1776817153.2690556,0.0,0,0,119.4,123.375,19
1776817156.3839636,0.0,0,0,102.5,123.375,19
1776817159.3009198,0.0,0,0,109.0,123.375,19
1776817161.6890297,0.0,0,0,110.2,123.375,19
1776817165.595881,0.0,0,0,102.1,123.375,19
1776817166.9249508,0.0,0,0,95.4,123.375,19
1776817172.275701,0.0,0,0,98.3,123.375,19
1776817172.4249935,0.0,0,0,107.3,123.375,19
1776817177.8134835,0.0,0,0,138.6,123.36328125,21
1776817179.1094437,0.0,0,0,102.3,123.36328125,21
1776817183.3084524,0.0,0,0,100.6,123.36328125,21
1776817185.7967398,0.0,0,0,100.7,123.36328125,21
1776817188.6224868,0.0,0,0,103.2,123.36328125,21
1776817192.5989218,0.0,0,0,103.3,123.36328125,21
1776817194.19974,0.0,0,0,100.7,123.36328125,21
1776817199.1259704,0.0,0,0,98.5,123.36328125,21
1776817199.5625987,0.0,0,0,91.6,123.36328125,21
1776817205.2137396,0.0,0,0,89.7,123.36328125,21
1776817205.7549725,0.0,0,0,139.6,123.36328125,21
1776817210.6674492,0.0,0,0,105.7,123.36328125,21
1776817211.7920487,0.0,0,0,108.6,123.36328125,21
1776817215.887001,0.0,0,0,93.7,123.36328125,21
1776817218.1629193,0.0,0,0,104.1,123.36328125,21
1776817221.318441,0.0,0,0,99.4,123.36328125,21
1776817224.549849,0.0,0,0,92.0,123.36328125,21
1776817226.7514434,0.0,0,0,98.5,123.36328125,21
1776817231.1883926,0.0,0,0,94.7,123.36328125,21
1776817231.8997989,0.0,0,0,118.5,123.36328125,21
1776817237.3604648,0.0,0,0,101.8,123.36328125,21
1776817238.074409,0.0,0,0,88.9,123.36328125,21
1776817242.848989,0.0,0,0,93.7,123.36328125,21
1776817244.077058,0.0,0,0,133.4,123.36328125,21
1776817248.1199598,0.0,0,0,92.8,123.36328125,21
1776817250.4976547,0.0,0,0,103.8,123.36328125,21
1776817253.693529,0.0,0,0,98.2,123.36328125,21
1776817256.5969155,0.0,0,0,93.3,123.36328125,21
1776817258.793996,0.0,0,0,97.8,123.36328125,21
1776817263.5304663,0.0,0,0,93.4,123.32421875,19
1776817264.155384,0.0,0,0,115.0,123.32421875,19
1776817269.6752622,0.0,0,0,92.3,123.32421875,19
1776817270.2655432,0.0,0,0,87.6,123.32421875,19
1776817274.8632839,0.0,0,0,119.6,123.32421875,19
1776817276.6761074,0.0,0,0,93.5,123.32421875,19
1776817279.9843695,0.0,0,0,103.5,123.32421875,19
1776817283.3780782,0.0,0,0,98.5,123.32421875,19
1776817285.0449874,0.0,0,0,123.4,123.32421875,19
1776817289.7513793,0.0,0,0,104.0,123.32421875,19
1776817290.4899538,0.0,0,0,94.3,123.32421875,19
1776817295.6731257,0.0,0,0,120.3,123.32421875,19
1776817296.3319085,0.0,0,0,125.1,123.32421875,19
1776817301.00798,0.0,0,0,97.1,123.32421875,19
1776817302.9579775,0.0,0,0,86.5,123.32421875,19
1776817306.3264155,0.0,0,0,96.2,123.32421875,19
1776817309.962361,0.0,0,0,104.6,123.32421875,19
1776817311.4828792,0.0,0,0,107.8,123.32421875,19
1776817316.2932215,0.0,0,0,110.1,123.32421875,19
1776817316.5890374,0.0,0,0,99.8,123.32421875,19
1776817321.8344705,0.0,0,0,95.6,123.32421875,19
1776817323.3089316,0.0,0,0,103.5,123.32421875,19
1776817326.8374407,0.0,0,0,102.6,123.32421875,19
1776817329.5473704,0.0,0,0,104.3,123.32421875,19
1776817332.177515,0.0,0,0,97.7,123.32421875,19
1776817335.89131,0.0,0,0,99.1,123.32421875,19
1776817337.6648762,0.0,0,0,101.5,123.32421875,19
1776817343.0710573,0.0,0,0,109.1,123.32421875,19
1776817343.6704986,0.0,0,0,106.3,123.32421875,19
1776817348.4954667,0.0,0,0,103.9,123.32421875,19
1776817351.007943,0.0,0,0,107.2,123.32421875,19
1776817354.0830235,0.0,0,0,94.8,123.32421875,19
1776817357.589935,0.0,0,0,113.7,123.32421875,19
1776817359.6263,0.0,0,0,102.9,123.32421875,19
1776817364.0537002,0.0,0,0,98.5,123.32421875,19
1776817364.8403797,0.0,0,0,102.6,123.32421875,19
1776817369.9180818,0.0,0,0,96.5,123.32421875,19
1776817370.7200644,0.0,0,0,100.1,123.32421875,19
1776817375.783893,0.0,0,0,96.0,123.32421875,19
1776817377.9233456,0.0,0,0,99.5,123.32421875,19
1776817380.8664567,0.0,0,0,97.4,123.32421875,19
1776817384.5534067,0.0,0,0,98.6,123.32421875,19
1776817386.4268484,0.0,0,0,98.6,123.32421875,19
1776817390.7793143,0.0,0,0,92.0,123.32421875,19
1776817391.8874032,0.0,0,0,99.6,123.32421875,19
1776817397.0584245,0.0,0,0,88.0,123.32421875,19
1776817397.486846,0.0,0,0,94.1,123.32421875,19
1776817402.7958906,0.0,0,0,123.7,123.35546875,19
1776817403.5666673,0.0,0,0,99.7,123.35546875,19
1776817408.0849526,0.0,0,0,100.4,123.35546875,19
1776817409.742422,0.0,0,0,102.8,123.35546875,19
1776817413.607007,0.0,0,0,107.8,123.35546875,19
1776817416.1528413,0.0,0,0,92.9,123.35546875,19
1776817419.0054426,0.0,0,0,93.2,123.35546875,19
1776817422.4639637,0.0,0,0,100.4,123.35546875,19
1776817424.1276717,0.0,0,0,94.2,123.35546875,19
1776817429.1770496,0.0,0,0,97.2,123.35546875,19
1776817429.4103873,0.0,0,0,105.9,123.35546875,19
1776817434.2154496,0.0,0,0,121.9,123.3671875,19
1776817435.355094,0.0,0,0,98.3,123.3671875,19
1776817439.6834793,0.0,0,0,99.7,123.3671875,19
1776817441.6882935,0.0,0,0,100.1,123.3671875,19
1776817444.6256425,0.0,0,0,127.0,123.3671875,19
1776817447.7065651,0.0,0,0,100.3,123.3671875,19
1776817450.1211553,0.0,0,0,107.4,123.3671875,19
1776817454.7230835,0.0,0,0,135.3,123.3671875,19
1776817455.5438972,0.0,0,0,116.4,123.3671875,19
1776817461.121761,0.0,0,0,96.4,123.37109375,19
1776817461.5624049,0.0,0,0,120.2,123.37109375,19
1776817466.2661297,0.0,0,0,105.8,123.37109375,19
1776817467.5557253,0.0,0,0,94.9,123.37109375,19
1776817471.2993655,0.0,0,0,103.2,123.37109375,19
1776817473.989935,0.0,0,0,101.8,123.37109375,19
1776817476.3356564,0.0,0,0,107.3,123.37109375,19
1776817480.9871771,0.0,0,0,99.0,123.37109375,19
1776817481.4659426,0.0,0,0,98.5,123.37109375,19
1776817486.7463005,0.0,0,0,98.0,123.37109375,19
1776817487.5068562,0.0,0,0,96.4,123.37109375,19
1776817491.8488688,0.0,0,0,101.7,123.37109375,19
1776817493.7733035,0.0,0,0,106.8,123.37109375,19
1776817497.2594886,0.0,0,0,98.2,123.37109375,19
1776817500.4310372,0.0,0,0,97.3,123.37109375,19
1776817502.262355,0.0,0,0,103.0,123.37109375,19
1776817506.7437122,0.0,0,0,103.8,123.37109375,19
1776817507.5889883,0.0,0,0,170.3,123.37109375,19
1776817513.1259153,0.0,0,0,151.7,123.37109375,19
1776817513.3394084,0.0,0,0,95.2,123.37109375,19
1776817518.3698528,0.0,0,0,101.2,123.37109375,19
1776817520.4618375,0.0,0,0,92.0,123.37109375,19
1776817523.6133606,0.0,0,0,99.0,123.37109375,19
1776817526.6854756,0.0,0,0,103.1,123.37109375,19
1776817529.0372415,0.0,0,0,94.0,123.37109375,19
1776817533.0312233,0.0,0,0,83.4,123.37109375,19
1776817534.0534427,0.0,0,0,93.7,123.37109375,19
1776817539.2483397,0.0,0,0,110.8,123.37109375,19
1776817539.4477632,0.0,0,0,89.7,123.37109375,19
1776817544.3888059,0.0,0,0,98.3,123.37109375,19
1776817545.458792,0.0,0,0,106.0,123.37109375,19
1776817549.6539233,0.0,0,0,100.8,123.37109375,19
1776817552.237395,0.0,0,0,94.7,123.37109375,19
1776817555.231237,0.0,0,0,93.9,123.37109375,19
1776817558.8093343,0.0,0,0,91.9,123.37109375,19
1776817560.6043863,0.0,0,0,92.7,123.37109375,19
1776817564.9243479,0.0,0,0,100.7,123.37109375,19
1776817565.8223894,0.0,0,0,118.1,123.37109375,19
1776817571.47959,0.0,0,0,107.2,123.40234375,19
1776817571.397178,0.0,0,0,110.8,123.40234375,19
1776817576.4630167,0.0,0,0,101.8,123.40234375,19
1776817577.6578891,0.0,0,0,85.6,123.40234375,19
1776817581.9550185,0.0,0,0,98.4,123.40234375,19
1776817584.1044264,0.0,0,0,103.5,123.40234375,19
1776817587.0937212,0.0,0,0,82.5,123.40234375,19
1776817590.2783668,0.0,0,0,208.7,123.40234375,19
1776817592.5968761,0.0,0,0,108.7,123.40234375,19
1776817596.9113674,0.0,0,0,133.6,123.40234375,19
1776817598.0432432,0.0,0,0,96.0,123.40234375,19
1776817602.977321,0.0,0,0,98.2,123.40234375,19
1776817603.2958844,0.0,0,0,148.3,123.40234375,19
1776817608.0253055,0.0,0,0,90.8,123.41015625,19
1776817609.1163673,0.0,0,0,96.8,123.41015625,19
1776817613.3758798,0.0,0,0,98.6,123.41015625,19
1776817615.614343,0.0,0,0,103.8,123.41015625,19
1776817618.495307,0.0,0,0,97.2,123.41015625,19
1776817622.1094654,0.0,0,0,90.7,123.41015625,19
1776817623.5713675,0.0,0,0,97.0,123.41015625,19
1776817628.931872,0.0,0,0,89.5,123.41015625,19

1776817634.4594412,0.0,0,0,108.1,123.41015625,19
1776817635.545814,0.0,0,0,87.6,123.41015625,19
1776817639.7783515,0.0,0,0,99.9,123.41015625,19
1776817642.2578795,0.0,0,0,137.3,123.41015625,19
1776817645.2404258,0.0,0,0,99.8,123.41015625,19
1776817648.834799,0.0,0,0,92.1,123.41015625,19
1776817650.1375995,0.0,0,0,97.3,123.41015625,19
1776817655.102366,0.0,0,0,98.3,123.41015625,19
1776817655.6653538,0.0,0,0,93.2,123.41015625,19
1776817660.570429,0.0,0,0,98.0,123.41015625,19
1776817661.9759204,0.0,0,0,136.5,123.41015625,19
1776817666.0869029,0.0,0,0,101.5,123.41015625,19
1776817668.6326594,0.0,0,0,109.5,123.41015625,19
1776817671.2138069,0.0,0,0,104.2,123.41015625,19
1776817674.9473503,0.0,0,0,98.1,123.41015625,19
1776817676.4726844,0.0,0,0,96.6,123.41015625,19
1776817681.528007,0.0,0,0,107.6,123.41015625,19
1776817681.9382885,0.0,0,0,97.1,123.41015625,19
1776817687.4711547,0.0,0,0,93.6,123.41015625,19
1776817688.237332,0.0,0,0,101.9,123.41015625,19
1776817692.9509091,0.0,0,0,99.7,123.41015625,19
1776817695.1279125,0.0,0,0,90.2,123.41015625,19
1776817698.2428946,0.0,0,0,100.4,123.41015625,19
1776817702.3988295,0.0,0,0,98.6,123.41015625,19
1776817703.4113362,0.0,0,0,99.0,123.41015625,19
1776817708.5705836,0.0,0,0,99.1,123.41015625,19
1776817709.1492624,0.0,0,0,97.6,123.41015625,19
1776817713.6009033,0.0,0,0,107.3,123.41015625,19
1776817715.9072268,0.0,0,0,102.0,123.41015625,19
1776817719.0508504,0.0,0,0,99.8,123.41015625,19
1776817722.5449414,0.0,0,0,115.2,123.41015625,19
1776817724.13315,0.0,0,0,97.0,123.41015625,19
1776817729.0093136,0.0,0,0,131.2,123.41015625,19
1776817729.3993676,0.0,0,0,102.3,123.41015625,19
1776817734.5529354,0.0,0,0,95.5,123.41015625,19
1776817735.6118724,0.0,0,0,93.7,123.41015625,19
1776817739.7360883,0.0,0,0,135.0,123.41015625,19
1776817741.9813128,0.0,0,0,97.9,123.41015625,19
1776817744.9108014,0.0,0,0,92.5,123.41015625,19
1776817748.8599575,0.0,0,0,143.3,123.41015625,19
1776817750.3744285,0.0,0,0,128.0,123.41015625,19
1776817755.5944188,0.0,0,0,117.9,123.41015625,19
1776817760.7383597,0.0,0,0,93.5,123.41015625,19
1776817762.231531,0.0,0,0,111.2,123.41015625,19
1776817766.036557,0.0,0,0,97.7,123.41015625,19
1776817768.8987753,0.0,0,0,92.2,123.41015625,19
1776817771.6355066,0.0,0,0,96.6,123.41015625,19
1776817775.8903108,0.0,0,0,89.8,123.41015625,19
1776817776.8029795,0.0,0,0,116.9,123.41015625,19
1776817782.046967,0.0,0,0,94.3,123.41015625,19
1776817782.3172307,0.0,0,0,98.2,123.41015625,19
1776817787.489855,0.0,0,0,137.2,123.41015625,19
1776817789.1261005,0.0,0,0,92.0,123.41015625,19
1776817793.1622863,0.0,0,0,103.6,123.41015625,19
1776817796.2483172,0.0,0,0,111.6,123.41015625,19
1776817798.354881,0.0,0,0,97.1,123.41015625,19
1776817802.4253516,0.0,0,0,106.6,123.41015625,19
1776817803.6705678,0.0,0,0,103.3,123.41015625,19
1776817809.1014426,0.0,0,0,107.5,123.41015625,19
1776817809.1743767,0.0,0,0,100.3,123.41015625,19
1776817814.297319,0.0,0,0,105.7,123.41015625,19
1776817815.4883263,0.0,0,0,110.3,123.41015625,19
1776817819.4578416,0.0,0,0,105.6,123.41015625,19
1776817822.1719024,0.0,0,0,107.9,123.41015625,19
1776817824.4853141,0.0,0,0,109.9,123.41015625,19
1776817829.2699246,0.0,0,0,100.8,123.41015625,19
1776817830.0028915,0.0,0,0,102.1,123.41015625,19
1776817835.3847675,0.0,0,0,92.3,123.41015625,19
1776817835.5600097,0.0,0,0,172.6,123.41015625,19
1776817840.4827218,0.0,0,0,95.8,123.41015625,19
1776817842.1958368,0.0,0,0,101.8,123.41015625,19
1776817845.703701,0.0,0,0,106.0,123.41015625,19
1776817848.576878,0.0,0,0,97.2,123.41015625,19
1776817851.1285243,0.0,0,0,102.9,123.41015625,19
1776817855.600368,0.0,0,0,106.4,123.41015625,19
1776817856.2680595,0.0,0,0,91.2,123.41015625,19
1776817861.5608695,0.0,0,0,100.3,123.48046875,19
1776817862.2608593,0.0,0,0,99.8,123.48046875,19
1776817867.0483027,0.0,0,0,109.8,123.48046875,19
1776817868.845231,0.0,0,0,96.3,123.48046875,19
1776817872.3677795,0.0,0,0,108.1,123.48046875,19
1776817875.9579725,0.0,0,0,106.9,123.48046875,19
1776817877.5623891,0.0,0,0,106.6,123.48046875,19
1776817881.9814026,0.0,0,0,108.8,123.48046875,19
1776817882.978894,0.0,0,0,95.3,123.48046875,19
1776817888.4442434,0.0,0,0,100.8,123.48046875,19
1776817888.3448913,0.0,0,0,99.4,123.48046875,19
1776817893.4533966,0.0,0,0,102.8,123.48046875,19
1776817895.3464847,0.0,0,0,101.4,123.48046875,19
1776817898.712466,0.0,0,0,108.7,123.48046875,19
1776817901.5428581,0.0,0,0,102.0,123.48046875,19
1776817904.1848612,0.0,0,0,146.5,123.48046875,19
1776817908.189891,0.0,0,0,98.0,123.48046875,19
1776817909.456426,0.0,0,0,98.5,123.48046875,19
1776817914.4993443,0.0,0,0,107.5,123.48046875,19
1776817914.5092828,0.0,0,0,97.7,123.48046875,19
1776817920.0193932,0.0,0,0,103.8,123.48046875,19
1776817921.3649256,0.0,0,0,100.2,123.48046875,19
1776817925.4408147,0.0,0,0,101.1,123.48046875,19
1776817928.435156,0.0,0,0,98.8,123.48046875,19
1776817931.1068728,0.0,0,0,95.0,123.48046875,19
1776817935.2834454,0.0,0,0,100.6,123.48046875,19
1776817936.5216477,0.0,0,0,100.1,123.48046875,19
1776817941.8741908,0.0,0,0,105.0,123.48046875,19
1776817942.1365564,0.0,0,0,106.2,123.48046875,19
1776817947.0593338,0.0,0,0,95.4,123.48046875,19
1776817948.8583522,0.0,0,0,96.8,123.48046875,19
1776817952.2621076,0.0,0,0,100.6,123.48046875,19
1776817955.029978,0.0,0,0,93.7,123.48046875,19
1776817957.7448766,0.0,0,0,91.0,123.48046875,19
1776817961.740095,0.0,0,0,93.2,123.48046875,19
1776817962.994872,0.0,0,0,101.4,123.48046875,19
1776817968.0169027,0.0,0,0,101.5,123.48046875,19
1776817968.7118838,0.0,0,0,90.5,123.48046875,19
1776817973.1609306,0.0,0,0,108.3,123.48046875,19
1776817975.6533625,0.0,0,0,127.6,123.48046875,19
1776817978.7457078,0.0,0,0,92.8,123.48046875,19
1776817982.233345,0.0,0,0,102.4,123.48046875,19
1776817984.0480533,0.0,0,0,105.3,123.48046875,19
1776817988.7308788,0.0,0,0,89.0,123.48046875,19
1776817989.4501896,0.0,0,0,109.9,123.48046875,19
1776817994.5848658,0.0,0,0,102.0,123.515625,19
1776817995.3619325,0.0,0,0,92.7,123.515625,19
1776817999.9936068,0.0,0,0,104.0,123.515625,19
1776818001.7909632,0.0,0,0,101.9,123.515625,19
1776818004.9363577,0.0,0,0,105.3,123.515625,19
1776818008.0508978,0.0,0,0,109.2,123.515625,19
1776818009.9873164,0.0,0,0,102.7,123.515625,19
1776818014.7017887,0.0,0,0,95.4,123.515625,19
1776818015.2023716,0.0,0,0,115.8,123.515625,19
1776818020.855349,0.0,0,0,98.9,123.51953125,19
1776818021.3185143,0.0,0,0,99.0,123.51953125,19
1776818025.9949093,0.0,0,0,98.0,123.51953125,19
1776818027.9389272,0.0,0,0,117.3,123.51953125,19
1776818031.2087283,0.0,0,0,114.8,123.51953125,19
1776818034.2363768,0.0,0,0,89.6,123.51953125,19
1776818036.3910732,0.0,0,0,125.6,123.51953125,19
1776818041.241665,0.0,0,0,143.8,123.51953125,19
1776818041.5815396,0.0,0,0,93.4,123.51953125,19
1776818047.3430767,0.0,0,0,104.7,123.52734375,19
1776818047.9617085,0.0,0,0,100.5,123.52734375,19
1776818052.4749424,0.0,0,0,95.1,123.53125,19
1776818053.5554724,0.0,0,0,101.1,123.53125,19
1776818057.6003597,0.0,0,0,91.5,123.53125,19
1776818060.6410162,0.0,0,0,103.8,123.53125,19
1776818062.8019147,0.0,0,0,95.0,123.53125,19
1776818067.154051,0.0,0,0,106.9,123.53125,19
1776818068.209353,0.0,0,0,92.7,123.53125,19
1776818073.6885803,0.0,0,0,99.9,123.53125,19
1776818078.9533532,0.0,0,0,98.9,123.53125,19
1776818080.5382686,0.0,0,0,95.1,123.53125,19
1776818084.1953225,0.0,0,0,103.6,123.53125,19
1776818087.5018177,0.0,0,0,99.1,123.53125,19
1776818089.3583703,0.0,0,0,108.7,123.53125,19
1776818094.2854006,0.0,0,0,103.8,123.53125,19
1776818094.6404521,0.0,0,0,121.1,123.53125,19
1776818100.2658734,0.0,0,0,99.2,123.53515625,19
1776818100.6008794,0.0,0,0,109.5,123.53515625,19
1776818105.559913,0.0,0,0,97.9,123.53515625,19
1776818107.5833552,0.0,0,0,152.2,123.53515625,19
1776818110.6279278,0.0,0,0,107.7,123.53515625,19
1776818113.5645912,0.0,0,0,100.5,123.53515625,19
1776818115.7128513,0.0,0,0,102.9,123.53515625,19
1776818119.77148,0.0,0,0,94.2,123.53515625,19
1776818120.853053,0.0,0,0,110.5,123.53515625,19
1776818125.8263667,0.0,0,0,101.9,123.53515625,19
1776818126.5461683,0.0,0,0,90.2,123.53515625,19
1776818131.0012944,0.0,0,0,101.9,123.65234375,19
1776818132.6003277,0.0,0,0,106.4,123.65234375,19
1776818136.2087357,0.0,0,0,97.1,123.65234375,19
1776818138.9413733,0.0,0,0,102.9,123.65234375,19
1776818141.51387,0.0,0,0,101.5,123.65234375,19
1776818145.3693616,0.0,0,0,102.2,123.65234375,19
1776818146.6694613,0.0,0,0,94.1,123.65234375,19
1776818151.830402,0.0,0,0,97.0,123.65234375,19
1776818151.9683325,0.0,0,0,101.1,123.65234375,19
1776818157.2075055,0.0,0,0,103.7,123.65234375,19
1776818158.154812,0.0,0,0,129.8,123.65234375,19
1776818162.746364,0.0,0,0,107.6,123.65234375,19
1776818165.6933837,0.0,0,0,105.4,123.65234375,19
1776818168.2120848,0.0,0,0,100.7,123.65234375,19
1776818172.0868855,0.0,0,0,91.1,123.65234375,19
1776818173.8273385,0.0,0,0,103.0,123.65234375,19
1776818178.6338675,0.0,0,0,102.9,123.65234375,19
1776818179.1833506,0.0,0,0,97.0,123.65234375,19
1776818184.3453708,0.0,0,0,98.9,123.65234375,19
1776818185.2998626,0.0,0,0,101.3,123.65234375,19
1776818189.4813948,0.0,0,0,96.7,123.65234375,19
1776818191.9723141,0.0,0,0,176.6,123.65234375,19
1776818194.807409,0.0,0,0,98.9,123.65234375,19
1776818198.803267,0.0,0,0,93.7,123.65234375,19
1776818200.122415,0.0,0,0,125.2,123.65234375,19
1776818205.6103203,0.0,0,0,103.4,123.65234375,19
1776818205.5713582,0.0,0,0,88.6,123.65234375,19
1776818210.9302156,0.0,0,0,97.0,123.65234375,19
1776818212.0837023,0.0,0,0,101.8,123.65234375,19
1776818216.17961,0.0,0,0,114.3,123.65234375,19
1776818218.8788517,0.0,0,0,91.5,123.65234375,19
1776818221.5388596,0.0,0,0,98.6,123.65234375,19
1776818225.2573116,0.0,0,0,93.4,123.65234375,19
1776818226.9743726,0.0,0,0,93.7,123.65234375,19
1776818231.7229156,0.0,0,0,96.4,123.65234375,19
1776818232.1574147,0.0,0,0,99.6,123.65234375,19
1776818237.431007,0.0,0,0,107.2,123.65234375,19
1776818237.8893242,0.0,0,0,89.8,123.65234375,19
1776818242.9333346,0.0,0,0,95.1,123.65234375,19
1776818244.1585896,0.0,0,0,109.0,123.65234375,19
1776818248.4366865,0.0,0,0,103.7,123.65234375,19
1776818250.7183306,0.0,0,0,98.9,123.65234375,19
1776818253.625927,0.0,0,0,101.3,123.65234375,19
1776818257.3113446,0.0,0,0,103.2,123.65234375,19
1776818259.1335888,0.0,0,0,106.1,123.65234375,19
1776818263.8570108,0.0,0,0,96.5,123.65234375,19
1776818264.1703668,0.0,0,0,85.6,123.65234375,19
1776818269.2536724,0.0,0,0,99.4,123.65234375,19
1776818270.6471157,0.0,0,0,131.5,123.65234375,19
1776818274.770399,0.0,0,0,99.8,123.65234375,19
1776818277.490651,0.0,0,0,98.7,123.65234375,19
1776818280.0083609,0.0,0,0,102.0,123.65234375,19
1776818284.6057785,0.0,0,0,105.6,123.65234375,19
1776818285.581459,0.0,0,0,105.6,123.65234375,19
1776818290.7374148,0.0,0,0,100.6,123.65234375,19
1776818291.4603326,0.0,0,0,107.5,123.65234375,19
1776818295.908114,0.0,0,0,139.9,123.65234375,19
1776818297.9858336,0.0,0,0,101.0,123.65234375,19
1776818301.151484,0.0,0,0,90.1,123.65234375,19
1776818304.6411893,0.0,0,0,101.2,123.65234375,19
1776818306.4124415,0.0,0,0,135.9,123.65234375,19
1776818311.441326,0.0,0,0,99.5,123.65234375,19
1776818311.4748743,0.0,0,0,90.7,123.65234375,19
1776818317.034393,0.0,0,0,100.0,123.65234375,19
1776818318.4589021,0.0,0,0,93.4,123.65234375,19
1776818322.2428913,0.0,0,0,92.6,123.65234375,19
1776818325.197421,0.0,0,0,106.8,123.65234375,19
1776818327.6739323,0.0,0,0,96.5,123.65234375,19
1776818331.8243456,0.0,0,0,108.6,123.65234375,19
1776818333.018351,0.0,0,0,151.0,123.65234375,19
1776818338.2360914,0.0,0,0,101.4,123.65234375,19
1776818338.5152724,0.0,0,0,84.7,123.65234375,19
1776818343.5726924,0.0,0,0,104.6,123.65234375,19
1776818345.2523828,0.0,0,0,96.7,123.65234375,19
1776818348.9168599,0.0,0,0,126.1,123.65234375,19
1776818351.495952,0.0,0,0,101.4,123.65234375,19
1776818354.2593384,0.0,0,0,104.5,123.65234375,19
1776818358.1128614,0.0,0,0,104.1,123.65234375,19
1776818359.5973718,0.0,0,0,87.9,123.65234375,19
1776818364.60896,0.0,0,0,95.1,123.65234375,19
1776818364.9102614,0.0,0,0,125.8,123.65234375,19
1776818370.0503662,0.0,0,0,102.5,123.65234375,19
1776818371.4837883,0.0,0,0,100.0,123.65234375,19
1776818375.1863942,0.0,0,0,136.3,123.65234375,19
1776818377.7308123,0.0,0,0,98.3,123.65234375,19
1776818380.681063,0.0,0,0,96.8,123.65234375,19
1776818384.7618546,0.0,0,0,100.9,123.65234375,19
1776818385.7532485,0.0,0,0,99.4,123.65234375,19
1776818391.0095656,0.0,0,0,101.4,123.65234375,19
1776818391.6783848,0.0,0,0,107.0,123.65234375,19
1776818396.2588637,0.0,0,0,106.8,123.65234375,19
1776818398.4783382,0.0,0,0,102.7,123.65234375,19
1776818401.7976348,0.0,0,0,89.1,123.65234375,19
1776818405.0534844,0.0,0,0,102.2,123.65234375,19
1776818406.9553146,0.0,0,0,97.8,123.65234375,19
1776818411.5998733,0.0,0,0,107.7,123.65234375,19
1776818412.5473022,0.0,0,0,100.4,123.65234375,19
1776818418.0513852,0.0,0,0,101.0,123.65234375,19
1776818418.2353208,0.0,0,0,103.7,123.65234375,19
1776818423.2564452,0.0,0,0,101.9,123.65234375,19
1776818425.3993206,0.0,0,0,106.8,123.65234375,19
1776818428.5094209,0.0,0,0,99.0,123.65234375,19
1776818431.6780832,0.0,0,0,105.9,123.65234375,19
1776818433.9212625,0.0,0,0,90.7,123.65234375,19
1776818438.3209195,0.0,0,0,102.1,123.65234375,19
1776818438.9898572,0.0,0,0,102.7,123.65234375,19
1776818444.2018557,0.0,0,0,100.9,123.65234375,19
1776818445.1570554,0.0,0,0,99.1,123.65234375,19
1776818449.5764132,0.0,0,0,122.3,123.65234375,19
1776818451.9761133,0.0,0,0,127.2,123.65234375,19
1776818455.1354532,0.0,0,0,100.4,123.65234375,19
1776818458.7833664,0.0,0,0,88.7,123.65234375,19
1776818460.466885,0.0,0,0,96.8,123.65234375,19
1776818465.614337,0.0,0,0,132.1,123.65234375,19
1776818465.8218832,0.0,0,0,104.1,123.65234375,19
1776818470.9611723,0.0,0,0,115.8,123.65234375,19
1776818472.14839,0.0,0,0,96.0,123.65234375,19
1776818476.2082467,0.0,0,0,103.4,123.65234375,19
1776818478.9090438,0.0,0,0,99.3,123.65234375,19
1776818481.618463,0.0,0,0,104.2,123.65234375,19
1776818485.4983044,0.0,0,0,108.1,123.65234375,19
1776818486.8808532,0.0,0,0,103.0,123.65234375,19
1776818491.9486825,0.0,0,0,120.9,123.65234375,19
1776818492.5013344,0.0,0,0,97.9,123.65234375,19
1776818497.8379786,0.0,0,0,105.1,123.65234375,19
1776818498.6915982,0.0,0,0,91.8,123.65234375,19
1776818502.9371507,0.0,0,0,106.3,123.65234375,19
1776818505.2911036,0.0,0,0,100.0,123.65234375,19
1776818508.2899244,0.0,0,0,95.9,123.65234375,19
1776818512.1734185,0.0,0,0,104.5,123.65234375,19
1776818513.7184927,0.0,0,0,105.7,123.65234375,19
1776818518.9109008,0.0,0,0,117.0,123.65234375,19
1776818519.4196,0.0,0,0,109.6,123.65234375,19
1776818524.142406,0.0,0,0,87.7,123.65234375,19
1776818526.3658786,0.0,0,0,101.5,123.65234375,19
1776818529.3123097,0.0,0,0,101.3,123.65234375,19
1776818533.600156,0.0,0,0,88.3,123.65234375,19
1776818534.6423059,0.0,0,0,100.5,123.65234375,19
1776818539.7893143,0.0,0,0,134.1,123.65234375,19
1776818539.8054304,0.0,0,0,133.1,123.65234375,19
1776818544.7973888,0.0,0,0,96.8,123.65234375,19
1776818546.2218375,0.0,0,0,90.1,123.65234375,19
1776818549.9043593,0.0,0,0,108.9,123.65234375,19
1776818552.9578001,0.0,0,0,100.0,123.65234375,19
1776818555.1153836,0.0,0,0,104.7,123.65234375,19
1776818559.6964085,0.0,0,0,136.6,123.65234375,19
1776818560.530932,0.0,0,0,92.9,123.65234375,19
1776818565.501657,0.0,0,0,92.4,123.65234375,19
1776818566.2740452,0.0,0,0,91.7,123.65234375,19
1776818570.7804925,0.0,0,0,139.4,123.65234375,19
1776818572.7593434,0.0,0,0,106.0,123.65234375,19
1776818575.783434,0.0,0,0,101.6,123.65234375,19
1776818579.4402585,0.0,0,0,108.7,123.65234375,19
1776818580.789887,0.0,0,0,93.4,123.65234375,19
1776818586.0723925,0.0,0,0,101.5,123.65234375,19
1776818586.1553316,0.0,0,0,98.1,123.65234375,19
1776818591.5299785,0.0,0,0,169.3,123.65234375,19
1776818592.5043745,0.0,0,0,94.5,123.65234375,19
1776818596.8033507,0.0,0,0,103.8,123.65234375,19
1776818598.9764855,0.0,0,0,112.5,123.65234375,19
1776818601.9973574,0.0,0,0,102.5,123.65234375,19
1776818606.3233545,0.0,0,0,91.5,123.65234375,19
1776818607.1626806,0.0,0,0,93.0,123.65234375,19
1776818612.228881,0.0,0,0,131.9,123.65234375,19
1776818612.6687758,0.0,0,0,103.5,123.65234375,19
1776818617.4553452,0.0,0,0,98.1,123.65234375,19
1776818619.7304041,0.0,0,0,94.3,123.65234375,19
1776818622.8383129,0.0,0,0,102.4,123.65234375,19
1776818626.276722,0.0,0,0,153.7,123.65234375,19
1776818628.4099061,0.0,0,0,103.8,123.65234375,19
1776818632.6621006,0.0,0,0,99.8,123.65234375,19
1776818633.6144836,0.0,0,0,107.7,123.65234375,19
1776818638.7974153,0.0,0,0,94.8,123.65234375,19
1776818639.3514717,0.0,0,0,110.7,123.65234375,19
1776818644.1866322,0.0,0,0,95.3,123.65234375,19
1776818645.795381,0.0,0,0,99.9,123.65234375,19
1776818649.719811,0.0,0,0,102.5,123.65234375,19
1776818652.6015842,0.0,0,0,101.4,123.65234375,19
1776818655.1943557,0.0,0,0,102.3,123.65234375,19
1776818659.1295445,0.0,0,0,99.6,123.65234375,19
1776818660.5665402,0.0,0,0,93.5,123.65234375,19
1776818665.8216712,0.0,0,0,98.1,123.65234375,19
1776818665.9554338,0.0,0,0,102.1,123.65234375,19
1776818671.2863584,0.0,0,0,102.1,123.65234375,19
1776818672.6383657,0.0,0,0,105.8,123.65234375,19
1776818676.8138323,0.0,0,0,101.4,123.65234375,19
1776818679.2190447,0.0,0,0,100.7,123.65234375,19
1776818682.1854577,0.0,0,0,104.2,123.65234375,19
1776818686.3556385,0.0,0,0,103.8,123.65234375,19
1776818687.3991761,0.0,0,0,187.7,123.65234375,19
1776818692.6883717,0.0,0,0,99.0,123.65234375,19
1776818693.1168838,0.0,0,0,100.1,123.65234375,19
1776818698.0208285,0.0,0,0,98.8,123.65234375,19
1776818699.654311,0.0,0,0,101.6,123.65234375,19
1776818703.4496949,0.0,0,0,99.7,123.65234375,19
1776818706.207627,0.0,0,0,105.2,123.65234375,19
1776818708.6684031,0.0,0,0,156.0,123.65234375,19
1776818712.8553045,0.0,0,0,108.3,123.65234375,19
1776818713.9696212,0.0,0,0,130.2,123.65234375,19
1776818719.5063632,0.0,0,0,102.0,123.65234375,19
1776818719.6811695,0.0,0,0,102.4,123.65234375,19
1776818724.76687,0.0,0,0,119.5,123.65234375,19
1776818726.335548,0.0,0,0,106.3,123.65234375,19
1776818729.8263817,0.0,0,0,87.9,123.65234375,19
1776818732.4304507,0.0,0,0,102.8,123.65234375,19
1776818735.2173512,0.0,0,0,101.0,123.65234375,19
1776818739.4703667,0.0,0,0,89.4,123.65234375,19
1776818740.1093185,0.0,0,0,105.1,123.65234375,19
1776818745.34232,0.0,0,0,96.8,123.65234375,19
1776818745.8573713,0.0,0,0,101.8,123.65234375,19
1776818750.7010062,0.0,0,0,91.1,123.7109375,19
1776818751.988808,0.0,0,0,96.9,123.7109375,19
1776818755.8864052,0.0,0,0,106.9,123.7109375,19
1776818758.403342,0.0,0,0,100.4,123.7109375,19
1776818761.1954021,0.0,0,0,98.2,123.7109375,19
1776818764.7543561,0.0,0,0,109.6,123.7109375,19
1776818766.292928,0.0,0,0,116.6,123.7109375,19
1776818771.7169123,0.0,0,0,97.4,123.7109375,19
1776818771.771894,0.0,0,0,107.2,123.7109375,19
1776818776.957672,0.0,0,0,247.7,123.7109375,19
1776818778.2354114,0.0,0,0,103.8,123.7109375,19
1776818782.132063,0.0,0,0,104.4,123.7109375,19
1776818785.2624693,0.0,0,0,110.7,123.7109375,19
1776818787.7413023,0.0,0,0,118.5,123.7109375,19
1776818791.7194002,0.0,0,0,103.1,123.7109375,19
1776818792.6507456,0.0,0,0,98.9,123.7109375,19
1776818798.2673347,0.0,0,0,96.9,123.7109375,19
1776818798.491911,0.0,0,0,101.9,123.7109375,19
1776818803.2389603,0.0,0,0,100.6,123.7109375,19
1776818805.5125718,0.0,0,0,102.4,123.7109375,19
1776818808.4622302,0.0,0,0,101.2,123.7109375,19
1776818811.9483695,0.0,0,0,98.0,123.7109375,19
1776818813.8968549,0.0,0,0,101.0,123.7109375,19
1776818818.9489822,0.0,0,0,108.7,123.7109375,19
1776818819.3879173,0.0,0,0,105.4,123.7109375,19
1776818824.435185,0.0,0,0,101.2,123.7109375,19
1776818825.6683857,0.0,0,0,92.2,123.7109375,19
1776818829.728388,0.0,0,0,90.1,123.7109375,19
1776818831.9333346,0.0,0,0,104.7,123.7109375,19
1776818835.2780695,0.0,0,0,103.0,123.7109375,19
1776818838.210428,0.0,0,0,100.6,123.7109375,19
1776818840.7029114,0.0,0,0,103.7,123.7109375,19
1776818845.1529472,0.0,0,0,101.7,123.7109375,19
1776818846.1238923,0.0,0,0,105.0,123.7109375,19
1776818851.1408985,0.0,0,0,107.5,123.7109375,19
1776818851.981373,0.0,0,0,88.3,123.7109375,19
1776818856.3694122,0.0,0,0,98.6,123.7109375,19
1776818859.1073627,0.0,0,0,97.3,123.7109375,19
1776818861.4564044,0.0,0,0,93.2,123.7109375,19
1776818866.2420497,0.0,0,0,105.8,123.7109375,19
1776818866.9048514,0.0,0,0,106.4,123.7109375,19
1776818871.9639115,0.0,0,0,100.6,123.7109375,19
1776818872.5189662,0.0,0,0,93.9,123.7109375,19
1776818877.6783667,0.0,0,0,95.4,123.7109375,19
1776818878.5269506,0.0,0,0,95.5,123.7109375,19
1776818882.9018548,0.0,0,0,104.3,123.7109375,19
1776818884.9514415,0.0,0,0,104.1,123.7109375,19
1776818888.1094918,0.0,0,0,136.8,123.7109375,19
1776818891.2833316,0.0,0,0,89.5,123.7109375,19
1776818893.7642553,0.0,0,0,94.5,123.7109375,19
1776818898.257933,0.0,0,0,103.8,123.7109375,19
1776818898.823375,0.0,0,0,121.4,123.7109375,19
1776818903.9043481,0.0,0,0,101.6,123.7109375,19
1776818904.346897,0.0,0,0,100.3,123.7109375,19
1776818909.2438653,0.0,0,0,93.4,123.7109375,19
1776818910.8491235,0.0,0,0,95.1,123.7109375,19
1776818914.3397264,0.0,0,0,98.9,123.7109375,19
1776818917.1915176,0.0,0,0,99.3,123.7109375,19
1776818919.743829,0.0,0,0,108.9,123.7109375,19
1776818923.8760498,0.0,0,0,100.9,123.7109375,19
1776818924.8499525,0.0,0,0,96.1,123.7109375,19
1776818930.2781794,0.0,0,0,107.4,123.7109375,19
1776818930.922514,0.0,0,0,100.4,123.7109375,19
1776818935.7173843,0.0,0,0,120.7,123.7109375,19
1776818937.1146405,0.0,0,0,105.5,123.7109375,19
1776818940.949883,0.0,0,0,99.6,123.7109375,19
1776818943.4997988,0.0,0,0,104.0,123.7109375,19
1776818946.620306,0.0,0,0,98.2,123.7109375,19
1776818949.7143388,0.0,0,0,92.3,123.7109375,19
1776818951.727812,0.0,0,0,105.1,123.7109375,19
1776818956.2797859,0.0,0,0,82.5,123.7109375,19
1776818957.2563303,0.0,0,0,107.4,123.7109375,19
1776818962.5573752,0.0,0,0,95.8,123.7109375,19
1776818963.026338,0.0,0,0,97.6,123.7109375,19
1776818967.9075778,0.0,0,0,100.4,123.7109375,19
1776818969.2738228,0.0,0,0,98.4,123.7109375,19
1776818973.208793,0.0,0,0,98.9,123.7109375,19
1776818976.2288768,0.0,0,0,92.6,123.7109375,19
1776818978.403439,0.0,0,0,100.7,123.7109375,19
1776818982.9588714,0.0,0,0,104.6,123.7109375,19
1776818983.565475,0.0,0,0,104.7,123.7109375,19
1776818989.0853188,0.0,0,0,96.0,123.7109375,19
1776818989.7254007,0.0,0,0,103.8,123.7109375,19
1776818994.498043,0.0,0,0,104.4,123.7109375,19
1776818996.1979506,0.0,0,0,113.2,123.7109375,19
1776818999.5199335,0.0,0,0,97.6,123.7109375,19
1776819002.9056087,0.0,0,0,96.6,123.7109375,19
1776819005.003846,0.0,0,0,168.1,123.7109375,19
1776819009.6228914,0.0,0,0,93.3,123.7109375,19
1776819010.6688895,0.0,0,0,99.5,123.7109375,19
1776819015.6858819,0.0,0,0,112.7,123.7109375,19
1776819016.2213597,0.0,0,0,95.7,123.7109375,19
1776819020.8537765,0.0,0,0,95.3,123.7109375,19
1776819021.9854078,0.0,0,0,99.5,123.7109375,19
1776819026.0668664,0.0,0,0,98.9,123.7109375,19
1776819028.6394665,0.0,0,0,107.8,123.7109375,19
1776819031.3134055,0.0,0,0,100.2,123.7109375,19
1776819034.987169,0.0,0,0,103.9,123.7109375,19
1776819036.3142946,0.0,0,0,103.6,123.7109375,19
1776819041.7303958,0.0,0,0,97.4,123.7109375,19
1776819042.164449,0.0,0,0,100.8,123.7109375,19
1776819046.811326,0.0,0,0,104.9,123.7109375,19
1776819048.2391493,0.0,0,0,96.1,123.7109375,19
1776819052.2828093,0.0,0,0,100.5,123.7109375,19
1776819054.7634945,0.0,0,0,100.8,123.7109375,19
1776819057.4669223,0.0,0,0,114.8,123.7109375,19
1776819061.4466035,0.0,0,0,103.0,123.7109375,19
1776819062.6220186,0.0,0,0,110.2,123.7109375,19
1776819067.7499125,0.0,0,0,108.3,123.7109375,19
1776819068.3022978,0.0,0,0,103.3,123.7109375,19
1776819073.292851,0.0,0,0,100.7,123.7109375,19
1776819074.8053465,0.0,0,0,101.5,123.7109375,19
1776819078.2593734,0.0,0,0,107.1,123.7109375,19
1776819081.3738635,0.0,0,0,141.0,123.7109375,19
1776819083.3359108,0.0,0,0,98.8,123.7109375,19
1776819087.9218311,0.0,0,0,89.6,123.7109375,19
1776819088.8879132,0.0,0,0,102.3,123.7109375,19
1776819094.2778468,0.0,0,0,109.8,123.7109375,19
1776819094.6475863,0.0,0,0,92.7,123.7109375,19
1776819099.7949295,0.0,0,0,98.1,123.7109375,19
1776819100.2820685,0.0,0,0,97.2,123.7109375,19
1776819105.1393006,0.0,0,0,100.4,123.7109375,19
1776819106.5975692,0.0,0,0,102.2,123.7109375,19
1776819110.366588,0.0,0,0,97.7,123.7109375,19
1776819113.0218396,0.0,0,0,103.7,123.7109375,19
1776819115.6011314,0.0,0,0,98.9,123.7109375,19
1776819119.6783202,0.0,0,0,106.9,123.7109375,19
1776819120.6148305,0.0,0,0,106.3,123.7109375,19
1776819125.6919928,0.0,0,0,106.2,123.7109375,19
1776819126.3598645,0.0,0,0,109.8,123.7109375,19
1776819130.6684957,0.0,0,0,99.9,123.7109375,19
1776819132.6975193,0.0,0,0,96.2,123.7109375,19
1776819135.7623281,0.0,0,0,107.3,123.7109375,19
1776819139.5923183,0.0,0,0,97.1,123.7109375,19
1776819140.9384234,0.0,0,0,94.9,123.7109375,19
1776819145.967159,0.0,0,0,96.0,123.7109375,19
1776819146.334162,0.0,0,0,88.4,123.7109375,19
1776819151.39402,0.0,0,0,89.9,123.7109375,19
1776819152.7173436,0.0,0,0,103.4,123.7109375,19
1776819156.9391935,0.0,0,0,94.3,123.7109375,19
1776819160.0808785,0.0,0,0,106.9,123.7109375,19
1776819162.4068882,0.0,0,0,155.5,123.7109375,19
1776819166.9382477,0.0,0,0,96.2,123.7109375,19
1776819167.6544096,0.0,0,0,110.7,123.7109375,19
1776819173.4359448,0.0,0,0,96.1,123.7109375,19
1776819173.463256,0.0,0,0,101.2,123.7109375,19
1776819178.4874258,0.0,0,0,101.0,123.7109375,19
1776819179.2825677,0.0,0,0,97.8,123.7109375,19
1776819183.566384,0.0,0,0,98.0,123.7109375,19
1776819185.6663709,0.0,0,0,101.2,123.7109375,19
1776819188.8776364,0.0,0,0,105.9,123.7109375,19
1776819192.6630888,0.0,0,0,93.5,123.7109375,19
1776819194.3013744,0.0,0,0,105.7,123.7109375,19
1776819199.2050378,0.0,0,0,94.8,123.7109375,19
1776819199.382379,0.0,0,0,102.6,123.7109375,19
1776819204.5003953,0.0,0,0,97.7,123.7109375,19
1776819205.4303427,0.0,0,0,100.3,123.7109375,19
1776819209.5529385,0.0,0,0,106.8,123.7109375,19
1776819212.3013196,0.0,0,0,103.0,123.7109375,19
1776819214.6638796,0.0,0,0,98.7,123.7109375,19
1776819219.0675902,0.0,0,0,106.2,123.7109375,19
1776819219.9116967,0.0,0,0,101.8,123.7109375,19
1776819225.5797126,0.0,0,0,101.3,123.7109375,19
1776819225.4089582,0.0,0,0,107.3,123.7109375,19
1776819231.0058563,0.0,0,0,119.6,123.7109375,19
1776819232.1793377,0.0,0,0,99.6,123.7109375,19
1776819236.2939503,0.0,0,0,103.2,123.7109375,19
1776819238.8648348,0.0,0,0,94.3,123.7109375,19
1776819241.4163322,0.0,0,0,95.7,123.7109375,19
1776819245.1771502,0.0,0,0,159.9,123.7109375,19
1776819246.7282972,0.0,0,0,98.8,123.7109375,19
1776819251.8691845,0.0,0,0,102.3,123.7109375,19
1776819251.880186,0.0,0,0,105.0,123.7109375,19
1776819257.1761413,0.0,0,0,99.0,123.7109375,19
1776819258.849967,0.0,0,0,105.3,123.7109375,19
1776819262.6389952,0.0,0,0,93.9,123.7109375,19
1776819265.3708138,0.0,0,0,105.3,123.7109375,19
1776819268.3634114,0.0,0,0,94.1,123.7109375,19
1776819272.0698304,0.0,0,0,96.2,123.7109375,19
1776819273.8781097,0.0,0,0,104.6,123.7109375,19
1776819278.8477058,0.0,0,0,102.0,123.7109375,19
1776819279.1160467,0.0,0,0,92.9,123.7109375,19
1776819284.1812053,0.0,0,0,93.6,123.7109375,19
1776819285.184319,0.0,0,0,98.7,123.7109375,19
1776819289.581828,0.0,0,0,101.2,123.7109375,19
1776819291.4813313,0.0,0,0,97.3,123.7109375,19
1776819294.9087636,0.0,0,0,104.8,123.7109375,19
1776819298.2273777,0.0,0,0,101.0,123.7109375,19
1776819300.0513513,0.0,0,0,96.1,123.7109375,19
1776819304.7708802,0.0,0,0,100.6,123.7109375,19
1776819305.5653782,0.0,0,0,159.2,123.7109375,19
1776819310.8003192,0.0,0,0,119.5,123.7109375,19
1776819311.4111235,0.0,0,0,87.1,123.7109375,19
1776819315.9612198,0.0,0,0,103.9,123.7109375,19
1776819317.7054143,0.0,0,0,101.8,123.7109375,19
1776819321.357446,0.0,0,0,106.5,123.7109375,19
1776819323.9809947,0.0,0,0,98.2,123.7109375,19
1776819326.543809,0.0,0,0,106.3,123.7109375,19
1776819330.5628588,0.0,0,0,97.4,123.7109375,19
1776819331.8033197,0.0,0,0,98.4,123.7109375,19
1776819336.8873863,0.0,0,0,89.3,123.7109375,19
1776819337.4023526,0.0,0,0,97.7,123.7109375,19
1776819342.4643402,0.0,0,0,100.8,123.7109375,19
1776819344.0391095,0.0,0,0,104.2,123.7109375,19
1776819347.6734824,0.0,0,0,133.5,123.7109375,19
1776819350.7568917,0.0,0,0,105.6,123.7109375,19
1776819352.703731,0.0,0,0,97.0,123.7109375,19
1776819357.1179862,0.0,0,0,100.0,123.7109375,19
1776819357.82435,0.0,0,0,101.8,123.7109375,19
1776819362.9949353,0.0,0,0,93.2,123.7109375,19
1776819363.9118154,0.0,0,0,99.8,123.7109375,19
1776819368.377232,0.0,0,0,103.7,123.7109375,19
1776819370.128838,0.0,0,0,106.8,123.7109375,19
1776819373.6840017,0.0,0,0,100.0,123.7109375,19
1776819376.4394133,0.0,0,0,125.5,123.7109375,19
1776819379.0527306,0.0,0,0,110.4,123.7109375,19
1776819382.7149086,0.0,0,0,132.0,123.7109375,19
1776819384.5948608,0.0,0,0,99.8,123.7109375,19
1776819389.2883327,0.0,0,0,91.9,123.7109375,19
1776819389.789424,0.0,0,0,100.3,123.7109375,19
1776819395.1586673,0.0,0,0,100.5,123.7109375,19
1776819395.1585085,0.0,0,0,97.1,123.7109375,19
1776819400.5613866,0.0,0,0,93.2,123.7109375,19
1776819401.8933213,0.0,0,0,93.9,123.7109375,19
1776819405.5318995,0.0,0,0,85.8,123.7109375,19
1776819408.3074007,0.0,0,0,98.3,123.7109375,19
1776819410.5673661,0.0,0,0,96.7,123.7109375,19
1776819414.7927186,0.0,0,0,85.4,123.7109375,19
1776819415.7414124,0.0,0,0,96.1,123.7109375,19
1776819421.1139176,0.0,0,0,129.0,123.7109375,19
1776819421.6412532,0.0,0,0,99.3,123.7109375,19
1776819426.5013611,0.0,0,0,93.6,123.7109375,19
1776819428.9133472,0.0,0,0,99.6,123.7109375,19
1776819432.074371,0.0,0,0,104.9,123.7109375,19
1776819435.6364222,0.0,0,0,121.4,123.7109375,19
1776819436.987519,0.0,0,0,99.8,123.7109375,19
1776819442.2373796,0.0,0,0,103.0,123.7109375,19
1776819442.6809418,0.0,0,0,102.7,123.7109375,19
1776819447.695355,0.0,0,0,119.6,123.7109375,19
1776819448.4018438,0.0,0,0,107.8,123.7109375,19
1776819453.117431,0.0,0,0,94.3,123.7109375,19
1776819455.4652834,0.0,0,0,128.3,123.7109375,19
1776819458.231874,0.0,0,0,106.8,123.7109375,19
1776819462.2028704,0.0,0,0,152.5,123.7109375,19
1776819463.8983924,0.0,0,0,92.0,123.7109375,19
1776819468.2820652,0.0,0,0,99.8,123.7109375,19
1776819469.3483508,0.0,0,0,132.3,123.7109375,19
1776819474.7553673,0.0,0,0,123.6,123.7109375,19
1776819474.903381,0.0,0,0,130.4,123.7109375,19
1776819479.8533983,0.0,0,0,105.8,123.7109375,19
1776819481.3798103,0.0,0,0,98.7,123.7109375,19
1776819485.1928744,0.0,0,0,86.0,123.7109375,19
1776819488.2747746,0.0,0,0,86.7,123.7109375,19
1776819490.329356,0.0,0,0,93.4,123.7109375,19
1776819495.161168,0.0,0,0,95.6,123.7109375,19
1776819495.7463462,0.0,0,0,108.3,123.7109375,19
1776819500.9683561,0.0,0,0,93.8,123.7109375,19
1776819502.63637,0.0,0,0,99.9,123.7109375,19
1776819505.9471233,0.0,0,0,98.9,123.7109375,19
1776819509.4664757,0.0,0,0,97.3,123.7109375,19
1776819511.441336,0.0,0,0,103.2,123.7109375,19
1776819515.7383268,0.0,0,0,108.6,123.7109375,19
1776819516.65947,0.0,0,0,121.1,123.7109375,19
1776819521.7488408,0.0,0,0,98.9,123.7109375,19
1776819522.6833012,0.0,0,0,100.8,123.7109375,19
1776819526.9651217,0.0,0,0,100.7,123.7109375,19
1776819529.066421,0.0,0,0,99.0,123.7109375,19
1776819532.110434,0.0,0,0,97.7,123.7109375,19
1776819536.0989375,0.0,0,0,102.9,123.7109375,19
1776819537.3253784,0.0,0,0,210.9,123.7109375,19
1776819542.9097939,0.0,0,0,99.2,123.7109375,19
1776819542.8673222,0.0,0,0,101.9,123.7109375,19
1776819548.2571602,0.0,0,0,104.0,123.7109375,19
1776819550.0527859,0.0,0,0,112.3,123.7109375,19
1776819553.588392,0.0,0,0,100.1,123.7109375,19
1776819557.0488946,0.0,0,0,105.9,123.7109375,19
1776819558.6358624,0.0,0,0,93.6,123.7109375,19
1776819563.7209744,0.0,0,0,90.3,123.7109375,19
1776819563.9015744,0.0,0,0,76.9,123.7109375,19
1776819569.2338772,0.0,0,0,96.9,123.7109375,19
1776819570.6354802,0.0,0,0,99.6,123.7109375,19
1776819574.5590458,0.0,0,0,89.6,123.7109375,19
1776819577.6788356,0.0,0,0,101.4,123.7109375,19
1776819579.7038898,0.0,0,0,99.6,123.7109375,19
1776819584.1352894,0.0,0,0,106.4,123.7109375,19
1776819585.1275113,0.0,0,0,101.4,123.7109375,19
1776819590.7171662,0.0,0,0,95.1,123.7109375,19
1776819590.9064827,0.0,0,0,105.8,123.7109375,19
1776819595.9974508,0.0,0,0,97.0,123.7109375,19
1776819597.6490965,0.0,0,0,97.1,123.7109375,19
1776819601.222708,0.0,0,0,107.0,123.7109375,19
1776819604.170329,0.0,0,0,89.0,123.7109375,19
1776819606.576934,0.0,0,0,100.8,123.7109375,19
1776819610.8035288,0.0,0,0,92.0,123.7109375,19
1776819611.6564696,0.0,0,0,96.7,123.7109375,19
1776819616.6404917,0.0,0,0,90.6,123.7109375,19
1776819618.3013403,0.0,0,0,102.9,123.7109375,19
1776819621.8534997,0.0,0,0,105.8,123.7109375,19
1776819624.8193922,0.0,0,0,89.4,123.7109375,19
1776819627.1269088,0.0,0,0,129.4,123.7109375,19
1776819631.32891,0.0,0,0,105.7,123.7109375,19
1776819632.0570207,0.0,0,0,108.6,123.7109375,19
1776819637.3574777,0.0,0,0,96.0,123.7109375,19
1776819637.794401,0.0,0,0,105.6,123.7109375,19
1776819642.7623076,0.0,0,0,106.7,123.7109375,19
1776819644.2288568,0.0,0,0,101.8,123.7109375,19
1776819648.0029864,0.0,0,0,92.8,123.7109375,19
1776819650.7458143,0.0,0,0,97.6,123.7109375,19
1776819653.1304255,0.0,0,0,98.9,123.7109375,19
1776819658.3780217,0.0,0,0,101.8,123.7109375,19
1776819659.3443315,0.0,0,0,100.0,123.7109375,19
1776819663.8963327,0.0,0,0,102.0,123.7109375,19
1776819665.5452108,0.0,0,0,90.6,123.7109375,19
1776819668.90035,0.0,0,0,105.6,123.7109375,19
1776819671.7552207,0.0,0,0,119.2,123.7109375,19
1776819674.2732587,0.0,0,0,128.9,123.7109375,19
1776819678.6483169,0.0,0,0,107.2,123.7109375,19
1776819679.7223682,0.0,0,0,103.9,123.7109375,19
1776819684.7405312,0.0,0,0,102.1,123.7109375,19
1776819685.4384394,0.0,0,0,112.6,123.7109375,19
1776819690.1997888,0.0,0,0,122.1,123.7109375,19
1776819691.886395,0.0,0,0,109.4,123.7109375,19
1776819695.4444113,0.0,0,0,100.0,123.7109375,19
1776819698.3572047,0.0,0,0,75.3,123.7109375,19
1776819701.0587897,0.0,0,0,96.0,123.7109375,19
1776819704.760706,0.0,0,0,110.5,123.7109375,19
1776819706.1727326,0.0,0,0,106.8,123.7109375,19
1776819711.2912507,0.0,0,0,102.1,123.7109375,19
1776819711.3680162,0.0,0,0,100.8,123.7109375,19
1776819716.549259,0.0,0,0,103.2,123.7109375,19
1776819717.3241186,0.0,0,0,177.1,123.7109375,19
1776819721.6823854,0.0,0,0,101.4,123.7109375,19
1776819723.9264193,0.0,0,0,110.9,123.7109375,19
1776819726.931721,0.0,0,0,101.6,123.7109375,19
1776819730.7912188,0.0,0,0,91.1,123.7109375,19
1776819732.1270487,0.0,0,0,92.5,123.7109375,19
1776819737.302461,0.0,0,0,128.4,123.7109375,19
1776819737.5243678,0.0,0,0,91.9,123.7109375,19
1776819742.337392,0.0,0,0,99.1,123.7109375,19
1776819744.3207393,0.0,0,0,166.6,123.7109375,19
1776819747.286735,0.0,0,0,109.4,123.7109375,19
1776819751.057127,0.0,0,0,97.4,123.7109375,19
1776819752.8988118,0.0,0,0,120.0,123.7109375,19
1776819757.8812492,0.0,0,0,103.8,123.7109375,19
1776819758.2812493,0.0,0,0,101.9,123.7109375,19
1776819763.065246,0.0,0,0,99.9,123.7109375,19
1776819764.2476864,0.0,0,0,137.9,123.7109375,19
1776819768.2367449,0.0,0,0,101.5,123.7109375,19
1776819770.5862167,0.0,0,0,91.0,123.7109375,19
1776819773.2448626,0.0,0,0,149.2,123.7109375,19
1776819776.7503932,0.0,0,0,94.3,123.7109375,19
1776819778.7694905,0.0,0,0,101.1,123.7109375,19
1776819783.4346821,0.0,0,0,101.3,123.7109375,19
1776819783.8917382,0.0,0,0,104.0,123.7109375,19
1776819789.138798,0.0,0,0,92.4,123.7109375,19
1776819789.922714,0.0,0,0,95.1,123.7109375,19
1776819794.6120977,0.0,0,0,106.8,123.7109375,19
1776819796.6187513,0.0,0,0,102.7,123.7109375,19
1776819799.8327017,0.0,0,0,100.5,123.7109375,19
1776819803.2982666,0.0,0,0,95.2,123.7109375,19
1776819804.902456,0.0,0,0,103.2,123.7109375,19
1776819809.8352787,0.0,0,0,131.3,123.7109375,19
1776819810.053639,0.0,0,0,87.7,123.7109375,19
1776819815.424815,0.0,0,0,106.6,123.7109375,19
1776819816.6052196,0.0,0,0,91.0,123.7109375,19
1776819820.5633428,0.0,0,0,93.3,123.7109375,19
1776819823.1968472,0.0,0,0,103.7,123.7109375,19
1776819825.6273124,0.0,0,0,225.1,123.7109375,19
1776819830.0079246,0.0,0,0,97.0,123.7109375,19
1776819831.1867325,0.0,0,0,101.7,123.7109375,19
1776819836.2342887,0.0,0,0,102.5,123.7109375,19
1776819836.8302238,0.0,0,0,139.1,123.7109375,19
1776819841.3329039,0.0,0,0,109.3,123.7109375,19
1776819843.5132732,0.0,0,0,120.0,123.7109375,19
1776819846.5158224,0.0,0,0,96.3,123.7109375,19
1776819850.1674,0.0,0,0,102.4,123.7109375,19
1776819851.7567925,0.0,0,0,98.2,123.7109375,19
1776819857.3973248,0.0,0,0,97.3,123.7109375,19
1776819862.6008203,0.0,0,0,92.0,123.7109375,19
1776819864.3313196,0.0,0,0,91.6,123.7109375,19
1776819867.8462672,0.0,0,0,122.9,123.7109375,19
1776819871.0263426,0.0,0,0,99.1,123.7109375,19
1776819872.9587562,0.0,0,0,98.1,123.7109375,19
1776819877.429114,0.0,0,0,100.6,123.7109375,19
1776819878.5393176,0.0,0,0,104.2,123.7109375,19
1776819883.7788343,0.0,0,0,101.4,123.7109375,19
1776819884.350779,0.0,0,0,103.2,123.7109375,19
1776819888.9257731,0.0,0,0,137.4,123.7109375,19
1776819890.172748,0.0,0,0,93.6,123.7109375,19
1776819894.2129245,0.0,0,0,154.6,123.7109375,19
1776819897.060362,0.0,0,0,101.0,123.7109375,19
1776819899.2768404,0.0,0,0,101.9,123.7109375,19
1776819903.8423948,0.0,0,0,99.4,123.7109375,19
1776819904.2767272,0.0,0,0,103.4,123.7109375,19
1776819909.539684,0.0,0,0,97.6,123.7109375,19
1776819910.3226507,0.0,0,0,94.0,123.7109375,19
1776819914.7806935,0.0,0,0,108.3,123.7109375,19
1776819916.6907835,0.0,0,0,98.1,123.7109375,19
1776819919.945692,0.0,0,0,103.9,123.7109375,19
1776819923.7956173,0.0,0,0,93.3,123.7109375,19
1776819925.283862,0.0,0,0,129.5,123.7109375,19
1776819930.012665,0.0,0,0,77.1,123.7109375,19
1776819930.652788,0.0,0,0,119.5,123.7109375,19
1776819935.7622454,0.0,0,0,89.0,123.7109375,19
1776819937.8472452,0.0,0,0,108.0,123.7109375,19
1776819940.927851,0.0,0,0,107.4,123.7109375,19
1776819944.7276516,0.0,0,0,118.7,123.7109375,19
1776819946.4141397,0.0,0,0,101.9,123.7109375,19
1776819951.0423663,0.0,0,0,101.3,123.7109375,19
1776819951.7382538,0.0,0,0,287.1,123.7109375,19
1776819957.1487896,0.0,0,0,156.4,123.7109375,19
1776819957.7246716,0.0,0,0,93.6,123.7109375,19
1776819962.3328788,0.0,0,0,127.0,123.7109375,19
1776819964.6054406,0.0,0,0,100.8,123.7109375,19
1776819967.5283554,0.0,0,0,98.5,123.7109375,19
1776819971.2067995,0.0,0,0,109.0,123.7109375,19
1776819972.9347427,0.0,0,0,104.7,123.7109375,19
1776819977.9489985,0.0,0,0,101.2,123.7109375,19
1776819977.9488163,0.0,0,0,99.3,123.7109375,19
1776819983.1652079,0.0,0,0,96.4,123.7109375,19
1776819984.232459,0.0,0,0,97.0,123.7109375,19
1776819988.5333169,0.0,0,0,100.1,123.7109375,19
1776819991.0470116,0.0,0,0,98.4,123.7109375,19
1776819993.7177255,0.0,0,0,103.2,123.7109375,19
1776819997.3347933,0.0,0,0,100.8,123.7109375,19
1776819999.0277488,0.0,0,0,117.5,123.7109375,19
1776820004.0717945,0.0,0,0,100.5,123.7109375,19
1776820004.4152675,0.0,0,0,88.8,123.7109375,19
1776820009.6556869,0.0,0,0,101.2,123.7109375,19
1776820010.6402507,0.0,0,0,103.6,123.7109375,19
1776820015.0961385,0.0,0,0,92.9,123.7109375,19
1776820017.2607532,0.0,0,0,95.5,123.7109375,19
1776820020.2257369,0.0,0,0,146.1,123.7109375,19
1776820023.8108814,0.0,0,0,91.3,123.7109375,19
1776820025.3097594,0.0,0,0,110.1,123.7109375,19
1776820030.0287762,0.0,0,0,96.9,123.7109375,19
1776820030.6182556,0.0,0,0,102.6,123.7109375,19
1776820035.7912185,0.0,0,0,97.8,123.7109375,19
1776820036.3672233,0.0,0,0,106.8,123.7109375,19
1776820040.8667321,0.0,0,0,96.5,123.7109375,19
1776820042.9261527,0.0,0,0,97.2,123.7109375,19
1776820045.7997541,0.0,0,0,101.2,123.7109375,19
1776820050.157922,0.0,0,0,90.6,123.7109375,19
1776820051.1546957,0.0,0,0,93.5,123.7109375,19
1776820056.344204,0.0,0,0,102.7,123.7109375,19
1776820056.9790547,0.0,0,0,104.7,123.7109375,19
1776820061.6882331,0.0,0,0,154.4,123.7109375,19
1776820062.7447462,0.0,0,0,108.8,123.7109375,19
1776820066.7169304,0.0,0,0,92.7,123.7109375,19
1776820069.5167956,0.0,0,0,92.2,123.7109375,19
1776820072.2137635,0.0,0,0,104.9,123.7109375,19
1776820075.8752387,0.0,0,0,104.7,123.7109375,19
1776820077.5417457,0.0,0,0,97.1,123.7109375,19
1776820082.4022725,0.0,0,0,114.6,123.7109375,19
1776820082.6448267,0.0,0,0,107.9,123.7109375,19
1776820087.6632292,0.0,0,0,87.2,123.7109375,19
1776820088.8139894,0.0,0,0,107.0,123.7109375,19
1776820093.2267852,0.0,0,0,91.5,123.7109375,19
1776820095.7166758,0.0,0,0,82.1,123.7109375,19
1776820098.3997383,0.0,0,0,100.1,123.7109375,19
1776820102.6883125,0.0,0,0,99.3,123.7109375,19
1776820103.5060406,0.0,0,0,104.1,123.7109375,19
1776820108.9527092,0.0,0,0,105.4,123.7109375,19
1776820109.4019868,0.0,0,0,91.1,123.7109375,19
1776820114.2149813,0.0,0,0,98.0,123.7109375,19
1776820115.8407023,0.0,0,0,98.6,123.7109375,19
1776820119.7010841,0.0,0,0,106.3,123.7109375,19
1776820122.402259,0.0,0,0,100.8,123.7109375,19
1776820124.8511732,0.0,0,0,104.3,123.7109375,19
1776820129.114435,0.0,0,0,110.8,123.7109375,19
1776820130.1622212,0.0,0,0,102.9,123.7109375,19
1776820135.4738178,0.0,0,0,105.4,123.7109375,19
1776820135.7108264,0.0,0,0,100.4,123.7109375,19
1776820140.9853113,0.0,0,0,97.1,123.80859375,19
1776820141.920286,0.0,0,0,107.9,123.80859375,19
1776820146.3077042,0.0,0,0,103.3,123.80859375,19
1776820148.3633158,0.0,0,0,144.8,123.80859375,19
1776820151.5060477,0.0,0,0,98.4,123.80859375,19
1776820155.1906433,0.0,0,0,101.1,123.80859375,19
1776820156.750669,0.0,0,0,113.2,123.80859375,19
1776820162.0298462,0.0,0,0,99.9,123.80859375,19
1776820162.135164,0.0,0,0,100.4,123.80859375,19
1776820167.5742526,0.0,0,0,126.8,123.80859375,19
1776820168.6487036,0.0,0,0,110.0,123.80859375,19
1776820172.6817117,0.0,0,0,100.1,123.80859375,19
1776820174.525885,0.0,0,0,90.3,123.80859375,19
1776820178.205239,0.0,0,0,89.9,123.80859375,19
1776820181.3342693,0.0,0,0,109.3,123.80859375,19
1776820183.6952422,0.0,0,0,99.8,123.80859375,19
1776820187.8172219,0.0,0,0,96.4,123.80859375,19
1776820188.924764,0.0,0,0,99.5,123.80859375,19
1776820194.4252083,0.0,0,0,161.3,123.80859375,19
1776820194.4138744,0.0,0,0,142.8,123.80859375,19
1776820199.9287913,0.0,0,0,108.9,123.80859375,19
1776820201.0988173,0.0,0,0,104.2,123.80859375,19
1776820205.0586705,0.0,0,0,106.0,123.80859375,19
1776820208.3402092,0.0,0,0,101.0,123.80859375,19
1776820210.355365,0.0,0,0,102.5,123.80859375,19
1776820214.983649,0.0,0,0,97.6,123.80859375,19
1776820215.4646058,0.0,0,0,96.1,123.80859375,19
1776820220.8778942,0.0,0,0,92.1,123.8203125,19
1776820221.8658705,0.0,0,0,109.0,123.8203125,19
1776820226.0287838,0.0,0,0,158.2,123.8203125,19
1776820229.1107235,0.0,0,0,105.8,123.8203125,19
1776820231.1682935,0.0,0,0,106.3,123.8203125,19
1776820236.0617986,0.0,0,0,118.5,123.8203125,19
1776820236.6142437,0.0,0,0,110.1,123.8203125,19
1776820241.6643045,0.0,0,0,101.4,123.8359375,19
1776820242.215118,0.0,0,0,92.4,123.8359375,19
1776820246.8387182,0.0,0,0,107.0,123.8359375,19
1776820248.700811,0.0,0,0,88.4,123.8359375,19
1776820252.3328195,0.0,0,0,101.9,123.8359375,19
1776820255.4337125,0.0,0,0,96.2,123.8359375,19
1776820257.5477204,0.0,0,0,101.9,123.8359375,19
1776820262.2697034,0.0,0,0,101.6,123.8359375,19
1776820262.7096715,0.0,0,0,89.2,123.8359375,19
1776820268.1708565,0.0,0,0,101.8,123.84375,19
1776820268.6224792,0.0,0,0,100.9,123.84375,19
1776820273.438756,0.0,0,0,99.8,123.84375,19
1776820275.1461287,0.0,0,0,102.4,123.84375,19
1776820278.4297478,0.0,0,0,103.1,123.84375,19
1776820282.1477249,0.0,0,0,108.9,123.84375,19
1776820283.633905,0.0,0,0,90.7,123.84375,19
1776820289.0188596,0.0,0,0,105.8,123.84375,19
1776820289.2156897,0.0,0,0,101.5,123.84375,19
1776820294.1977818,0.0,0,0,89.7,123.84375,19
1776820295.564799,0.0,0,0,104.2,123.84375,19
1776820299.5638485,0.0,0,0,101.8,123.84375,19
1776820302.1096904,0.0,0,0,102.1,123.84375,19
1776820304.8787103,0.0,0,0,114.1,123.84375,19
1776820308.762039,0.0,0,0,98.8,123.84375,19
1776820310.3383715,0.0,0,0,93.4,123.84375,19
1776820315.4586928,0.0,0,0,106.4,123.84375,19
1776820315.8262928,0.0,0,0,101.6,123.84375,19
1776820321.0075839,0.0,0,0,102.4,123.85546875,19
1776820322.10698,0.0,0,0,104.6,123.85546875,19
1776820326.509257,0.0,0,0,103.8,123.85546875,19
1776820328.3424332,0.0,0,0,93.3,123.85546875,19
1776820331.8101568,0.0,0,0,90.1,123.85546875,19
1776820335.0792234,0.0,0,0,98.9,123.85546875,19
1776820337.3572977,0.0,0,0,121.3,123.85546875,19
1776820342.13945,0.0,0,0,103.6,123.85546875,19
1776820342.536893,0.0,0,0,152.5,123.85546875,19
1776820347.7144382,0.0,0,0,94.3,123.86328125,19
1776820349.3859165,0.0,0,0,118.9,123.86328125,19
1776820353.1721892,0.0,0,0,109.0,123.86328125,19
1776820355.9594636,0.0,0,0,106.5,123.86328125,19
1776820358.442896,0.0,0,0,90.4,123.86328125,19
1776820362.537728,0.0,0,0,101.4,123.86328125,19
1776820364.0452228,0.0,0,0,105.3,123.86328125,19
1776820369.151237,0.0,0,0,101.0,123.86328125,19
1776820369.3767023,0.0,0,0,108.4,123.86328125,19
1776820374.518368,0.0,0,0,88.2,123.86328125,19
1776820375.8418007,0.0,0,0,98.8,123.86328125,19
1776820380.154255,0.0,0,0,100.1,123.86328125,19
1776820382.650909,0.0,0,0,98.0,123.86328125,19
1776820385.636705,0.0,0,0,131.4,123.86328125,19
1776820389.269623,0.0,0,0,95.1,123.86328125,19
1776820391.2128036,0.0,0,0,97.2,123.86328125,19
1776820396.1057484,0.0,0,0,98.5,123.86328125,19
1776820396.5522606,0.0,0,0,114.4,123.86328125,19
1776820401.7705028,0.0,0,0,97.3,123.86328125,19
1776820402.7210057,0.0,0,0,98.8,123.86328125,19
1776820407.1646898,0.0,0,0,97.4,123.86328125,19
1776820409.5757031,0.0,0,0,101.0,123.86328125,19
1776820412.7807543,0.0,0,0,100.6,123.86328125,19
1776820416.02618,0.0,0,0,113.1,123.86328125,19
1776820418.2702453,0.0,0,0,130.3,123.86328125,19
1776820422.967838,0.0,0,0,99.9,123.86328125,19
1776820423.8458047,0.0,0,0,108.3,123.86328125,19
1776820428.948699,0.0,0,0,101.0,123.86328125,19
1776820429.4808366,0.0,0,0,100.3,123.86328125,19
1776820434.5568655,0.0,0,0,90.3,123.86328125,19
1776820436.3726673,0.0,0,0,98.3,123.86328125,19
1776820439.9170892,0.0,0,0,108.6,123.86328125,19
1776820442.9808471,0.0,0,0,101.0,123.86328125,19
1776820445.1273012,0.0,0,0,111.4,123.86328125,19
1776820449.461459,0.0,0,0,99.0,123.86328125,19
1776820450.6579626,0.0,0,0,93.7,123.86328125,19
1776820455.9680457,0.0,0,0,100.2,123.86328125,19
1776820456.7407064,0.0,0,0,99.7,123.86328125,19
1776820461.0812283,0.0,0,0,100.1,123.890625,19
1776820463.7524514,0.0,0,0,126.7,123.890625,19
1776820466.2326012,0.0,0,0,101.7,123.890625,19
1776820470.043234,0.0,0,0,95.6,123.890625,19
1776820471.6057472,0.0,0,0,95.2,123.890625,19
1776820476.6747334,0.0,0,0,101.7,123.890625,19
1776820481.8237271,0.0,0,0,106.1,123.890625,19
1776820483.5265448,0.0,0,0,98.1,123.890625,19
1776820487.4343204,0.0,0,0,99.4,123.890625,19
1776820490.6307926,0.0,0,0,97.5,123.890625,19
1776820492.7023098,0.0,0,0,107.8,123.890625,19
1776820497.5582106,0.0,0,0,146.2,123.890625,19
1776820497.9561768,0.0,0,0,91.5,123.890625,19
1776820503.2186897,0.0,0,0,100.5,123.90234375,19
1776820503.8410416,0.0,0,0,104.0,123.90234375,19
1776820508.64875,0.0,0,0,101.5,123.90625,19
1776820509.9017096,0.0,0,0,95.8,123.90625,19
1776820514.1261907,0.0,0,0,101.8,123.90625,19
1776820516.4963238,0.0,0,0,89.7,123.90625,19
1776820519.2387333,0.0,0,0,103.9,123.90625,19
1776820522.808883,0.0,0,0,92.3,123.90625,19
1776820524.8966904,0.0,0,0,98.7,123.90625,19
1776820529.6108444,0.0,0,0,98.6,123.90625,19
1776820530.3782892,0.0,0,0,106.4,123.90625,19
1776820535.9648252,0.0,0,0,108.7,123.91015625,19
1776820536.2152488,0.0,0,0,106.5,123.91015625,19
1776820540.9921918,0.0,0,0,98.0,123.9140625,19
1776820542.2907488,0.0,0,0,99.7,123.9140625,19
1776820546.4157763,0.0,0,0,101.8,123.9140625,19
1776820548.799236,0.0,0,0,88.9,123.9140625,19
1776820551.4438186,0.0,0,0,97.5,123.9140625,19
1776820555.5087283,0.0,0,0,102.2,123.9140625,19
1776820556.7507582,0.0,0,0,91.3,123.9140625,19
1776820561.8527555,0.0,0,0,97.6,123.9140625,19
1776820562.4267397,0.0,0,0,114.3,123.9140625,19
1776820567.2607434,0.0,0,0,93.7,123.9140625,19
1776820568.9066732,0.0,0,0,100.9,123.9140625,19
1776820572.648693,0.0,0,0,104.8,123.9140625,19
1776820576.0022204,0.0,0,0,121.4,123.9140625,19
1776820577.698272,0.0,0,0,102.3,123.9453125,19
1776820582.7169979,0.0,0,0,91.9,123.9453125,19
1776820583.035434,0.0,0,0,132.5,123.9453125,19
1776820588.285721,0.0,0,0,199.8,123.9453125,19
1776820589.0207903,0.0,0,0,97.3,123.9453125,19
1776820593.8311808,0.0,0,0,106.3,123.9453125,19
1776820595.5089235,0.0,0,0,105.6,123.9453125,19
1776820599.0892665,0.0,0,0,103.7,123.9453125,19
1776820602.152794,0.0,0,0,143.3,123.9453125,19
1776820604.4348037,0.0,0,0,103.1,123.9453125,19
1776820608.764999,0.0,0,0,98.4,123.9453125,19
1776820609.5222664,0.0,0,0,106.8,123.9453125,19
1776820614.7392519,0.0,0,0,101.6,123.9453125,19
1776820615.570311,0.0,0,0,108.0,123.9453125,19
1776820620.002276,0.0,0,0,98.8,123.9453125,19
1776820622.4205773,0.0,0,0,145.4,123.9453125,19
1776820625.494726,0.0,0,0,106.3,123.9453125,19
1776820629.1011739,0.0,0,0,101.4,123.9453125,19
1776820630.7781396,0.0,0,0,105.5,123.9453125,19
1776820635.6237779,0.0,0,0,97.0,123.9453125,19
1776820636.0199337,0.0,0,0,103.2,123.9453125,19
1776820640.9607017,0.0,0,0,110.3,123.9453125,19
1776820642.2012136,0.0,0,0,106.9,123.9453125,19
1776820646.1456976,0.0,0,0,104.8,123.9453125,19
1776820648.6107013,0.0,0,0,107.3,123.9453125,19
1776820651.4915748,0.0,0,0,103.0,123.9453125,19
1776820655.0811875,0.0,0,0,108.4,123.9453125,19
1776820657.0119808,0.0,0,0,144.2,123.9453125,19
1776820661.9542892,0.0,0,0,96.1,123.9453125,19
1776820662.3790915,0.0,0,0,88.6,123.9453125,19
1776820667.7191687,0.0,0,0,162.4,123.9453125,19
1776820668.6232026,0.0,0,0,106.4,123.9453125,19
1776820672.9807215,0.0,0,0,90.7,123.9453125,19
1776820675.7411897,0.0,0,0,95.4,123.9453125,19
1776820678.0617356,0.0,0,0,88.5,123.9453125,19
1776820682.6379566,0.0,0,0,100.3,123.9453125,19
1776820683.1106849,0.0,0,0,98.7,123.9453125,19
1776820688.4193125,0.0,0,0,100.0,123.9453125,19
1776820688.9462314,0.0,0,0,107.3,123.9453125,19
1776820693.5807073,0.0,0,0,101.3,123.9453125,19
1776820695.6267145,0.0,0,0,105.9,123.9453125,19
1776820698.7854302,0.0,0,0,90.7,123.9453125,19
1776820702.545869,0.0,0,0,101.9,123.9453125,19
1776820704.3207948,0.0,0,0,106.7,123.9453125,19
1776820709.1728568,0.0,0,0,98.7,123.9453125,19
1776820709.808196,0.0,0,0,97.9,123.9453125,19
1776820714.7723212,0.0,0,0,100.7,123.95703125,19
1776820715.9022994,0.0,0,0,101.3,123.95703125,19
1776820720.1221716,0.0,0,0,105.7,123.95703125,19
1776820722.4616842,0.0,0,0,104.0,123.95703125,19
1776820725.4122832,0.0,0,0,105.0,123.95703125,19
1776820729.1447082,0.0,0,0,100.4,123.95703125,19
1776820730.6281996,0.0,0,0,104.4,123.95703125,19
1776820735.8682296,0.0,0,0,97.3,123.95703125,19
1776820735.9947317,0.0,0,0,94.9,123.95703125,19
1776820741.2405572,0.0,0,0,105.2,123.95703125,19
1776820742.7087214,0.0,0,0,100.7,123.95703125,19
1776820746.3797626,0.0,0,0,103.2,123.95703125,19
1776820749.4577012,0.0,0,0,152.7,123.95703125,19
1776820751.6647995,0.0,0,0,102.9,123.95703125,19
1776820756.3993652,0.0,0,0,94.7,123.95703125,19
1776820756.8283405,0.0,0,0,125.4,123.95703125,19
1776820762.4914834,0.0,0,0,105.3,123.95703125,19
1776820762.9657345,0.0,0,0,106.4,123.95703125,19
1776820767.6028125,0.0,0,0,107.9,123.95703125,19
1776820769.8614879,0.0,0,0,93.5,123.95703125,19
1776820772.7159226,0.0,0,0,103.1,123.95703125,19
1776820776.1947513,0.0,0,0,91.1,123.95703125,19
1776820778.1343095,0.0,0,0,160.9,123.95703125,19
1776820782.837709,0.0,0,0,123.1,123.95703125,19
1776820783.4312375,0.0,0,0,101.4,123.95703125,19
1776820788.5814972,0.0,0,0,88.9,123.95703125,19
1776820789.5451376,0.0,0,0,91.3,123.95703125,19
1776820793.6795988,0.0,0,0,81.1,123.95703125,19
1776820796.5283585,0.0,0,0,94.2,123.95703125,19
1776820798.8682165,0.0,0,0,99.4,123.95703125,19
1776820803.3057003,0.0,0,0,99.6,123.95703125,19
1776820804.1272955,0.0,0,0,106.7,123.95703125,19
1776820809.909166,0.0,0,0,100.0,123.95703125,19
1776820809.8932114,0.0,0,0,93.6,123.95703125,19
1776820815.2045493,0.0,0,0,131.6,123.95703125,19
1776820816.9849496,0.0,0,0,94.7,123.95703125,19
1776820820.6397488,0.0,0,0,99.4,123.95703125,19
1776820823.5007994,0.0,0,0,89.9,123.95703125,19
1776820826.0439146,0.0,0,0,102.5,123.95703125,19
1776820830.2317216,0.0,0,0,100.3,123.95703125,19
1776820831.122783,0.0,0,0,97.6,123.95703125,19
1776820836.6002402,0.0,0,0,88.0,123.95703125,19
1776820836.8017635,0.0,0,0,92.9,123.95703125,19
1776820841.7997322,0.0,0,0,163.2,123.98828125,19
1776820843.3117535,0.0,0,0,99.7,123.98828125,19
1776820847.1884277,0.0,0,0,101.2,123.98828125,19
1776820850.0457458,0.0,0,0,102.5,123.98828125,19
1776820852.3857276,0.0,0,0,138.7,123.98828125,19
1776820856.4707649,0.0,0,0,75.8,123.98828125,19
1776820857.3674307,0.0,0,0,92.4,123.98828125,19
1776820862.5212727,0.0,0,0,86.9,123.98828125,19
1776820863.3297508,0.0,0,0,104.1,123.98828125,19
1776820867.7106571,0.0,0,0,88.7,123.98828125,19
1776820869.5256474,0.0,0,0,103.5,123.98828125,19
1776820872.8658178,0.0,0,0,99.2,123.98828125,19
1776820876.304238,0.0,0,0,89.7,123.98828125,19
1776820878.314336,0.0,0,0,109.1,123.98828125,19
1776820883.3468835,0.0,0,0,99.9,123.98828125,19
1776820883.2673457,0.0,0,0,98.3,123.98828125,19
1776820889.0813832,0.0,0,0,157.4,123.98828125,19
1776820890.081161,0.0,0,0,87.9,123.98828125,19
1776820894.312726,0.0,0,0,97.6,123.98828125,19
1776820896.7224398,0.0,0,0,310.1,123.98828125,19
1776820899.919029,0.0,0,0,96.1,123.98828125,19
1776820903.4543629,0.0,0,0,97.4,123.98828125,19
1776820904.8785675,0.0,0,0,169.2,123.98828125,19
1776820910.0999382,0.0,0,0,101.4,123.98828125,19
1776820910.420835,0.0,0,0,99.9,123.98828125,19
1776820915.8847222,0.0,0,0,92.4,124.0078125,19
1776820916.6797676,0.0,0,0,94.3,124.0078125,19
1776820921.2072563,0.0,0,0,131.9,124.0078125,19
1776820923.4667122,0.0,0,0,100.5,124.0078125,19
1776820926.7307034,0.0,0,0,98.1,124.0078125,19
1776820929.868833,0.0,0,0,95.7,124.0078125,19
1776820932.1142428,0.0,0,0,99.5,124.0078125,19
1776820936.8183215,0.0,0,0,108.8,124.0078125,19
1776820937.2095988,0.0,0,0,103.3,124.0078125,19
1776820942.8636496,0.0,0,0,95.5,124.015625,19
1776820944.949669,0.0,0,0,101.1,124.015625,19
1776820948.069827,0.0,0,0,141.4,124.015625,19
1776820951.8577604,0.0,0,0,110.0,124.015625,19
1776820953.3862076,0.0,0,0,142.8,124.015625,19
1776820958.532275,0.0,0,0,98.9,124.015625,19
1776820959.0162365,0.0,0,0,122.7,124.015625,19
1776820963.8747122,0.0,0,0,100.5,124.015625,19
1776820965.7480729,0.0,0,0,101.1,124.015625,19
1776820969.4417496,0.0,0,0,108.9,124.015625,19
1776820972.5979671,0.0,0,0,100.5,124.015625,19
1776820974.7324367,0.0,0,0,100.0,124.015625,19
1776820979.654111,0.0,0,0,95.5,124.015625,19
1776820980.1367047,0.0,0,0,99.4,124.015625,19
1776820985.4986968,0.0,0,0,105.6,124.02734375,19
1776820986.4893844,0.0,0,0,96.6,124.02734375,19
1776820990.686105,0.0,0,0,102.1,124.02734375,19
1776820992.9247627,0.0,0,0,118.5,124.02734375,19
1776820995.9543524,0.0,0,0,94.3,124.02734375,19
1776820999.90719,0.0,0,0,99.6,124.02734375,19
1776821001.065693,0.0,0,0,93.4,124.02734375,19
1776821006.057805,0.0,0,0,97.3,124.02734375,19
1776821006.2207541,0.0,0,0,148.9,124.02734375,19
1776821011.5325158,0.0,0,0,93.5,124.02734375,19
1776821012.7799234,0.0,0,0,102.5,124.02734375,19
1776821016.9841483,0.0,0,0,102.3,124.02734375,19
1776821019.4802191,0.0,0,0,101.9,124.02734375,19
1776821022.2582572,0.0,0,0,96.3,124.02734375,19
1776821026.447815,0.0,0,0,91.7,124.02734375,19
1776821027.290794,0.0,0,0,88.1,124.02734375,19
1776821032.5508654,0.0,0,0,97.3,124.02734375,19
1776821033.0665758,0.0,0,0,239.2,124.02734375,19
1776821037.6947513,0.0,0,0,101.5,124.02734375,19
1776821039.7780957,0.0,0,0,134.0,124.02734375,19
1776821043.1874022,0.0,0,0,98.9,124.02734375,19
1776821046.060669,0.0,0,0,98.7,124.109375,19
1776821048.7774003,0.0,0,0,94.8,124.109375,19
1776821052.4347227,0.0,0,0,102.9,124.109375,19
1776821054.2024772,0.0,0,0,103.3,124.109375,19
1776821059.058867,0.0,0,0,102.1,124.109375,19
1776821059.3361883,0.0,0,0,104.8,124.109375,19
1776821064.799236,0.0,0,0,108.4,124.109375,19
1776821065.8903825,0.0,0,0,99.0,124.109375,19
1776821069.818805,0.0,0,0,98.5,124.109375,19
1776821072.4476938,0.0,0,0,125.5,124.109375,19
1776821075.1276891,0.0,0,0,106.7,124.109375,19
1776821079.0407567,0.0,0,0,147.5,124.109375,19
1776821080.3917387,0.0,0,0,115.7,124.109375,19
1776821085.5166907,0.0,0,0,104.2,124.109375,19
1776821085.8395529,0.0,0,0,97.8,124.109375,19
1776821090.9378548,0.0,0,0,101.8,124.109375,19
1776821092.3862162,0.0,0,0,104.3,124.109375,19
1776821096.167502,0.0,0,0,92.0,124.109375,19
1776821098.8893812,0.0,0,0,127.7,124.109375,19
1776821101.362689,0.0,0,0,104.1,124.109375,19
1776821105.758206,0.0,0,0,100.5,124.109375,19
1776821106.8927321,0.0,0,0,94.6,124.109375,19
1776821112.5655615,0.0,0,0,139.3,124.109375,19
1776821112.5304284,0.0,0,0,134.7,124.109375,19
1776821117.6953647,0.0,0,0,94.8,124.109375,19
1776821119.3909101,0.0,0,0,97.8,124.109375,19
1776821123.0408158,0.0,0,0,99.8,124.109375,19
1776821126.91427,0.0,0,0,105.3,124.109375,19
1776821128.5109913,0.0,0,0,105.0,124.109375,19
1776821133.33934,0.0,0,0,100.3,124.109375,19
1776821134.1329565,0.0,0,0,142.9,124.109375,19
1776821139.4665444,0.0,0,0,92.8,124.109375,19
1776821140.0826652,0.0,0,0,141.2,124.109375,19
1776821144.7987912,0.0,0,0,90.8,124.109375,19
1776821145.8013399,0.0,0,0,92.5,124.109375,19
1776821150.1277168,0.0,0,0,103.5,124.109375,19
1776821152.8347511,0.0,0,0,106.2,124.109375,19
1776821155.310835,0.0,0,0,96.2,124.109375,19
1776821158.8712358,0.0,0,0,95.9,124.109375,19
1776821160.4977088,0.0,0,0,103.0,124.109375,19
1776821165.3606403,0.0,0,0,105.0,124.109375,19
1776821165.5468042,0.0,0,0,130.3,124.109375,19
1776821170.666676,0.0,0,0,102.2,124.109375,19
1776821172.3767169,0.0,0,0,101.8,124.109375,19
1776821175.766235,0.0,0,0,105.1,124.109375,19
1776821179.4017987,0.0,0,0,99.0,124.109375,19
1776821181.1237774,0.0,0,0,108.1,124.109375,19
1776821185.8996797,0.0,0,0,91.8,124.109375,19
1776821186.3205137,0.0,0,0,118.3,124.109375,19
1776821191.6310587,0.0,0,0,95.1,124.109375,19
1776821192.9198272,0.0,0,0,104.4,124.109375,19
1776821196.839049,0.0,0,0,143.5,124.109375,19
1776821200.2321427,0.0,0,0,86.8,124.109375,19
1776821202.2399929,0.0,0,0,102.4,124.109375,19
1776821207.4517822,0.0,0,0,77.4,124.109375,19
1776821207.7000191,0.0,0,0,106.4,124.109375,19
1776821212.7122624,0.0,0,0,107.3,124.109375,19
1776821214.6572268,0.0,0,0,114.5,124.109375,19
1776821217.9837272,0.0,0,0,96.6,124.109375,19
1776821221.6887412,0.0,0,0,94.8,124.109375,19
1776821223.5167508,0.0,0,0,100.7,124.109375,19
1776821228.3967566,0.0,0,0,95.3,124.109375,19
1776821228.8945434,0.0,0,0,84.8,124.109375,19
1776821234.153248,0.0,0,0,100.7,124.109375,19
1776821235.643308,0.0,0,0,105.1,124.109375,19
1776821239.463246,0.0,0,0,90.8,124.109375,19
1776821242.091707,0.0,0,0,104.2,124.109375,19
1776821244.9941647,0.0,0,0,95.8,124.109375,19
1776821248.5149114,0.0,0,0,101.7,124.109375,19
1776821250.2822888,0.0,0,0,104.7,124.109375,19
1776821255.5739596,0.0,0,0,106.3,124.109375,19
1776821260.955797,0.0,0,0,128.0,124.109375,19
1776821262.0146646,0.0,0,0,90.5,124.109375,19
1776821266.284731,0.0,0,0,104.8,124.109375,19
1776821268.5277386,0.0,0,0,97.1,124.109375,19
1776821271.5517895,0.0,0,0,102.8,124.109375,19
1776821274.9142203,0.0,0,0,102.0,124.109375,19
1776821276.8093958,0.0,0,0,103.3,124.109375,19
1776821281.8777544,0.0,0,0,95.3,124.109375,19
1776821281.9287696,0.0,0,0,115.6,124.109375,19
1776821287.1333427,0.0,0,0,143.8,124.109375,19
1776821288.7310302,0.0,0,0,98.7,124.109375,19
1776821292.590853,0.0,0,0,139.4,124.109375,19
1776821295.637449,0.0,0,0,102.8,124.109375,19
1776821297.655693,0.0,0,0,103.8,124.109375,19
1776821303.0197473,0.0,0,0,100.3,124.109375,19
1776821302.9262624,0.0,0,0,99.1,124.109375,19
1776821307.8637621,0.0,0,0,96.3,124.109375,19
1776821309.6272972,0.0,0,0,100.5,124.109375,19
1776821313.0501852,0.0,0,0,98.6,124.109375,19
1776821316.0335774,0.0,0,0,94.4,124.109375,19
1776821318.173266,0.0,0,0,110.4,124.109375,19
1776821322.8793268,0.0,0,0,91.1,124.109375,19
1776821323.2649915,0.0,0,0,109.7,124.109375,19
1776821328.5066917,0.0,0,0,106.9,124.109375,19
1776821329.7921722,0.0,0,0,92.8,124.109375,19
1776821333.6214447,0.0,0,0,97.5,124.109375,19
1776821335.8562593,0.0,0,0,99.5,124.109375,19
1776821338.9731724,0.0,0,0,93.3,124.109375,19
1776821342.5397246,0.0,0,0,101.3,124.109375,19
1776821344.2374053,0.0,0,0,105.2,124.109375,19
1776821348.8608105,0.0,0,0,105.6,124.109375,19
1776821349.7217987,0.0,0,0,116.7,124.109375,19
1776821354.6688328,0.0,0,0,102.8,124.109375,19
1776821355.535727,0.0,0,0,99.4,124.109375,19
1776821359.8238606,0.0,0,0,95.2,124.109375,19
1776821362.5061462,0.0,0,0,101.9,124.109375,19
1776821365.0829904,0.0,0,0,93.8,124.109375,19
1776821369.1272893,0.0,0,0,100.9,124.109375,19
1776821370.2688346,0.0,0,0,105.6,124.109375,19
1776821375.4208202,0.0,0,0,108.2,124.109375,19
1776821375.9882593,0.0,0,0,104.9,124.109375,19
1776821380.8536575,0.0,0,0,104.4,124.1328125,19
1776821381.5917423,0.0,0,0,178.6,124.1328125,19
1776821386.0178485,0.0,0,0,102.7,124.1328125,19
1776821388.0977683,0.0,0,0,96.3,124.1328125,19
1776821391.0495825,0.0,0,0,103.6,124.1328125,19
1776821394.956801,0.0,0,0,102.6,124.1328125,19
1776821396.5593076,0.0,0,0,82.1,124.1328125,19
1776821401.5612607,0.0,0,0,88.8,124.1328125,19
1776821401.7649865,0.0,0,0,97.7,124.1328125,19
1776821406.8926778,0.0,0,0,100.4,124.1328125,19
1776821408.5943742,0.0,0,0,106.7,124.1328125,19
1776821412.0498664,0.0,0,0,101.3,124.1328125,19
1776821415.2992694,0.0,0,0,93.8,124.1328125,19
1776821417.2457287,0.0,0,0,115.6,124.1328125,19
1776821421.952279,0.0,0,0,99.3,124.1328125,19
1776821422.4196033,0.0,0,0,229.8,124.1328125,19
1776821427.9496922,0.0,0,0,105.0,124.140625,19
1776821428.7087812,0.0,0,0,88.5,124.140625,19
1776821433.0177512,0.0,0,0,105.6,124.140625,19
1776821435.6042123,0.0,0,0,102.1,124.140625,19
1776821438.182815,0.0,0,0,101.5,124.140625,19
1776821442.6782606,0.0,0,0,93.0,124.140625,19
1776821443.609393,0.0,0,0,105.3,124.140625,19
1776821449.2257147,0.0,0,0,100.4,124.140625,19
1776821449.8697157,0.0,0,0,109.6,124.140625,19
1776821454.700471,0.0,0,0,100.0,124.140625,19
1776821456.4287267,0.0,0,0,104.2,124.140625,19
1776821459.867747,0.0,0,0,107.2,124.140625,19
1776821463.6902585,0.0,0,0,148.2,124.140625,19
1776821465.0402608,0.0,0,0,116.5,124.140625,19
1776821470.3592324,0.0,0,0,110.6,124.140625,19
1776821470.629213,0.0,0,0,102.1,124.140625,19
1776821475.7000484,0.0,0,0,104.8,124.140625,19
1776821476.6637511,0.0,0,0,107.2,124.140625,19
1776821480.7087748,0.0,0,0,100.1,124.140625,19
1776821483.0602794,0.0,0,0,105.8,124.140625,19
1776821486.2687633,0.0,0,0,99.6,124.140625,19
1776821489.7837133,0.0,0,0,104.9,124.140625,19
1776821491.7138453,0.0,0,0,131.3,124.140625,19
1776821496.2702036,0.0,0,0,97.8,124.140625,19
1776821496.676319,0.0,0,0,108.4,124.140625,19
1776821502.0222917,0.0,0,0,105.0,124.140625,19
1776821503.1981714,0.0,0,0,105.8,124.140625,19
1776821506.8468823,0.0,0,0,102.3,124.140625,19
1776821509.810228,0.0,0,0,113.4,124.140625,19
1776821511.9489505,0.0,0,0,102.5,124.140625,19
1776821516.0790162,0.0,0,0,138.1,124.140625,19
1776821517.093278,0.0,0,0,103.8,124.140625,19
1776821522.434819,0.0,0,0,102.3,124.140625,19
1776821522.8512986,0.0,0,0,99.2,124.140625,19
1776821527.7725348,0.0,0,0,108.9,124.140625,19
1776821529.3787546,0.0,0,0,99.3,124.140625,19
1776821533.0477018,0.0,0,0,102.4,124.140625,19
1776821536.0836859,0.0,0,0,100.8,124.140625,19
1776821538.179738,0.0,0,0,93.9,124.140625,19
1776821542.5922282,0.0,0,0,101.0,124.140625,19
1776821543.3853908,0.0,0,0,102.4,124.140625,19
1776821548.6587458,0.0,0,0,108.4,124.140625,19
1776821549.3941891,0.0,0,0,93.1,124.140625,19
1776821553.6622748,0.0,0,0,89.8,124.140625,19
1776821556.4409065,0.0,0,0,100.2,124.140625,19
1776821559.1878104,0.0,0,0,95.7,124.140625,19
1776821562.8111434,0.0,0,0,99.1,124.140625,19
1776821564.4347024,0.0,0,0,102.0,124.140625,19
1776821569.8243043,0.0,0,0,93.2,124.140625,19
1776821570.2160668,0.0,0,0,100.5,124.140625,19
1776821575.3838933,0.0,0,0,99.5,124.140625,19
1776821576.491721,0.0,0,0,102.9,124.140625,19
1776821580.5563912,0.0,0,0,98.5,124.140625,19
1776821583.1767585,0.0,0,0,96.8,124.140625,19
1776821586.0677617,0.0,0,0,95.7,124.140625,19
1776821589.8482811,0.0,0,0,98.0,124.140625,19
1776821591.479256,0.0,0,0,94.7,124.140625,19
1776821596.370271,0.0,0,0,96.3,124.140625,19
1776821596.9207282,0.0,0,0,110.6,124.140625,19
1776821602.0277178,0.0,0,0,101.3,124.18359375,19
1776821603.121466,0.0,0,0,99.7,124.18359375,19
1776821607.280218,0.0,0,0,100.4,124.18359375,19
1776821610.4063747,0.0,0,0,90.5,124.18359375,19
1776821612.3727021,0.0,0,0,92.0,124.18359375,19
1776821617.686913,0.0,0,0,102.1,124.18359375,19
1776821617.7317162,0.0,0,0,102.6,124.18359375,19
1776821623.126867,0.0,0,0,108.2,124.18359375,19
1776821624.2016964,0.0,0,0,95.9,124.18359375,19
1776821628.5776744,0.0,0,0,179.2,124.18359375,19
1776821631.0352926,0.0,0,0,100.3,124.18359375,19
1776821633.6773546,0.0,0,0,99.3,124.18359375,19
1776821637.805376,0.0,0,0,119.2,124.18359375,19
1776821638.995951,0.0,0,0,94.6,124.18359375,19
1776821644.293856,0.0,0,0,105.6,124.18359375,19
1776821645.1392703,0.0,0,0,131.8,124.18359375,19
1776821649.4850314,0.0,0,0,91.9,124.18359375,19
1776821650.9085796,0.0,0,0,102.1,124.18359375,19
1776821654.7677643,0.0,0,0,91.4,124.18359375,19
1776821657.939102,0.0,0,0,98.0,124.18359375,19
1776821659.9091303,0.0,0,0,97.6,124.18359375,19
1776821664.2367353,0.0,0,0,101.3,124.18359375,19
1776821665.1871557,0.0,0,0,121.4,124.18359375,19
1776821670.476788,0.0,0,0,104.6,124.18359375,19
1776821670.9727116,0.0,0,0,93.1,124.18359375,19
1776821675.461681,0.0,0,0,101.3,124.18359375,19
1776821677.852785,0.0,0,0,81.6,124.18359375,19
1776821680.985398,0.0,0,0,102.3,124.18359375,19
1776821684.262886,0.0,0,0,106.9,124.18359375,19
1776821686.0477276,0.0,0,0,96.4,124.18359375,19
1776821691.1527255,0.0,0,0,102.4,124.18359375,19
1776821691.3842897,0.0,0,0,120.4,124.18359375,19
1776821697.0432274,0.0,0,0,165.2,124.20703125,19
1776821697.9549003,0.0,0,0,106.0,124.20703125,19
1776821702.3924654,0.0,0,0,140.7,124.33203125,19
1776821704.4948199,0.0,0,0,97.3,124.33203125,19
1776821707.6277485,0.0,0,0,101.1,124.33203125,19
1776821710.9891121,0.0,0,0,100.0,124.33203125,19
1776821712.8581197,0.0,0,0,104.6,124.33203125,19
1776821717.771827,0.0,0,0,88.7,124.33203125,19
1776821718.1100643,0.0,0,0,99.4,124.33203125,19
1776821723.3057642,0.0,0,0,75.9,124.33203125,19
1776821724.4348142,0.0,0,0,101.5,124.33203125,19
1776821728.4342346,0.0,0,0,102.3,124.33203125,19
1776821731.1472652,0.0,0,0,100.8,124.33203125,19
1776821733.8010032,0.0,0,0,93.5,124.33203125,19
1776821737.762222,0.0,0,0,99.0,124.33203125,19
1776821739.1492538,0.0,0,0,94.4,124.33203125,19
1776821744.3119478,0.0,0,0,79.4,124.33203125,19
1776821744.675572,0.0,0,0,97.2,124.33203125,19
1776821749.8322306,0.0,0,0,101.2,124.33203125,19
1776821751.6447442,0.0,0,0,103.7,124.33203125,19
1776821754.9356968,0.0,0,0,94.7,124.33203125,19
1776821757.780392,0.0,0,0,87.5,124.33203125,19
1776821760.2384264,0.0,0,0,96.9,124.33203125,19
1776821764.6022766,0.0,0,0,101.8,124.33203125,19
1776821765.4349089,0.0,0,0,98.7,124.33203125,19
1776821770.9048026,0.0,0,0,96.7,124.33203125,19
1776821771.4785328,0.0,0,0,159.5,124.33203125,19
1776821776.0873053,0.0,0,0,97.3,124.33203125,19
1776821777.536112,0.0,0,0,104.6,124.33203125,19
1776821781.3358576,0.0,0,0,106.5,124.33203125,19
1776821783.6507938,0.0,0,0,112.1,124.33203125,19
1776821786.677264,0.0,0,0,96.4,124.33203125,19
1776821790.0217626,0.0,0,0,99.2,124.33203125,19
1776821791.8133128,0.0,0,0,107.3,124.33203125,19
1776821796.8264017,0.0,0,0,155.5,124.33203125,19
1776821796.9212039,0.0,0,0,153.4,124.33203125,19
1776821801.8756783,0.0,0,0,109.0,124.33203125,19
1776821803.5137594,0.0,0,0,107.5,124.33203125,19
1776821807.0371883,0.0,0,0,90.9,124.33203125,19
1776821810.2393267,0.0,0,0,92.7,124.33203125,19
1776821812.4208512,0.0,0,0,106.2,124.33203125,19
1776821816.432791,0.0,0,0,103.7,124.33203125,19
1776821817.7667542,0.0,0,0,109.8,124.33203125,19
1776821823.164793,0.0,0,0,92.4,124.33203125,19
1776821823.1649513,0.0,0,0,96.5,124.33203125,19
1776821828.537754,0.0,0,0,101.5,124.33203125,19
1776821829.9652307,0.0,0,0,99.5,124.33203125,19
1776821833.6812682,0.0,0,0,103.0,124.33203125,19
1776821836.4969013,0.0,0,0,81.4,124.33203125,19
1776821838.9690547,0.0,0,0,93.3,124.33203125,19
1776821843.8112144,0.0,0,0,90.8,124.33203125,19
1776821844.4712434,0.0,0,0,137.8,124.33203125,19
1776821849.7219326,0.0,0,0,103.0,124.33203125,19
1776821850.690869,0.0,0,0,101.7,124.33203125,19
1776821854.9646842,0.0,0,0,97.1,124.33203125,19
1776821857.1339874,0.0,0,0,159.8,124.33203125,19
1776821860.2281842,0.0,0,0,104.4,124.33203125,19
1776821863.7223263,0.0,0,0,102.2,124.33203125,19
1776821865.3855562,0.0,0,0,102.5,124.33203125,19
1776821870.9171999,0.0,0,0,102.9,124.33203125,19
1776821870.9887779,0.0,0,0,114.7,124.33203125,19
1776821875.9920366,0.0,0,0,97.1,124.33203125,19
1776821878.085723,0.0,0,0,99.4,124.33203125,19
1776821881.3492029,0.0,0,0,92.7,124.33203125,19
1776821884.6175883,0.0,0,0,103.0,124.33203125,19
1776821886.6062963,0.0,0,0,95.6,124.33203125,19
1776821891.1856937,0.0,0,0,147.4,124.33203125,19
1776821891.6853917,0.0,0,0,105.7,124.33203125,19
1776821896.781698,0.0,0,0,100.2,124.33203125,19
1776821897.6982605,0.0,0,0,106.2,124.33203125,19
1776821902.2573514,0.0,0,0,102.9,124.33203125,19
1776821904.286258,0.0,0,0,95.3,124.33203125,19
1776821907.8005648,0.0,0,0,98.3,124.33203125,19
1776821910.8086662,0.0,0,0,105.2,124.33203125,19
1776821912.7054307,0.0,0,0,103.7,124.33203125,19
1776821917.895455,0.0,0,0,100.0,124.33203125,19
1776821917.8638153,0.0,0,0,103.3,124.33203125,19
1776821922.9663706,0.0,0,0,104.6,124.33203125,19
1776821924.7052627,0.0,0,0,102.7,124.33203125,19
1776821928.4445293,0.0,0,0,99.7,124.33203125,19
1776821931.6692445,0.0,0,0,103.0,124.33203125,19
1776821933.9092557,0.0,0,0,103.5,124.33203125,19
1776821939.2502303,0.0,0,0,94.5,124.33203125,19
1776821939.3402438,0.0,0,0,90.2,124.33203125,19
1776821944.7380552,0.0,0,0,167.3,124.33203125,19
1776821945.6982548,0.0,0,0,116.4,124.33203125,19
1776821949.7887611,0.0,0,0,116.8,124.33203125,19
1776821952.4525547,0.0,0,0,106.9,124.33203125,19
1776821954.7985392,0.0,0,0,109.5,124.33203125,19
1776821958.5064151,0.0,0,0,104.6,124.33203125,19
1776821959.834343,0.0,0,0,103.9,124.33203125,19
1776821964.9276803,0.0,0,0,94.3,124.33203125,19
1776821965.3121834,0.0,0,0,107.8,124.33203125,19
1776821970.4568102,0.0,0,0,99.5,124.33203125,19
1776821971.2232044,0.0,0,0,139.1,124.33203125,19
1776821975.6557267,0.0,0,0,97.4,124.33203125,19
1776821977.6456919,0.0,0,0,104.2,124.33203125,19
1776821980.994215,0.0,0,0,107.2,124.33203125,19
1776821984.2372491,0.0,0,0,104.2,124.33203125,19
1776821986.0876167,0.0,0,0,105.2,124.33203125,19
1776821990.6915653,0.0,0,0,95.1,124.33203125,19
1776821991.340738,0.0,0,0,96.9,124.33203125,19
1776821996.904696,0.0,0,0,102.9,124.33203125,19
1776821997.538915,0.0,0,0,92.3,124.33203125,19
1776822002.0142326,0.0,0,0,99.5,124.33203125,19
1776822004.2102232,0.0,0,0,105.2,124.33203125,19
1776822007.3592308,0.0,0,0,95.5,124.33203125,19
1776822011.1577725,0.0,0,0,95.6,124.33203125,19
1776822012.7225296,0.0,0,0,89.9,124.33203125,19
1776822017.8425233,0.0,0,0,98.8,124.33203125,19
1776822018.0107846,0.0,0,0,102.2,124.33203125,19
1776822022.9172199,0.0,0,0,104.6,124.33203125,19
1776822025.1662672,0.0,0,0,95.5,124.33203125,19
1776822028.4140394,0.0,0,0,99.4,124.33203125,19
1776822031.5117388,0.0,0,0,104.6,124.33203125,19
1776822033.7539706,0.0,0,0,108.8,124.33203125,19
1776822038.3252895,0.0,0,0,101.5,124.33203125,19
1776822038.8479688,0.0,0,0,100.8,124.33203125,19
1776822044.3151019,0.0,0,0,103.7,124.33203125,19
1776822044.6312156,0.0,0,0,106.8,124.33203125,19
1776822049.8093545,0.0,0,0,92.8,124.33203125,19
1776822051.108282,0.0,0,0,86.4,124.33203125,19
1776822054.9390867,0.0,0,0,101.7,124.33203125,19
1776822057.7746603,0.0,0,0,90.9,124.33203125,19
1776822060.3961186,0.0,0,0,88.5,124.33203125,19
1776822063.8839636,0.0,0,0,93.2,124.33203125,19
1776822065.944979,0.0,0,0,94.2,124.33203125,19
1776822070.1312194,0.0,0,0,95.1,124.33203125,19
1776822071.2643404,0.0,0,0,91.7,124.33203125,19
1776822076.7232478,0.0,0,0,98.3,124.33203125,19
1776822076.9271913,0.0,0,0,103.8,124.33203125,19
1776822081.885246,0.0,0,0,95.9,124.33203125,19
1776822083.6647303,0.0,0,0,99.9,124.33203125,19
1776822087.1161518,0.0,0,0,105.9,124.33203125,19
1776822090.31734,0.0,0,0,98.4,124.33203125,19
1776822092.6377628,0.0,0,0,101.9,124.33203125,19
1776822097.698742,0.0,0,0,93.4,124.33203125,19
1776822097.8264875,0.0,0,0,99.8,124.33203125,19
1776822103.0266814,0.0,0,0,97.5,124.33203125,19
1776822104.188832,0.0,0,0,102.9,124.33203125,19
1776822108.0873184,0.0,0,0,106.0,124.33203125,19
1776822110.7437587,0.0,0,0,100.4,124.33203125,19
1776822113.5311568,0.0,0,0,102.8,124.33203125,19
1776822117.5682738,0.0,0,0,101.9,124.33203125,19
1776822119.022159,0.0,0,0,114.3,124.33203125,19
1776822124.1848583,0.0,0,0,102.6,124.33203125,19
1776822124.6057653,0.0,0,0,127.5,124.33203125,19
1776822129.319445,0.0,0,0,103.7,124.33203125,19
1776822131.256199,0.0,0,0,95.4,124.33203125,19
1776822134.3657577,0.0,0,0,88.8,124.33203125,19
1776822137.6392515,0.0,0,0,119.6,124.33203125,19
1776822139.7607481,0.0,0,0,109.3,124.33203125,19
1776822143.9093366,0.0,0,0,100.1,124.33203125,19
1776822145.0593123,0.0,0,0,105.3,124.33203125,19
1776822150.2342272,0.0,0,0,109.1,124.33203125,19
1776822150.5892045,0.0,0,0,96.8,124.33203125,19
1776822156.023227,0.0,0,0,101.8,124.33203125,19
1776822156.5758345,0.0,0,0,92.0,124.33203125,19
1776822161.4186373,0.0,0,0,99.6,124.33203125,19
1776822163.2337363,0.0,0,0,93.3,124.33203125,19
1776822166.6847594,0.0,0,0,100.0,124.33203125,19
1776822170.1799295,0.0,0,0,107.8,124.33203125,19
1776822172.2927551,0.0,0,0,103.7,124.33203125,19
1776822176.9416192,0.0,0,0,104.5,124.33203125,19
1776822177.5348787,0.0,0,0,96.2,124.33203125,19
1776822182.7567084,0.0,0,0,101.0,124.33203125,19
1776822183.5722458,0.0,0,0,98.4,124.33203125,19
1776822188.2790785,0.0,0,0,101.8,124.33203125,19
1776822189.9887273,0.0,0,0,93.2,124.33203125,19
1776822193.2791495,0.0,0,0,85.6,124.33203125,19
1776822197.3462782,0.0,0,0,106.8,124.33203125,19
1776822198.6903355,0.0,0,0,112.3,124.33203125,19
1776822204.2669399,0.0,0,0,91.7,124.33203125,19
1776822204.3928235,0.0,0,0,103.8,124.33203125,19
1776822209.789668,0.0,0,0,87.5,124.33203125,19
1776822210.9977217,0.0,0,0,101.7,124.33203125,19
1776822214.9437227,0.0,0,0,96.3,124.33203125,19
1776822217.4763315,0.0,0,0,123.2,124.33203125,19
1776822220.47276,0.0,0,0,99.1,124.33203125,19
1776822224.449333,0.0,0,0,99.1,124.33203125,19
1776822225.6743958,0.0,0,0,104.7,124.33203125,19
1776822231.1157277,0.0,0,0,104.5,124.33203125,19
1776822231.4892786,0.0,0,0,109.4,124.33203125,19
1776822236.305291,0.0,0,0,106.5,124.33203125,19
1776822238.390977,0.0,0,0,106.4,124.33203125,19
1776822241.4063883,0.0,0,0,126.8,124.33203125,19
1776822244.453829,0.0,0,0,98.1,124.33203125,19
1776822246.8463132,0.0,0,0,101.1,124.33203125,19
1776822250.809882,0.0,0,0,94.1,124.33203125,19
1776822252.2037194,0.0,0,0,104.1,124.33203125,19
1776822256.987207,0.0,0,0,128.2,124.33203125,19
1776822257.4392183,0.0,0,0,158.4,124.33203125,19
1776822262.9212413,0.0,0,0,98.9,124.33203125,19
1776822263.748923,0.0,0,0,106.7,124.33203125,19
1776822268.0022569,0.0,0,0,115.0,124.33203125,19
1776822270.6155026,0.0,0,0,104.0,124.33203125,19
1776822273.1212468,0.0,0,0,94.3,124.33203125,19
1776822277.2651684,0.0,0,0,108.0,124.33203125,19
1776822278.1702828,0.0,0,0,99.1,124.33203125,19
1776822283.550127,0.0,0,0,100.3,124.33203125,19
1776822284.1013148,0.0,0,0,91.6,124.33203125,19
1776822288.5593855,0.0,0,0,99.0,124.33203125,19
1776822290.542249,0.0,0,0,100.4,124.33203125,19
1776822293.6752727,0.0,0,0,104.1,124.33203125,19
1776822297.4542372,0.0,0,0,161.4,124.33203125,19
1776822299.4912522,0.0,0,0,102.1,124.33203125,19
1776822303.8225079,0.0,0,0,99.9,124.33203125,19
1776822304.6143105,0.0,0,0,101.1,124.33203125,19
1776822310.0067456,0.0,0,0,97.6,124.33203125,19
1776822310.4447665,0.0,0,0,97.5,124.33203125,19
1776822315.4103296,0.0,0,0,150.8,124.33203125,19
1776822316.3327909,0.0,0,0,103.1,124.33203125,19
1776822320.8396535,0.0,0,0,139.6,124.33203125,19
1776822322.9570787,0.0,0,0,104.6,124.33203125,19
1776822325.9611094,0.0,0,0,167.7,124.33203125,19
1776822329.519309,0.0,0,0,96.3,124.33203125,19
1776822331.553364,0.0,0,0,97.7,124.33203125,19
1776822335.9888158,0.0,0,0,103.7,124.33203125,19
1776822337.093744,0.0,0,0,94.4,124.33203125,19
1776822342.312664,0.0,0,0,94.5,124.33203125,19
1776822342.3292696,0.0,0,0,101.5,124.33203125,19
1776822347.5737,0.0,0,0,104.3,124.33203125,19
1776822349.014796,0.0,0,0,100.4,124.33203125,19
1776822352.76524,0.0,0,0,102.2,124.33203125,19
1776822355.598645,0.0,0,0,109.5,124.33203125,19
1776822358.0817301,0.0,0,0,83.0,124.33203125,19
1776822362.3354363,0.0,0,0,90.4,124.33203125,19
1776822363.2682493,0.0,0,0,171.2,124.33203125,19
1776822368.5117657,0.0,0,0,94.2,124.33203125,19
1776822368.9782035,0.0,0,0,100.9,124.33203125,19
1776822374.063809,0.0,0,0,98.9,124.33203125,19
1776822375.3782215,0.0,0,0,101.5,124.33203125,19
1776822379.0652874,0.0,0,0,95.4,124.33203125,19
1776822381.618987,0.0,0,0,104.1,124.33203125,19
1776822384.4270034,0.0,0,0,101.4,124.33203125,19
1776822388.3927803,0.0,0,0,93.2,124.33203125,19
1776822389.742239,0.0,0,0,98.5,124.33203125,19
1776822394.7708094,0.0,0,0,109.2,124.33203125,19
1776822395.294436,0.0,0,0,124.3,124.33203125,19
1776822400.5582006,0.0,0,0,100.1,124.33203125,19
1776822401.554327,0.0,0,0,126.4,124.33203125,19
1776822405.6512628,0.0,0,0,103.6,124.33203125,19
1776822408.2507784,0.0,0,0,101.6,124.33203125,19
1776822411.1593335,0.0,0,0,108.3,124.33203125,19
1776822414.7672453,0.0,0,0,103.8,124.33203125,19
1776822416.2263782,0.0,0,0,99.3,124.33203125,19
1776822421.3586164,0.0,0,0,160.6,124.33203125,19
1776822421.9757879,0.0,0,0,101.3,124.33203125,19
1776822426.7632837,0.0,0,0,99.2,124.33203125,19
1776822428.7587328,0.0,0,0,90.3,124.33203125,19
1776822432.080704,0.0,0,0,100.9,124.33203125,19
1776822435.2823699,0.0,0,0,108.7,124.33203125,19
1776822437.2027411,0.0,0,0,104.9,124.33203125,19
1776822441.7837052,0.0,0,0,105.4,124.33203125,19
1776822442.2262402,0.0,0,0,100.8,124.33203125,19
1776822447.2852383,0.0,0,0,92.6,124.33203125,19
1776822448.2676973,0.0,0,0,87.6,124.33203125,19
1776822452.6022482,0.0,0,0,103.8,124.33203125,19
1776822454.8346853,0.0,0,0,100.1,124.33203125,19
1776822457.6896,0.0,0,0,100.0,124.33203125,19
1776822461.8220713,0.0,0,0,101.7,124.33203125,19
1776822463.157259,0.0,0,0,92.2,124.33203125,19
1776822468.3309178,0.0,0,0,105.2,124.33203125,19
1776822468.8802438,0.0,0,0,97.9,124.33203125,19
1776822473.6717353,0.0,0,0,90.6,124.33203125,19
1776822474.7952704,0.0,0,0,119.4,124.33203125,19
1776822479.090303,0.0,0,0,101.8,124.33203125,19
1776822481.2902339,0.0,0,0,102.7,124.33203125,19
1776822484.266269,0.0,0,0,104.2,124.33203125,19
1776822488.1303174,0.0,0,0,97.2,124.33203125,19
1776822489.7357268,0.0,0,0,100.0,124.33203125,19
1776822494.910762,0.0,0,0,100.6,124.33203125,19
1776822495.3236918,0.0,0,0,95.6,124.33203125,19
1776822500.38672,0.0,0,0,107.2,124.33203125,19
1776822502.3286786,0.0,0,0,97.2,124.33203125,19
1776822505.8633437,0.0,0,0,99.6,124.33203125,19
1776822509.364687,0.0,0,0,103.2,124.33203125,19
1776822511.2273397,0.0,0,0,91.9,124.33203125,19
1776822516.0243273,0.0,0,0,95.9,124.33203125,19
1776822516.2528079,0.0,0,0,97.0,124.33203125,19
1776822521.484746,0.0,0,0,107.8,124.33203125,19
1776822522.6487002,0.0,0,0,95.6,124.33203125,19
1776822526.5362852,0.0,0,0,109.2,124.33203125,19
1776822529.1692553,0.0,0,0,97.3,124.33203125,19
1776822531.7287667,0.0,0,0,92.8,124.33203125,19
1776822535.468883,0.0,0,0,91.8,124.33203125,19
1776822537.1245716,0.0,0,0,77.3,124.33203125,19
1776822542.1546936,0.0,0,0,94.6,124.33203125,19
1776822542.5837104,0.0,0,0,105.5,124.33203125,19
1776822547.6351964,0.0,0,0,101.1,124.33203125,19
1776822548.684646,0.0,0,0,103.9,124.33203125,19
1776822552.9961338,0.0,0,0,100.4,124.33203125,19
1776822555.3272605,0.0,0,0,107.4,124.33203125,19
1776822558.224902,0.0,0,0,106.7,124.33203125,19
1776822561.8817174,0.0,0,0,104.6,124.33203125,19
1776822563.646026,0.0,0,0,101.2,124.33203125,19
1776822568.102159,0.0,0,0,96.0,124.33203125,19
1776822568.71136,0.0,0,0,99.0,124.33203125,19
1776822573.844854,0.0,0,0,104.7,124.33203125,19
1776822574.7651744,0.0,0,0,98.5,124.33203125,19
1776822578.9336991,0.0,0,0,263.2,124.33203125,19
1776822581.4624302,0.0,0,0,87.7,124.33203125,19
1776822584.1069114,0.0,0,0,95.1,124.33203125,19
1776822588.429227,0.0,0,0,88.8,124.33203125,19
1776822589.4321415,0.0,0,0,97.0,124.33203125,19
1776822594.4898527,0.0,0,0,116.5,124.33203125,19
1776822595.7339206,0.0,0,0,155.6,124.33203125,19
1776822599.771722,0.0,0,0,97.6,124.33203125,19
1776822602.248214,0.0,0,0,101.3,124.33203125,19
1776822604.8558445,0.0,0,0,101.5,124.33203125,19
1776822609.07779,0.0,0,0,108.1,124.33203125,19
1776822610.0859542,0.0,0,0,98.2,124.33203125,19
1776822615.3853061,0.0,0,0,107.7,124.33203125,19
1776822615.6621883,0.0,0,0,99.1,124.33203125,19
1776822620.6792665,0.0,0,0,92.3,124.33203125,19
1776822622.3246906,0.0,0,0,96.5,124.33203125,19
1776822625.9726992,0.0,0,0,106.7,124.33203125,19
1776822628.5122745,0.0,0,0,98.9,124.33203125,19
1776822631.0582793,0.0,0,0,106.2,124.33203125,19
1776822635.2447398,0.0,0,0,101.1,124.33203125,19
1776822636.276203,0.0,0,0,97.5,124.33203125,19
1776822641.4907038,0.0,0,0,106.8,124.33203125,19
1776822642.2957687,0.0,0,0,110.2,124.33203125,19
1776822646.557461,0.0,0,0,104.8,124.33203125,19
1776822648.389095,0.0,0,0,99.4,124.33203125,19
1776822651.9307559,0.0,0,0,102.8,124.33203125,19
1776822655.363906,0.0,0,0,99.1,124.33203125,19
1776822657.5542102,0.0,0,0,95.3,124.33203125,19
1776822661.586434,0.0,0,0,92.4,124.33203125,19
1776822662.9727285,0.0,0,0,101.2,124.33203125,19
1776822668.423687,0.0,0,0,105.1,124.33203125,19
1776822668.7318532,0.0,0,0,92.9,124.33203125,19
1776822673.5688646,0.0,0,0,94.5,124.33203125,19
1776822675.3634293,0.0,0,0,108.2,124.33203125,19
1776822678.808368,0.0,0,0,108.6,124.33203125,19
1776822681.829922,0.0,0,0,103.4,124.33203125,19
1776822684.2017322,0.0,0,0,105.4,124.33203125,19
1776822688.6217399,0.0,0,0,104.7,124.33203125,19
1776822689.3622217,0.0,0,0,103.5,124.33203125,19
1776822695.1922188,0.0,0,0,154.9,124.33203125,19
1776822694.9078927,0.0,0,0,96.6,124.33203125,19
1776822699.8759527,0.0,0,0,93.9,124.33203125,19
1776822701.6409075,0.0,0,0,97.3,124.33203125,19
1776822705.4522462,0.0,0,0,121.0,124.33203125,19
1776822708.0019357,0.0,0,0,102.5,124.33203125,19
1776822710.581941,0.0,0,0,89.8,124.33203125,19
1776822714.389743,0.0,0,0,100.5,124.33203125,19
1776822715.6712523,0.0,0,0,108.6,124.33203125,19
1776822720.903265,0.0,0,0,90.5,124.33203125,19
1776822721.0047407,0.0,0,0,96.0,124.33203125,19
1776822726.4195175,0.0,0,0,101.0,124.33203125,19
1776822727.1216745,0.0,0,0,148.0,124.33203125,19
1776822731.6311905,0.0,0,0,99.6,124.33203125,19
1776822733.7263045,0.0,0,0,101.0,124.33203125,19
1776822737.042736,0.0,0,0,102.2,124.33203125,19
1776822740.1446679,0.0,0,0,102.3,124.33203125,19
1776822742.4544735,0.0,0,0,106.7,124.33203125,19
1776822746.6802692,0.0,0,0,105.4,124.33203125,19
1776822747.9517567,0.0,0,0,155.6,124.33203125,19
1776822752.9245493,0.0,0,0,99.2,124.33203125,19
1776822753.113403,0.0,0,0,102.7,124.33203125,19
1776822757.9762762,0.0,0,0,96.0,124.33203125,19
1776822759.005156,0.0,0,0,137.2,124.33203125,19
1776822763.0856755,0.0,0,0,134.3,124.33203125,19
1776822766.3957808,0.0,0,0,103.0,124.33203125,19
1776822768.3345444,0.0,0,0,117.8,124.33203125,19
1776822773.0631633,0.0,0,0,127.8,124.33203125,19
1776822773.7887003,0.0,0,0,92.7,124.33203125,19
1776822778.983456,0.0,0,0,108.8,124.33203125,19
1776822779.9946427,0.0,0,0,98.3,124.33203125,19
1776822784.2597275,0.0,0,0,93.9,124.33203125,19
1776822786.3392127,0.0,0,0,131.4,124.33203125,19
1776822789.5732472,0.0,0,0,107.2,124.33203125,19
1776822792.9489145,0.0,0,0,106.0,124.33203125,19
1776822794.9657097,0.0,0,0,87.4,124.33203125,19
1776822799.6540756,0.0,0,0,104.5,124.33203125,19
1776822799.9647346,0.0,0,0,104.2,124.33203125,19
1776822805.3887825,0.0,0,0,103.9,124.33203125,19
1776822806.0766802,0.0,0,0,86.9,124.33203125,19
1776822810.624219,0.0,0,0,100.8,124.33203125,19
1776822812.7602682,0.0,0,0,93.5,124.33203125,19
1776822815.7093644,0.0,0,0,101.5,124.33203125,19
1776822820.006856,0.0,0,0,99.2,124.33203125,19
1776822821.3357913,0.0,0,0,96.6,124.33203125,19
1776822826.572824,0.0,0,0,98.7,124.33203125,19
1776822826.9646945,0.0,0,0,93.3,124.33203125,19
1776822831.5091066,0.0,0,0,108.3,124.33203125,19
1776822833.2402787,0.0,0,0,97.4,124.33203125,19
1776822837.0357988,0.0,0,0,92.4,124.33203125,19
1776822840.2267015,0.0,0,0,103.3,124.33203125,19
1776822842.7168117,0.0,0,0,113.0,124.33203125,19
1776822847.1083467,0.0,0,0,90.0,124.33203125,19
1776822847.909296,0.0,0,0,102.6,124.33203125,19
1776822853.2472804,0.0,0,0,100.2,124.33203125,19
1776822853.6792746,0.0,0,0,106.3,124.33203125,19
1776822858.4617221,0.0,0,0,97.9,124.33203125,19
1776822860.5807767,0.0,0,0,108.8,124.33203125,19
1776822863.5891774,0.0,0,0,104.4,124.33203125,19
1776822866.8270624,0.0,0,0,105.8,124.33203125,19
1776822868.8077576,0.0,0,0,99.1,124.33203125,19
1776822873.3817344,0.0,0,0,87.8,124.33203125,19
1776822873.931705,0.0,0,0,99.0,124.33203125,19
1776822879.192791,0.0,0,0,100.0,124.33203125,19
1776822880.1377249,0.0,0,0,96.4,124.33203125,19
1776822884.4206254,0.0,0,0,98.4,124.33203125,19
1776822887.1022317,0.0,0,0,102.7,124.33203125,19
1776822889.6546996,0.0,0,0,106.3,124.33203125,19
1776822894.252791,0.0,0,0,97.7,124.33203125,19
1776822895.1927936,0.0,0,0,110.2,124.33203125,19
1776822900.6542985,0.0,0,0,106.9,124.33203125,19
1776822900.7417915,0.0,0,0,100.9,124.33203125,19
1776822905.6633308,0.0,0,0,94.0,124.33203125,19
1776822906.8770556,0.0,0,0,157.0,124.33203125,19
1776822910.8493888,0.0,0,0,107.3,124.33203125,19
1776822914.256305,0.0,0,0,95.9,124.33203125,19
1776822916.0182774,0.0,0,0,107.8,124.33203125,19
1776822921.2273371,0.0,0,0,90.7,124.33203125,19
1776822921.2827327,0.0,0,0,100.8,124.33203125,19
1776822926.3316824,0.0,0,0,91.8,124.33203125,19
1776822927.7450936,0.0,0,0,102.6,124.33203125,19
1776822931.8166788,0.0,0,0,97.7,124.33203125,19
1776822934.3046236,0.0,0,0,103.8,124.33203125,19
1776822937.0942116,0.0,0,0,112.4,124.33203125,19
1776822940.9277039,0.0,0,0,98.7,124.33203125,19
1776822942.095718,0.0,0,0,127.7,124.33203125,19
1776822947.2531302,0.0,0,0,105.8,124.33203125,19
1776822947.703741,0.0,0,0,102.6,124.33203125,19
1776822952.706915,0.0,0,0,95.0,124.33203125,19
1776822953.5648093,0.0,0,0,251.5,124.33203125,19
1776822957.9377306,0.0,0,0,90.5,124.33203125,19
1776822959.8317194,0.0,0,0,92.6,124.33203125,19
1776822963.2588134,0.0,0,0,101.2,124.33203125,19
1776822966.2422264,0.0,0,0,89.6,124.33203125,19
1776822968.734415,0.0,0,0,97.6,124.33203125,19
1776822973.1203117,0.0,0,0,96.4,124.33203125,19
1776822973.954896,0.0,0,0,101.1,124.33203125,19
1776822979.0633245,0.0,0,0,88.9,124.33203125,19
1776822979.938245,0.0,0,0,164.7,124.33203125,19
1776822984.1247606,0.0,0,0,112.4,124.33203125,19
1776822986.4541237,0.0,0,0,93.1,124.33203125,19
1776822989.7164023,0.0,0,0,95.9,124.33203125,19
1776822993.3113155,0.0,0,0,97.4,124.33203125,19
1776822995.051888,0.0,0,0,103.1,124.33203125,19
1776823000.2052426,0.0,0,0,105.1,124.33203125,19
1776823000.6897066,0.0,0,0,103.1,124.33203125,19
1776823005.8139863,0.0,0,0,74.2,124.33203125,19
1776823006.919744,0.0,0,0,100.2,124.33203125,19
1776823011.2639046,0.0,0,0,94.8,124.33203125,19
1776823013.2981672,0.0,0,0,96.7,124.33203125,19
1776823016.760173,0.0,0,0,95.2,124.33203125,19
1776823019.8624156,0.0,0,0,96.7,124.33203125,19
1776823022.0962856,0.0,0,0,99.3,124.33203125,19
1776823026.4478257,0.0,0,0,109.9,124.33203125,19
1776823027.4912105,0.0,0,0,105.2,124.33203125,19
1776823032.6472666,0.0,0,0,119.2,124.33203125,19
1776823033.0496275,0.0,0,0,97.3,124.33203125,19
1776823037.7497098,0.0,0,0,93.2,124.33203125,19
1776823039.4047544,0.0,0,0,105.9,124.33203125,19
1776823042.8562074,0.0,0,0,109.0,124.33203125,19
1776823045.9416854,0.0,0,0,180.1,124.33203125,19
1776823047.9215734,0.0,0,0,92.2,124.33203125,19
1776823052.7907033,0.0,0,0,97.5,124.33203125,19
1776823053.2912989,0.0,0,0,101.3,124.33203125,19
1776823058.7473516,0.0,0,0,99.5,124.33203125,19
1776823059.6682696,0.0,0,0,93.6,124.33203125,19
1776823064.0878656,0.0,0,0,105.2,124.33203125,19
1776823065.8102245,0.0,0,0,102.3,124.33203125,19
1776823069.6886187,0.0,0,0,96.3,124.33203125,19
1776823072.880995,0.0,0,0,103.6,124.33203125,19
1776823074.5747087,0.0,0,0,95.7,124.33203125,19
1776823079.953216,0.0,0,0,188.0,124.33203125,19
1776823079.9889953,0.0,0,0,111.3,124.33203125,19
1776823085.390251,0.0,0,0,105.8,124.33203125,19
1776823086.2586432,0.0,0,0,94.8,124.33203125,19
1776823090.650878,0.0,0,0,114.5,124.33203125,19
1776823092.045722,0.0,0,0,119.5,124.33203125,19
1776823096.0661957,0.0,0,0,100.4,124.33203125,19
1776823098.7097096,0.0,0,0,94.7,124.33203125,19
1776823101.1382666,0.0,0,0,103.8,124.33203125,19
1776823105.1699154,0.0,0,0,109.8,124.33203125,19
1776823106.3068988,0.0,0,0,82.3,124.33203125,19
1776823111.5442214,0.0,0,0,91.6,124.33203125,19
1776823112.0022979,0.0,0,0,107.1,124.33203125,19
1776823116.7022462,0.0,0,0,107.3,124.33203125,19
1776823118.5986884,0.0,0,0,104.0,124.33203125,19
1776823122.0262005,0.0,0,0,99.2,124.33203125,19
1776823125.2558002,0.0,0,0,97.4,124.33203125,19
1776823127.1143508,0.0,0,0,96.5,124.33203125,19
1776823131.4882421,0.0,0,0,107.5,124.33203125,19
1776823132.653743,0.0,0,0,96.9,124.33203125,19
1776823137.9561582,0.0,0,0,99.1,124.33203125,19
1776823138.3382668,0.0,0,0,104.2,124.33203125,19
1776823143.2136548,0.0,0,0,101.9,124.33203125,19
1776823144.7538092,0.0,0,0,97.6,124.33203125,19
1776823148.5506163,0.0,0,0,98.5,124.33203125,19
1776823151.710687,0.0,0,0,85.6,124.33203125,19
1776823153.880495,0.0,0,0,97.1,124.33203125,19
1776823158.1168842,0.0,0,0,99.5,124.33203125,19
1776823158.9972548,0.0,0,0,92.9,124.33203125,19
1776823164.3732817,0.0,0,0,90.8,124.33203125,19
1776823164.6942716,0.0,0,0,91.0,124.33203125,19
1776823169.6695807,0.0,0,0,105.8,124.33203125,19
1776823170.3187711,0.0,0,0,100.5,124.33203125,19
1776823174.896169,0.0,0,0,99.5,124.33203125,19
1776823177.1522202,0.0,0,0,117.4,124.33203125,19
1776823180.1222267,0.0,0,0,92.9,124.33203125,19
1776823184.4474704,0.0,0,0,119.5,124.33203125,19
1776823185.2687473,0.0,0,0,106.7,124.33203125,19
1776823190.4048038,0.0,0,0,103.2,124.33203125,19
1776823190.8321745,0.0,0,0,147.0,124.33203125,19
1776823195.4531624,0.0,0,0,98.9,124.33203125,19
1776823197.300757,0.0,0,0,183.6,124.33203125,19
1776823200.8822484,0.0,0,0,103.7,124.33203125,19
1776823203.89023,0.0,0,0,101.0,124.33203125,19
1776823206.2843933,0.0,0,0,112.5,124.33203125,19
1776823210.5046964,0.0,0,0,95.4,124.33203125,19
1776823211.531338,0.0,0,0,97.1,124.33203125,19
1776823216.9537501,0.0,0,0,107.5,124.33203125,19
1776823217.1807692,0.0,0,0,107.0,124.33203125,19
1776823222.2246969,0.0,0,0,107.9,124.33203125,19
1776823223.9746985,0.0,0,0,97.5,124.33203125,19
1776823227.176658,0.0,0,0,96.1,124.33203125,19
1776823230.6972978,0.0,0,0,103.3,124.33203125,19
1776823232.3709867,0.0,0,0,90.1,124.33203125,19
1776823236.9941044,0.0,0,0,121.8,124.33203125,19
1776823237.4304922,0.0,0,0,121.6,124.33203125,19
1776823242.599685,0.0,0,0,95.3,124.33203125,19
1776823243.8287175,0.0,0,0,96.0,124.33203125,19
1776823247.772212,0.0,0,0,185.1,124.33203125,19
1776823250.8501964,0.0,0,0,297.5,124.33203125,19
1776823253.085422,0.0,0,0,97.8,124.33203125,19
1776823257.4917402,0.0,0,0,107.6,124.33203125,19
1776823258.1447346,0.0,0,0,103.7,124.33203125,19
1776823263.1122153,0.0,0,0,105.7,124.33203125,19
1776823263.7603693,0.0,0,0,94.9,124.33203125,19
1776823268.2528787,0.0,0,0,91.3,124.33203125,19
1776823270.3656278,0.0,0,0,125.1,124.33203125,19
1776823273.436906,0.0,0,0,161.4,124.33203125,19
1776823276.9062893,0.0,0,0,92.9,124.33203125,19
1776823278.6506934,0.0,0,0,111.7,124.33203125,19
1776823283.2812068,0.0,0,0,99.9,124.33203125,19
1776823283.6674411,0.0,0,0,102.3,124.33203125,19
1776823288.9977548,0.0,0,0,85.7,124.33203125,19
1776823290.0103595,0.0,0,0,110.9,124.33203125,19
1776823294.4047878,0.0,0,0,103.5,124.33203125,19
1776823296.6506994,0.0,0,0,139.9,124.33203125,19
1776823299.4692965,0.0,0,0,151.3,124.33203125,19
1776823302.7897427,0.0,0,0,102.8,124.33203125,19
1776823304.9726672,0.0,0,0,101.7,124.33203125,19
1776823309.1122274,0.0,0,0,100.1,124.33203125,19
1776823310.3932893,0.0,0,0,103.7,124.33203125,19
1776823315.4536705,0.0,0,0,104.5,124.33203125,19
1776823315.9557242,0.0,0,0,103.8,124.33203125,19
1776823320.9937866,0.0,0,0,93.3,124.33203125,19
1776823322.5668218,0.0,0,0,108.7,124.33203125,19
1776823326.4823668,0.0,0,0,98.5,124.33203125,19
1776823328.9626796,0.0,0,0,96.3,124.33203125,19
1776823331.9702463,0.0,0,0,88.7,124.33203125,19
1776823335.7637622,0.0,0,0,95.1,124.33203125,19
1776823337.3547108,0.0,0,0,97.1,124.33203125,19
1776823342.4452662,0.0,0,0,101.4,124.33203125,19
1776823342.6802588,0.0,0,0,102.3,124.33203125,19
1776823347.6248407,0.0,0,0,100.6,124.33203125,19
1776823348.7017775,0.0,0,0,99.6,124.33203125,19
1776823352.818698,0.0,0,0,96.6,124.33203125,19
1776823355.0497484,0.0,0,0,95.2,124.33203125,19
1776823358.1848118,0.0,0,0,104.9,124.33203125,19
1776823361.380736,0.0,0,0,93.5,124.33203125,19
1776823363.5695498,0.0,0,0,98.4,124.33203125,19
1776823367.6877224,0.0,0,0,100.7,124.33203125,19
1776823368.7438598,0.0,0,0,103.7,124.33203125,19
1776823374.0557585,0.0,0,0,104.7,124.33203125,19
1776823374.2217677,0.0,0,0,107.1,124.33203125,19
1776823379.2101738,0.0,0,0,100.6,124.33203125,19
1776823380.9097884,0.0,0,0,93.3,124.33203125,19
1776823384.2403235,0.0,0,0,245.7,124.33203125,19
1776823387.1528795,0.0,0,0,106.5,124.33203125,19
1776823389.6798403,0.0,0,0,92.3,124.33203125,19
1776823394.072744,0.0,0,0,98.1,124.33203125,19
1776823394.7734559,0.0,0,0,106.8,124.33203125,19
1776823399.9820833,0.0,0,0,99.6,124.33203125,19
1776823401.0155811,0.0,0,0,92.6,124.33203125,19
1776823405.2452044,0.0,0,0,98.8,124.33203125,19
1776823407.591288,0.0,0,0,100.7,124.33203125,19
1776823410.7506585,0.0,0,0,93.6,124.33203125,19
1776823413.8587368,0.0,0,0,88.1,124.33203125,19
1776823415.9259489,0.0,0,0,100.5,124.33203125,19
1776823420.3587701,0.0,0,0,96.4,124.33203125,19
1776823421.3377526,0.0,0,0,124.7,124.33203125,19
1776823426.6991212,0.0,0,0,104.8,124.33203125,19
1776823427.1167276,0.0,0,0,105.3,124.33203125,19
1776823431.9397027,0.0,0,0,99.7,124.33203125,19
1776823433.689502,0.0,0,0,96.4,124.33203125,19
1776823437.3767836,0.0,0,0,89.4,124.33203125,19
1776823440.3458061,0.0,0,0,113.8,124.33203125,19
1776823442.365816,0.0,0,0,97.3,124.33203125,19
1776823447.0509448,0.0,0,0,104.5,124.33203125,19
1776823447.6556377,0.0,0,0,103.6,124.33203125,19
1776823453.1108286,0.0,0,0,102.3,124.33203125,19
1776823453.8907385,0.0,0,0,99.9,124.33203125,19
1776823458.8422823,0.0,0,0,101.7,124.33203125,19
1776823460.1712976,0.0,0,0,94.6,124.33203125,19
1776823464.1307178,0.0,0,0,97.7,124.33203125,19
1776823466.6283379,0.0,0,0,100.0,124.33203125,19
1776823469.244748,0.0,0,0,143.4,124.33203125,19
1776823473.1047237,0.0,0,0,94.9,124.33203125,19
1776823474.59122,0.0,0,0,102.1,124.33203125,19
1776823479.6577408,0.0,0,0,97.4,124.33203125,19
1776823479.6847603,0.0,0,0,101.6,124.33203125,19
1776823484.9677923,0.0,0,0,95.2,124.33203125,19
1776823486.9968948,0.0,0,0,97.5,124.33203125,19
1776823490.582721,0.0,0,0,95.0,124.33203125,19
1776823493.611306,0.0,0,0,105.2,124.33203125,19
1776823495.7408338,0.0,0,0,101.8,124.33203125,19
1776823500.3082678,0.0,0,0,112.9,124.33203125,19
1776823501.2189906,0.0,0,0,91.9,124.33203125,19
1776823506.6359284,0.0,0,0,150.0,124.33203125,19
1776823507.0976965,0.0,0,0,92.8,124.33203125,19
1776823511.9547284,0.0,0,0,96.0,124.33203125,19
1776823513.5766716,0.0,0,0,91.8,124.33203125,19
1776823517.4389083,0.0,0,0,101.0,124.33203125,19
1776823519.4187605,0.0,0,0,100.3,124.33203125,19
1776823522.7606695,0.0,0,0,99.1,124.33203125,19
1776823525.9488087,0.0,0,0,105.4,124.33203125,19
1776823527.9252367,0.0,0,0,95.6,124.33203125,19
1776823532.2672977,0.0,0,0,89.8,124.33203125,19
1776823533.3895721,0.0,0,0,99.1,124.33203125,19
1776823538.3957264,0.0,0,0,101.7,124.33203125,19
1776823539.1043491,0.0,0,0,101.2,124.33203125,19
1776823543.6199198,0.0,0,0,98.3,124.33203125,19
1776823545.5841806,0.0,0,0,96.7,124.33203125,19
1776823548.8082862,0.0,0,0,95.1,124.33203125,19
1776823552.7453523,0.0,0,0,105.7,124.33203125,19
1776823553.879797,0.0,0,0,148.2,124.33203125,19
1776823559.1247408,0.0,0,0,90.7,124.33203125,19
1776823559.7728426,0.0,0,0,105.4,124.33203125,19
1776823564.5322628,0.0,0,0,88.5,124.33203125,19
1776823566.6428735,0.0,0,0,104.7,124.33203125,19
1776823569.605739,0.0,0,0,93.0,124.33203125,19
1776823573.5347455,0.0,0,0,110.5,124.33203125,19
1776823574.9920104,0.0,0,0,101.0,124.33203125,19
1776823579.8183076,0.0,0,0,93.8,124.33203125,19
1776823580.1267602,0.0,0,0,99.7,124.33203125,19
1776823585.6186967,0.0,0,0,95.4,124.33203125,19
1776823586.4953008,0.0,0,0,90.8,124.33203125,19
1776823591.0825403,0.0,0,0,104.2,124.33203125,19
1776823592.8513234,0.0,0,0,95.9,124.33203125,19
1776823595.974866,0.0,0,0,98.4,124.33203125,19
1776823599.0551686,0.0,0,0,99.7,124.33203125,19
1776823601.344047,0.0,0,0,93.9,124.33203125,19
1776823605.5880804,0.0,0,0,94.5,124.33203125,19
1776823606.5758004,0.0,0,0,99.0,124.33203125,19
1776823612.0152717,0.0,0,0,101.3,124.33203125,19
1776823612.1298149,0.0,0,0,99.6,124.33203125,19
1776823617.624307,0.0,0,0,99.2,124.33203125,19
1776823618.6068027,0.0,0,0,95.8,124.33203125,19
1776823622.7007046,0.0,0,0,98.3,124.33203125,19
1776823625.2189732,0.0,0,0,96.6,124.33203125,19
1776823628.0113466,0.0,0,0,100.9,124.33203125,19
1776823631.6573963,0.0,0,0,96.0,124.33203125,19
1776823633.2267609,0.0,0,0,97.2,124.33203125,19
1776823637.8677585,0.0,0,0,95.6,124.33203125,19
1776823638.2264109,0.0,0,0,94.0,124.33203125,19
1776823643.412263,0.0,0,0,98.4,124.33203125,19
1776823644.4642317,0.0,0,0,104.3,124.33203125,19
1776823648.8349402,0.0,0,0,107.7,124.33203125,19
1776823651.2422607,0.0,0,0,99.1,124.33203125,19
1776823654.0599213,0.0,0,0,96.2,124.33203125,19
1776823658.0063612,0.0,0,0,102.7,124.33203125,19
1776823659.1012766,0.0,0,0,140.9,124.33203125,19
1776823664.3433967,0.0,0,0,99.3,124.33203125,19
1776823664.562407,0.0,0,0,88.5,124.33203125,19
1776823669.9763126,0.0,0,0,98.2,124.33203125,19
1776823670.7913163,0.0,0,0,104.5,124.33203125,19
1776823675.167246,0.0,0,0,103.1,124.33203125,19
1776823676.8432593,0.0,0,0,107.4,124.33203125,19
1776823680.2787166,0.0,0,0,112.2,124.33203125,19
1776823682.7947123,0.0,0,0,93.1,124.33203125,19
1776823685.2301261,0.0,0,0,103.3,124.33203125,19
1776823689.7989793,0.0,0,0,98.2,124.33203125,19
1776823690.8334396,0.0,0,0,92.3,124.33203125,19
1776823695.733284,0.0,0,0,101.9,124.33203125,19
1776823696.0986555,0.0,0,0,93.3,124.33203125,19
1776823700.710882,0.0,0,0,128.1,124.33203125,19
1776823702.6486838,0.0,0,0,106.3,124.33203125,19
1776823706.0780137,0.0,0,0,102.6,124.33203125,19
1776823709.0887458,0.0,0,0,95.9,124.33203125,19
1776823711.179795,0.0,0,0,93.6,124.33203125,19
1776823716.0532184,0.0,0,0,101.9,124.33203125,19
1776823716.3691378,0.0,0,0,100.4,124.33203125,19
1776823721.7917504,0.0,0,0,101.0,124.33203125,19
1776823723.1063254,0.0,0,0,103.8,124.33203125,19
1776823727.1012118,0.0,0,0,100.8,124.33203125,19
1776823729.8088727,0.0,0,0,99.8,124.33203125,19
1776823732.518262,0.0,0,0,99.8,124.33203125,19
1776823736.7337658,0.0,0,0,107.7,124.33203125,19
1776823737.9019778,0.0,0,0,99.1,124.33203125,19
1776823743.2597978,0.0,0,0,108.5,124.33203125,19
1776823743.2487679,0.0,0,0,113.8,124.33203125,19
1776823748.8982282,0.0,0,0,102.4,124.33203125,19
1776823749.9250517,0.0,0,0,103.0,124.33203125,19
1776823754.13995,0.0,0,0,99.4,124.33203125,19
1776823756.3784022,0.0,0,0,107.2,124.33203125,19
1776823759.2560813,0.0,0,0,89.0,124.33203125,19
1776823763.0208366,0.0,0,0,90.4,124.33203125,19
1776823764.8535602,0.0,0,0,124.8,124.33203125,19
1776823769.9572423,0.0,0,0,98.5,124.33203125,19
1776823770.3757722,0.0,0,0,96.1,124.33203125,19
1776823775.3712697,0.0,0,0,93.2,124.33203125,19
1776823776.3537464,0.0,0,0,102.3,124.33203125,19
1776823780.9081035,0.0,0,0,100.3,124.33203125,19
1776823782.852215,0.0,0,0,96.3,124.33203125,19
1776823786.1142209,0.0,0,0,99.8,124.33203125,19
1776823789.757286,0.0,0,0,89.2,124.33203125,19
1776823791.4342408,0.0,0,0,98.3,124.33203125,19
1776823796.2056954,0.0,0,0,105.7,124.33203125,19
1776823796.7260447,0.0,0,0,180.9,124.33203125,19
1776823801.9066606,0.0,0,0,114.6,124.33203125,19
1776823802.8391979,0.0,0,0,94.8,124.33203125,19
1776823807.2991815,0.0,0,0,115.1,124.33203125,19
1776823809.4303854,0.0,0,0,94.3,124.33203125,19
1776823812.5703504,0.0,0,0,103.5,124.33203125,19
1776823816.2922642,0.0,0,0,114.7,124.33203125,19
1776823817.7408094,0.0,0,0,105.0,124.33203125,19
1776823822.6047566,0.0,0,0,98.5,124.33203125,19
1776823822.9901893,0.0,0,0,99.0,124.33203125,19
1776823828.3125486,0.0,0,0,96.4,124.33203125,19
1776823829.319734,0.0,0,0,95.0,124.33203125,19
1776823833.6740031,0.0,0,0,97.8,124.33203125,19
1776823835.6317346,0.0,0,0,94.5,124.33203125,19
1776823838.7057285,0.0,0,0,105.7,124.33203125,19
1776823842.019261,0.0,0,0,103.2,124.33203125,19
1776823843.8322444,0.0,0,0,101.6,124.33203125,19
1776823848.7810266,0.0,0,0,98.9,124.33203125,19
1776823849.0062501,0.0,0,0,99.7,124.33203125,19
1776823854.089354,0.0,0,0,95.2,124.33203125,19
1776823855.5684712,0.0,0,0,106.7,124.33203125,19
1776823859.1943116,0.0,0,0,97.4,124.33203125,19
1776823862.27,0.0,0,0,96.9,124.33203125,19
1776823864.7677627,0.0,0,0,102.7,124.33203125,19
1776823868.9848404,0.0,0,0,127.9,124.33203125,19
1776823870.1223085,0.0,0,0,97.3,124.33203125,19
1776823875.2378767,0.0,0,0,101.0,124.33203125,19
1776823875.4049215,0.0,0,0,99.0,124.33203125,19
1776823880.9312437,0.0,0,0,116.1,124.33203125,19
1776823881.2332869,0.0,0,0,98.2,124.33203125,19
1776823886.2847795,0.0,0,0,124.1,124.33203125,19
1776823887.6556349,0.0,0,0,96.8,124.33203125,19
1776823891.3851087,0.0,0,0,105.2,124.33203125,19
1776823894.0858185,0.0,0,0,137.5,124.33203125,19
1776823896.8841803,0.0,0,0,99.5,124.33203125,19
1776823900.668678,0.0,0,0,104.2,124.33203125,19
1776823902.3851848,0.0,0,0,131.4,124.33203125,19
1776823906.947711,0.0,0,0,103.2,124.33203125,19
1776823907.7802966,0.0,0,0,103.9,124.33203125,19
1776823912.7117295,0.0,0,0,103.2,124.33203125,19
1776823913.4467003,0.0,0,0,100.1,124.33203125,19
1776823917.7937324,0.0,0,0,103.7,124.33203125,19
1776823919.901369,0.0,0,0,122.6,124.33203125,19
1776823923.2835753,0.0,0,0,90.7,124.33203125,19
1776823926.8862638,0.0,0,0,154.9,124.33203125,19
1776823928.5657916,0.0,0,0,104.6,124.33203125,19
1776823933.3837452,0.0,0,0,131.8,124.33203125,19
1776823933.590247,0.0,0,0,90.9,124.33203125,19
1776823938.768667,0.0,0,0,106.2,124.33203125,19
1776823940.1287544,0.0,0,0,94.0,124.33203125,19
1776823944.2832983,0.0,0,0,117.3,124.33203125,19
1776823946.9866703,0.0,0,0,123.2,124.33203125,19
1776823949.265744,0.0,0,0,96.0,124.33203125,19
1776823953.9922397,0.0,0,0,106.9,124.33203125,19
1776823954.543675,0.0,0,0,92.9,124.33203125,19
1776823959.869736,0.0,0,0,147.9,124.33203125,19
1776823960.7449017,0.0,0,0,104.8,124.33203125,19
1776823965.349025,0.0,0,0,97.1,124.33203125,19
1776823967.253679,0.0,0,0,97.1,124.33203125,19
1776823970.7824502,0.0,0,0,98.5,124.33203125,19
1776823973.3207002,0.0,0,0,95.3,124.33203125,19
1776823975.9143853,0.0,0,0,90.2,124.33203125,19
1776823979.9974058,0.0,0,0,96.2,124.33203125,19
1776823980.9663823,0.0,0,0,101.1,124.33203125,19
1776823986.5194578,0.0,0,0,103.5,124.33203125,19
1776823986.740332,0.0,0,0,95.9,124.33203125,19
1776823991.9107563,0.0,0,0,100.3,124.33203125,19
1776823993.1988294,0.0,0,0,96.1,124.33203125,19
1776823997.1771731,0.0,0,0,102.3,124.33203125,19
1776823999.3727155,0.0,0,0,100.7,124.33203125,19
1776824002.5836482,0.0,0,0,102.4,124.33203125,19
1776824006.2797446,0.0,0,0,112.4,124.33203125,19
1776824007.8207448,0.0,0,0,102.4,124.33203125,19
1776824012.639186,0.0,0,0,170.8,124.33203125,19
1776824012.8986807,0.0,0,0,98.6,124.33203125,19
1776824017.9534461,0.0,0,0,103.5,124.33203125,19
1776824019.183855,0.0,0,0,103.6,124.33203125,19
1776824023.0832562,0.0,0,0,103.2,124.33203125,19
1776824026.0543435,0.0,0,0,106.9,124.33203125,19
1776824028.4274082,0.0,0,0,95.9,124.33203125,19
1776824032.6751487,0.0,0,0,99.8,124.33203125,19
1776824033.63961,0.0,0,0,100.4,124.33203125,19
1776824038.9394264,0.0,0,0,87.2,124.33203125,19
1776824039.730645,0.0,0,0,102.1,124.33203125,19
1776824044.0198293,0.0,0,0,91.9,124.33203125,19
1776824046.3668604,0.0,0,0,107.7,124.33203125,19
1776824049.2087202,0.0,0,0,96.2,124.33203125,19
1776824052.863727,0.0,0,0,97.0,124.33203125,19
1776824054.6269045,0.0,0,0,85.2,124.33203125,19
1776824059.356676,0.0,0,0,100.7,124.33203125,19
1776824059.8777745,0.0,0,0,114.2,124.33203125,19
1776824065.3787806,0.0,0,0,89.7,124.33203125,19
1776824066.407353,0.0,0,0,99.0,124.33203125,19
1776824070.7223024,0.0,0,0,92.8,124.33203125,19
1776824073.1997044,0.0,0,0,103.6,124.33203125,19
1776824075.9778528,0.0,0,0,108.5,124.33203125,19
1776824080.3033938,0.0,0,0,93.2,124.33203125,19
1776824081.1668463,0.0,0,0,107.9,124.33203125,19
1776824086.3241453,0.0,0,0,98.6,124.33203125,19
1776824087.3927364,0.0,0,0,91.4,124.33203125,19
1776824091.7744908,0.0,0,0,94.2,124.33203125,19
1776824093.7308447,0.0,0,0,102.6,124.33203125,19
1776824096.965508,0.0,0,0,92.7,124.33203125,19
1776824100.197429,0.0,0,0,94.4,124.33203125,19
1776824102.5149603,0.0,0,0,92.2,124.33203125,19
1776824106.3731985,0.0,0,0,95.4,124.33203125,19
1776824107.8847692,0.0,0,0,94.0,124.33203125,19
1776824112.8908288,0.0,0,0,104.6,124.33203125,19
1776824113.1057694,0.0,0,0,96.9,124.33203125,19
1776824118.0167596,0.0,0,0,111.8,124.33203125,19
1776824119.3858762,0.0,0,0,102.7,124.33203125,19
1776824123.1432948,0.0,0,0,169.6,124.33203125,19
1776824125.835723,0.0,0,0,100.1,124.33203125,19
1776824128.373361,0.0,0,0,108.2,124.33203125,19
1776824132.4092448,0.0,0,0,103.6,124.33203125,19
1776824133.7976604,0.0,0,0,96.4,124.33203125,19
1776824138.9923787,0.0,0,0,100.3,124.33203125,19
1776824139.205761,0.0,0,0,95.2,124.33203125,19
1776824144.2984087,0.0,0,0,88.5,124.33203125,19
1776824145.6312923,0.0,0,0,100.1,124.33203125,19
1776824149.612757,0.0,0,0,99.2,124.33203125,19
1776824152.4767096,0.0,0,0,121.8,124.33203125,19
1776824154.9437406,0.0,0,0,94.3,124.33203125,19
1776824159.6187012,0.0,0,0,105.8,124.33203125,19
1776824160.246872,0.0,0,0,95.0,124.33203125,19
1776824165.4663358,0.0,0,0,99.6,124.33203125,19
1776824166.1357102,0.0,0,0,101.3,124.33203125,19
1776824170.5811102,0.0,0,0,96.1,124.33203125,19
1776824172.6606712,0.0,0,0,90.4,124.33203125,19
1776824175.7882571,0.0,0,0,101.0,124.33203125,19
1776824179.038199,0.0,0,0,151.7,124.33203125,19
1776824181.1165988,0.0,0,0,102.0,124.33203125,19
1776824185.8997552,0.0,0,0,101.1,124.33203125,19
1776824186.5595393,0.0,0,0,106.8,124.33203125,19
1776824191.5615325,0.0,0,0,107.3,124.33203125,19
1776824192.8049216,0.0,0,0,104.0,124.33203125,19
1776824197.0233123,0.0,0,0,103.3,124.33203125,19
1776824199.3039236,0.0,0,0,93.2,124.33203125,19
1776824202.5422444,0.0,0,0,105.3,124.33203125,19
1776824206.018693,0.0,0,0,98.4,124.33203125,19
1776824207.576332,0.0,0,0,88.5,124.33203125,19
1776824212.5142555,0.0,0,0,107.3,124.33203125,19
1776824212.9972565,0.0,0,0,159.9,124.33203125,19
1776824218.251454,0.0,0,0,104.8,124.33203125,19
1776824218.7571387,0.0,0,0,171.8,124.33203125,19
1776824223.852372,0.0,0,0,105.5,124.33203125,19
1776824225.157235,0.0,0,0,106.5,124.33203125,19
1776824228.8957927,0.0,0,0,91.3,124.33203125,19
1776824231.871986,0.0,0,0,94.1,124.33203125,19
1776824234.3458178,0.0,0,0,107.3,124.33203125,19
1776824238.5527065,0.0,0,0,100.7,124.33203125,19
1776824239.5028443,0.0,0,0,106.4,124.33203125,19
1776824244.6292233,0.0,0,0,90.5,124.33203125,19
1776824245.2197032,0.0,0,0,100.0,124.33203125,19
1776824249.8403623,0.0,0,0,102.5,124.33203125,19
1776824251.797645,0.0,0,0,134.9,124.33203125,19
1776824255.1376932,0.0,0,0,107.3,124.33203125,19
1776824258.4112725,0.0,0,0,98.8,124.33203125,19
1776824260.5667417,0.0,0,0,100.3,124.33203125,19
1776824265.3582277,0.0,0,0,103.7,124.33203125,19
1776824265.7568204,0.0,0,0,95.8,124.33203125,19
1776824271.2643468,0.0,0,0,103.5,124.33203125,19
1776824271.8123324,0.0,0,0,120.6,124.33203125,19
1776824276.6373177,0.0,0,0,99.0,124.33203125,19
1776824278.4182231,0.0,0,0,103.7,124.33203125,19
1776824281.7022374,0.0,0,0,75.7,124.33203125,19
1776824285.5867195,0.0,0,0,96.8,124.33203125,19
1776824287.403214,0.0,0,0,103.3,124.33203125,19
1776824291.967262,0.0,0,0,103.1,124.33203125,19
1776824292.5832698,0.0,0,0,100.8,124.33203125,19
1776824297.9172244,0.0,0,0,97.9,124.33203125,19
1776824298.5007002,0.0,0,0,100.9,124.33203125,19
1776824303.2713115,0.0,0,0,101.0,124.33203125,19
1776824305.1072645,0.0,0,0,101.9,124.33203125,19
1776824308.2907085,0.0,0,0,105.4,124.33203125,19
1776824311.6212878,0.0,0,0,98.1,124.33203125,19
1776824313.5712543,0.0,0,0,96.2,124.33203125,19
1776824318.220727,0.0,0,0,94.5,124.33203125,19
1776824318.958672,0.0,0,0,117.9,124.33203125,19
1776824324.119317,0.0,0,0,106.6,124.33203125,19
1776824324.6312048,0.0,0,0,111.6,124.33203125,19
1776824329.3623114,0.0,0,0,103.9,124.33203125,19
1776824330.9653478,0.0,0,0,105.6,124.33203125,19
1776824334.7902675,0.0,0,0,108.0,124.33203125,19
1776824337.7524672,0.0,0,0,93.8,124.33203125,19
1776824339.995612,0.0,0,0,97.6,124.33203125,19
1776824344.198136,0.0,0,0,98.8,124.33203125,19
1776824345.1911273,0.0,0,0,107.1,124.33203125,19
1776824350.7737617,0.0,0,0,108.5,124.33203125,19
1776824350.8657193,0.0,0,0,98.0,124.33203125,19
1776824356.227135,0.0,0,0,106.2,124.33203125,19
1776824357.3033817,0.0,0,0,107.9,124.33203125,19
1776824361.8159897,0.0,0,0,101.6,124.33203125,19
1776824364.4163733,0.0,0,0,97.9,124.33203125,19
1776824367.131181,0.0,0,0,94.4,124.33203125,19
1776824371.4821947,0.0,0,0,100.4,124.33203125,19
1776824372.7326722,0.0,0,0,99.9,124.33203125,19
1776824377.961766,0.0,0,0,97.7,124.33203125,19
1776824378.3967283,0.0,0,0,104.4,124.33203125,19
1776824383.0142994,0.0,0,0,89.8,124.33203125,19
1776824384.7081578,0.0,0,0,94.6,124.33203125,19
1776824388.077659,0.0,0,0,97.4,124.33203125,19
1776824391.5076923,0.0,0,0,97.0,124.33203125,19
1776824393.2582498,0.0,0,0,92.0,124.33203125,19
1776824398.870242,0.0,0,0,95.5,124.33203125,19
1776824398.7191224,0.0,0,0,112.0,124.33203125,19
1776824403.5086308,0.0,0,0,86.0,124.33203125,19
1776824405.1282125,0.0,0,0,142.8,124.33203125,19
1776824408.7833526,0.0,0,0,95.6,124.33203125,19
1776824411.5056734,0.0,0,0,98.2,124.33203125,19
1776824413.903729,0.0,0,0,117.7,124.33203125,19
1776824417.8492115,0.0,0,0,100.4,124.33203125,19
1776824419.109291,0.0,0,0,101.1,124.33203125,19
1776824424.3115032,0.0,0,0,93.1,124.33203125,19
1776824424.4966989,0.0,0,0,97.7,124.33203125,19
1776824429.602235,0.0,0,0,92.0,124.33203125,19
1776824431.1727064,0.0,0,0,105.1,124.33203125,19
1776824434.7691693,0.0,0,0,98.3,124.33203125,19
1776824437.6148841,0.0,0,0,88.8,124.33203125,19
1776824439.8902764,0.0,0,0,148.8,124.33203125,19
1776824444.3796523,0.0,0,0,100.2,124.33203125,19
1776824445.0882168,0.0,0,0,104.1,124.33203125,19
1776824450.438575,0.0,0,0,92.2,124.33203125,19
1776824451.0977182,0.0,0,0,178.3,124.33203125,19
1776824456.0867426,0.0,0,0,111.6,124.33203125,19
1776824457.9887285,0.0,0,0,96.1,124.33203125,19
1776824460.9872332,0.0,0,0,102.1,124.33203125,19
1776824464.510266,0.0,0,0,100.3,124.33203125,19
1776824466.3729622,0.0,0,0,153.4,124.33203125,19
1776824471.2164707,0.0,0,0,99.4,124.33203125,19
1776824471.6422093,0.0,0,0,88.3,124.33203125,19
1776824476.9770465,0.0,0,0,94.2,124.33203125,19
1776824477.8108346,0.0,0,0,99.3,124.33203125,19
1776824481.9447465,0.0,0,0,105.7,124.33203125,19
1776824484.0812898,0.0,0,0,93.9,124.33203125,19
1776824487.2333565,0.0,0,0,101.4,124.33203125,19
1776824490.2805526,0.0,0,0,100.2,124.33203125,19
1776824492.7371697,0.0,0,0,124.4,124.33203125,19
1776824497.4272726,0.0,0,0,96.4,124.33203125,19
1776824498.072567,0.0,0,0,145.0,124.33203125,19
1776824503.1687806,0.0,0,0,103.5,124.33203125,19
1776824504.413207,0.0,0,0,99.5,124.33203125,19
1776824508.6933227,0.0,0,0,92.3,124.33203125,19
1776824510.6285765,0.0,0,0,113.0,124.33203125,19
1776824513.676782,0.0,0,0,99.2,124.33203125,19
1776824517.2055008,0.0,0,0,122.8,124.33203125,19
1776824518.920243,0.0,0,0,99.1,124.33203125,19
1776824523.5629325,0.0,0,0,94.7,124.33203125,19
1776824524.062248,0.0,0,0,98.3,124.33203125,19
1776824529.1478086,0.0,0,0,96.0,124.33203125,19
1776824529.9124575,0.0,0,0,102.4,124.33203125,19
1776824534.2737753,0.0,0,0,99.8,124.33203125,19
1776824536.290165,0.0,0,0,103.4,124.33203125,19
1776824539.4207833,0.0,0,0,96.9,124.33203125,19
1776824543.095505,0.0,0,0,98.3,124.33203125,19
1776824544.5409198,0.0,0,0,100.0,124.33203125,19
1776824549.8932462,0.0,0,0,103.9,124.33203125,19
1776824550.7029004,0.0,0,0,151.8,124.33203125,19
1776824555.100827,0.0,0,0,107.8,124.33203125,19
1776824556.9481838,0.0,0,0,93.1,124.33203125,19
1776824560.3011966,0.0,0,0,104.3,124.33203125,19
1776824563.6985118,0.0,0,0,96.7,124.33203125,19
1776824565.585559,0.0,0,0,117.4,124.33203125,19
1776824570.300529,0.0,0,0,104.8,124.33203125,19
1776824571.0014508,0.0,0,0,104.2,124.33203125,19
1776824576.1037197,0.0,0,0,88.7,124.33203125,19
1776824576.6572537,0.0,0,0,97.4,124.33203125,19
1776824581.3966506,0.0,0,0,101.8,124.33203125,19
1776824583.3632731,0.0,0,0,99.6,124.33203125,19
1776824586.5236566,0.0,0,0,95.6,124.33203125,19
1776824589.9061508,0.0,0,0,89.1,124.33984375,19
1776824591.64019,0.0,0,0,89.2,124.33984375,19
1776824596.5825617,0.0,0,0,92.6,124.33984375,19
1776824597.0041828,0.0,0,0,103.0,124.33984375,19
1776824602.0255935,0.0,0,0,128.4,124.33984375,19
1776824603.397106,0.0,0,0,104.8,124.33984375,19
1776824607.6561098,0.0,0,0,103.7,124.33984375,19
1776824609.550074,0.0,0,0,95.2,124.33984375,19
1776824613.142608,0.0,0,0,103.1,124.33984375,19
1776824616.1581292,0.0,0,0,128.4,124.33984375,19
1776824618.290498,0.0,0,0,95.3,124.33984375,19
1776824622.3905487,0.0,0,0,103.5,124.33984375,19
1776824623.7830505,0.0,0,0,107.1,124.33984375,19
1776824628.9595454,0.0,0,0,152.4,124.33984375,19
1776824629.7599046,0.0,0,0,142.8,124.33984375,19
1776824634.1922977,0.0,0,0,101.2,124.33984375,19
1776824636.4925406,0.0,0,0,114.0,124.33984375,19
1776824639.4275424,0.0,0,0,104.3,124.33984375,19
1776824643.4016533,0.0,0,0,94.6,124.33984375,19
1776824644.813035,0.0,0,0,101.4,124.33984375,19
1776824649.759488,0.0,0,0,91.6,124.33984375,19
1776824650.0892475,0.0,0,0,86.0,124.33984375,19
1776824655.285152,0.0,0,0,104.0,124.33984375,19
1776824656.5750663,0.0,0,0,104.4,124.33984375,19
1776824660.548048,0.0,0,0,100.5,124.33984375,19
1776824662.7233734,0.0,0,0,101.3,124.33984375,19
1776824665.8480256,0.0,0,0,100.5,124.33984375,19
1776824669.0235422,0.0,0,0,100.8,124.33984375,19
1776824671.1366634,0.0,0,0,107.4,124.33984375,19
1776824675.5850213,0.0,0,0,101.8,124.33984375,19
1776824676.4986293,0.0,0,0,95.0,124.33984375,19
1776824681.9176714,0.0,0,0,102.9,124.33984375,19
1776824682.1550715,0.0,0,0,92.0,124.33984375,19
1776824687.611495,0.0,0,0,96.3,124.33984375,19
1776824687.9768744,0.0,0,0,100.4,124.33984375,19
1776824693.0840087,0.0,0,0,100.9,124.33984375,19
1776824694.6555939,0.0,0,0,129.9,124.33984375,19
1776824698.2816422,0.0,0,0,100.6,124.33984375,19
1776824701.485552,0.0,0,0,97.8,124.33984375,19
1776824703.6668754,0.0,0,0,192.2,124.33984375,19
1776824708.6457286,0.0,0,0,89.7,124.33984375,19
1776824709.1657143,0.0,0,0,108.9,124.33984375,19
1776824714.3346055,0.0,0,0,99.9,124.33984375,19
1776824715.0211427,0.0,0,0,97.3,124.33984375,19
1776824719.8765726,0.0,0,0,102.3,124.33984375,19
1776824720.6495898,0.0,0,0,92.9,124.33984375,19
1776824724.895225,0.0,0,0,104.7,124.33984375,19
1776824727.5496159,0.0,0,0,97.3,124.33984375,19
1776824730.1203856,0.0,0,0,98.1,124.33984375,19
1776824734.0468452,0.0,0,0,96.4,124.33984375,19
1776824735.3108969,0.0,0,0,105.7,124.33984375,19
1776824740.7030892,0.0,0,0,101.4,124.33984375,19
1776824740.7407696,0.0,0,0,99.2,124.33984375,19
1776824745.6845555,0.0,0,0,125.2,124.33984375,19
1776824747.1146703,0.0,0,0,116.3,124.33984375,19
1776824751.118499,0.0,0,0,101.9,124.33984375,19
1776824753.9370058,0.0,0,0,107.6,124.33984375,19
1776824756.311211,0.0,0,0,97.1,124.33984375,19
1776824760.406114,0.0,0,0,107.9,124.33984375,19
1776824761.4946592,0.0,0,0,103.7,124.33984375,19
1776824766.7356665,0.0,0,0,99.9,124.33984375,19
1776824766.8950331,0.0,0,0,111.1,124.33984375,19
1776824772.2260692,0.0,0,0,97.0,124.33984375,19
1776824773.1776438,0.0,0,0,101.9,124.33984375,19
1776824777.4392157,0.0,0,0,103.3,124.33984375,19
1776824779.3673787,0.0,0,0,104.0,124.33984375,19
1776824782.6622655,0.0,0,0,99.3,124.33984375,19
1776824785.7509053,0.0,0,0,103.7,124.33984375,19
1776824787.9571443,0.0,0,0,97.6,124.33984375,19
1776824792.4105792,0.0,0,0,141.5,124.33984375,19
1776824793.2529564,0.0,0,0,85.7,124.33984375,19
1776824798.5341918,0.0,0,0,91.8,124.33984375,19
1776824798.9385147,0.0,0,0,102.0,124.33984375,19
1776824803.8666673,0.0,0,0,108.3,124.33984375,19
1776824805.3400757,0.0,0,0,87.7,124.33984375,19
1776824809.4186187,0.0,0,0,119.7,124.3671875,19
1776824812.066545,0.0,0,0,128.6,124.3671875,19
1776824814.6196198,0.0,0,0,92.0,124.3671875,19
1776824818.8596609,0.0,0,0,122.4,124.3671875,19
1776824819.731959,0.0,0,0,113.8,124.3671875,19
1776824824.8235462,0.0,0,0,108.9,124.3671875,19
1776824825.2735958,0.0,0,0,143.0,124.3671875,19
1776824829.9170556,0.0,0,0,103.3,124.37109375,19
1776824831.4143932,0.0,0,0,102.2,124.37109375,19
1776824835.1436555,0.0,0,0,103.4,124.37109375,19
1776824837.8385444,0.0,0,0,105.3,124.37109375,19
1776824840.4256005,0.0,0,0,96.4,124.37109375,19
1776824845.3063233,0.0,0,0,91.0,124.37109375,19
1776824845.3061945,0.0,0,0,90.3,124.37109375,19
1776824850.643089,0.0,0,0,99.9,124.375,19
1776824852.037536,0.0,0,0,91.5,124.375,19
1776824855.6883907,0.0,0,0,96.8,124.375,19
1776824858.127954,0.0,0,0,125.5,124.375,19
1776824861.3900301,0.0,0,0,99.7,124.375,19
1776824864.4004803,0.0,0,0,98.3,124.375,19
1776824866.3484986,0.0,0,0,96.1,124.375,19
1776824871.4106026,0.0,0,0,105.5,124.375,19
1776824871.749978,0.0,0,0,99.8,124.375,19
1776824876.9865558,0.0,0,0,105.6,124.375,19
1776824877.7037246,0.0,0,0,86.5,124.375,19
1776824881.8691092,0.0,0,0,103.5,124.375,19
1776824884.2050617,0.0,0,0,103.1,124.375,19
1776824887.1095612,0.0,0,0,87.6,124.375,19
1776824890.70707,0.0,0,0,107.0,124.37890625,19
1776824892.4137146,0.0,0,0,103.2,124.37890625,19
1776824897.7023454,0.0,0,0,129.6,124.37890625,19
1776824897.8455822,0.0,0,0,101.3,124.37890625,19
1776824902.881551,0.0,0,0,93.6,124.37890625,19
1776824904.7481632,0.0,0,0,101.7,124.37890625,19
1776824908.4400148,0.0,0,0,100.0,124.37890625,19
1776824911.3060198,0.0,0,0,90.4,124.37890625,19
1776824913.8474636,0.0,0,0,102.6,124.37890625,19
1776824918.0725238,0.0,0,0,95.0,124.37890625,19
1776824918.9915571,0.0,0,0,153.1,124.3828125,19
1776824924.3915558,0.0,0,0,90.8,124.3828125,19
1776824924.7945914,0.0,0,0,99.3,124.3828125,19
1776824929.7377553,0.0,0,0,102.1,124.41015625,19
1776824931.9345083,0.0,0,0,107.4,124.41015625,19
1776824935.137732,0.0,0,0,101.4,124.41015625,19
1776824938.8980927,0.0,0,0,104.5,124.41015625,19
1776824940.194567,0.0,0,0,94.7,124.41015625,19
1776824945.2265482,0.0,0,0,105.5,124.41015625,19
1776824945.7480216,0.0,0,0,94.8,124.41015625,19
1776824950.4724336,0.0,0,0,102.3,124.41015625,19
1776824952.0709193,0.0,0,0,89.8,124.41015625,19
1776824955.5239067,0.0,0,0,107.3,124.41015625,19
1776824958.9715912,0.0,0,0,95.1,124.41015625,19
1776824960.8026273,0.0,0,0,97.2,124.41015625,19
1776824965.4146123,0.0,0,0,100.2,124.41015625,19
1776824966.227767,0.0,0,0,99.0,124.41015625,19
1776824971.6903903,0.0,0,0,104.9,124.41015625,19
1776824972.0675473,0.0,0,0,118.1,124.41015625,19
1776824977.0235753,0.0,0,0,101.8,124.41015625,19
1776824978.667079,0.0,0,0,103.9,124.41015625,19
1776824982.3621047,0.0,0,0,102.4,124.41015625,19
1776824985.1994863,0.0,0,0,88.4,124.41015625,19
1776824987.5989523,0.0,0,0,99.2,124.41015625,19
1776824991.2285588,0.0,0,0,88.9,124.41015625,19
1776824992.7095532,0.0,0,0,99.0,124.41015625,19
1776824997.9011433,0.0,0,0,101.0,124.41015625,19
1776824997.7640681,0.0,0,0,102.0,124.41015625,19
1776825002.956508,0.0,0,0,102.8,124.41015625,19
1776825003.770241,0.0,0,0,96.6,124.41015625,19
1776825008.3183465,0.0,0,0,96.4,124.41015625,19
1776825010.6063282,0.0,0,0,139.4,124.41015625,19
1776825013.461501,0.0,0,0,122.3,124.41015625,19
1776825016.653021,0.0,0,0,99.5,124.41015625,19
1776825018.5034912,0.0,0,0,89.6,124.41015625,19
1776825023.2431033,0.0,0,0,91.8,124.41015625,19
1776825023.6170664,0.0,0,0,99.0,124.41015625,19
1776825028.824656,0.0,0,0,101.3,124.41015625,19
1776825029.660277,0.0,0,0,101.2,124.41015625,19
1776825034.166548,0.0,0,0,97.6,124.41015625,19
1776825036.9239888,0.0,0,0,93.3,124.41015625,19
1776825039.3278358,0.0,0,0,95.5,124.41015625,19
1776825044.1631284,0.0,0,0,89.4,124.41015625,19
1776825044.591083,0.0,0,0,100.8,124.41015625,19
1776825049.9901567,0.0,0,0,94.1,124.41015625,19
1776825050.8175118,0.0,0,0,97.5,124.41015625,19
1776825055.0020468,0.0,0,0,97.6,124.41015625,19
1776825057.5415382,0.0,0,0,89.2,124.41015625,19
1776825060.0365772,0.0,0,0,101.1,124.41015625,19
1776825064.2583776,0.0,0,0,88.9,124.41015625,19
1776825065.5774226,0.0,0,0,107.1,124.41015625,19
1776825070.9541156,0.0,0,0,94.0,124.41015625,19
1776825071.2754502,0.0,0,0,97.8,124.41015625,19
1776825076.2937095,0.0,0,0,92.1,124.41015625,19
1776825078.130105,0.0,0,0,95.8,124.41015625,19
1776825081.4965248,0.0,0,0,95.9,124.41015625,19
1776825084.8875043,0.0,0,0,104.8,124.41015625,19
1776825086.7146037,0.0,0,0,98.7,124.41015625,19
1776825091.7636204,0.0,0,0,100.2,124.41015625,19
1776825091.6420894,0.0,0,0,97.4,124.41015625,19
1776825097.0594263,0.0,0,0,97.7,124.41015625,19
1776825098.2375734,0.0,0,0,103.3,124.41015625,19
1776825102.5384195,0.0,0,0,98.7,124.41015625,19
1776825105.1455705,0.0,0,0,106.6,124.41015625,19
1776825107.903589,0.0,0,0,99.2,124.41015625,19
1776825112.177196,0.0,0,0,99.7,124.41015625,19
1776825113.1601093,0.0,0,0,104.5,124.41015625,19
1776825118.4876106,0.0,0,0,101.1,124.41015625,19
1776825119.064839,0.0,0,0,97.2,124.41015625,19
1776825123.9100866,0.0,0,0,121.0,124.41015625,19
1776825125.5610654,0.0,0,0,100.9,124.41015625,19
1776825128.911545,0.0,0,0,107.2,124.41015625,19
1776825132.158953,0.0,0,0,105.3,124.41015625,19
1776825134.2041743,0.0,0,0,100.6,124.41015625,19
1776825139.135521,0.0,0,0,98.6,124.41015625,19
1776825139.4342127,0.0,0,0,98.9,124.41015625,19
1776825144.8172834,0.0,0,0,98.7,124.41015625,19
1776825145.6362274,0.0,0,0,99.5,124.41015625,19
1776825150.0470662,0.0,0,0,103.6,124.41015625,19
1776825152.5292807,0.0,0,0,170.2,124.41015625,19
1776825155.1825511,0.0,0,0,90.9,124.41015625,19
1776825158.7817533,0.0,0,0,101.9,124.41015625,19
1776825160.8025758,0.0,0,0,105.8,124.41015625,19
1776825164.8865848,0.0,0,0,100.4,124.41015625,19
1776825165.7286685,0.0,0,0,92.2,124.41015625,19
1776825171.156375,0.0,0,0,101.6,124.41015625,19
1776825171.9711802,0.0,0,0,100.6,124.41015625,19
1776825176.3190675,0.0,0,0,100.5,124.41015625,19
1776825178.6756854,0.0,0,0,94.1,124.41015625,19
1776825181.50911,0.0,0,0,104.9,124.41015625,19
1776825185.1790574,0.0,0,0,104.1,124.41015625,19
1776825187.1180558,0.0,0,0,99.0,124.41015625,19
1776825192.1405838,0.0,0,0,91.1,124.41015625,19
1776825192.3650339,0.0,0,0,104.2,124.41015625,19
1776825197.7266033,0.0,0,0,104.3,124.41015625,19
1776825199.0775423,0.0,0,0,126.9,124.41015625,19
1776825202.7485757,0.0,0,0,108.8,124.41015625,19
1776825205.7636585,0.0,0,0,107.8,124.41015625,19
1776825207.994596,0.0,0,0,100.1,124.41015625,19
1776825212.9114275,0.0,0,0,100.8,124.41015625,19
1776825213.1770694,0.0,0,0,98.3,124.41015625,19
1776825218.7037902,0.0,0,0,99.4,124.41015625,19
1776825219.6980398,0.0,0,0,96.2,124.41015625,19
1776825223.7665048,0.0,0,0,96.6,124.41015625,19
1776825226.745614,0.0,0,0,104.7,124.41015625,19
1776825229.3395572,0.0,0,0,100.5,124.41015625,19
1776825233.7115462,0.0,0,0,97.7,124.41015625,19
1776825234.4155421,0.0,0,0,101.6,124.41015625,19
1776825239.519217,0.0,0,0,104.3,124.41015625,19
1776825240.66161,0.0,0,0,88.5,124.41015625,19
1776825245.0730422,0.0,0,0,98.6,124.41015625,19
1776825247.5365725,0.0,0,0,104.5,124.41015625,19
1776825250.0098796,0.0,0,0,105.6,124.41015625,19
1776825253.560833,0.0,0,0,103.7,124.41015625,19
1776825255.570873,0.0,0,0,99.5,124.41015625,19
1776825259.982452,0.0,0,0,98.4,124.41015625,19
1776825260.9800951,0.0,0,0,100.2,124.41015625,19
1776825266.2125757,0.0,0,0,92.5,124.41015625,19
1776825266.8318262,0.0,0,0,97.1,124.41015625,19
1776825271.420325,0.0,0,0,90.7,124.41015625,19
1776825272.677336,0.0,0,0,101.3,124.41015625,19
1776825276.4149408,0.0,0,0,90.9,124.41015625,19
1776825279.6351945,0.0,0,0,98.4,124.41015625,19
1776825281.7341225,0.0,0,0,100.0,124.41015625,19
1776825285.9607542,0.0,0,0,101.8,124.41015625,19
1776825287.1410878,0.0,0,0,84.5,124.41015625,19
1776825292.509842,0.0,0,0,91.6,124.41015625,19
1776825292.4424825,0.0,0,0,110.2,124.41015625,19
1776825297.9336376,0.0,0,0,103.2,124.41015625,19
1776825299.3250656,0.0,0,0,90.3,124.41015625,19
1776825303.1240118,0.0,0,0,100.4,124.41015625,19
1776825305.7586265,0.0,0,0,139.5,124.41015625,19
1776825308.288726,0.0,0,0,123.7,124.41015625,19
1776825312.2296708,0.0,0,0,93.6,124.41015625,19
1776825313.2495341,0.0,0,0,88.9,124.41015625,19
1776825318.6270952,0.0,0,0,103.8,124.41015625,19
1776825318.938589,0.0,0,0,99.1,124.41015625,19
1776825324.166065,0.0,0,0,106.3,124.41015625,19
1776825325.647114,0.0,0,0,105.1,124.41015625,19
1776825329.354629,0.0,0,0,99.8,124.41015625,19
1776825332.40522,0.0,0,0,100.5,124.41015625,19
1776825334.7769823,0.0,0,0,100.4,124.41015625,19
1776825338.891385,0.0,0,0,102.7,124.41015625,19
1776825340.3296568,0.0,0,0,102.3,124.41015625,19
1776825345.360268,0.0,0,0,109.3,124.41015625,19
1776825345.8920085,0.0,0,0,116.6,124.41015625,19
1776825351.1771069,0.0,0,0,143.1,124.41015625,19
1776825351.9241538,0.0,0,0,96.6,124.41015625,19
1776825356.694561,0.0,0,0,104.5,124.41015625,19
1776825358.156082,0.0,0,0,101.3,124.41015625,19
1776825361.9601061,0.0,0,0,96.8,124.41015625,19
1776825364.3128011,0.0,0,0,108.3,124.41015625,19
1776825367.5911217,0.0,0,0,103.8,124.41015625,19
1776825371.097628,0.0,0,0,106.6,124.41015625,19
1776825372.7236521,0.0,0,0,103.9,124.41015625,19
1776825377.2050147,0.0,0,0,92.5,124.41015625,19
1776825377.9750423,0.0,0,0,101.8,124.41015625,19
1776825383.3999584,0.0,0,0,93.3,124.41015625,19
1776825384.9005842,0.0,0,0,99.5,124.41015625,19
1776825388.6820486,0.0,0,0,108.3,124.41015625,19
1776825391.7127388,0.0,0,0,101.7,124.41015625,19
1776825393.8144543,0.0,0,0,127.2,124.41015625,19
1776825398.2325523,0.0,0,0,103.3,124.41015625,19
1776825398.8469965,0.0,0,0,92.5,124.41015625,19
1776825403.9530761,0.0,0,0,141.6,124.41015625,19
1776825404.5192418,0.0,0,0,107.4,124.41015625,19
1776825409.4075444,0.0,0,0,101.0,124.41015625,19
1776825411.4825966,0.0,0,0,94.8,124.41015625,19
1776825414.7242014,0.0,0,0,98.9,124.41015625,19
1776825418.2987206,0.0,0,0,97.4,124.41015625,19
1776825419.8251958,0.0,0,0,111.7,124.41015625,19
1776825424.4810684,0.0,0,0,110.7,124.41015625,19
1776825425.082567,0.0,0,0,101.6,124.41015625,19
1776825430.6405575,0.0,0,0,103.5,124.41015625,19
1776825431.284818,0.0,0,0,95.0,124.41015625,19
1776825436.1322849,0.0,0,0,104.2,124.41015625,19
1776825438.049721,0.0,0,0,109.6,124.41015625,19
1776825441.0585158,0.0,0,0,105.7,124.41015625,19
1776825444.5304947,0.0,0,0,104.7,124.41015625,19
1776825446.2789085,0.0,0,0,107.0,124.41015625,19
1776825451.0715678,0.0,0,0,104.3,124.41015625,19
1776825451.5616314,0.0,0,0,93.3,124.41015625,19
1776825457.051578,0.0,0,0,127.2,124.41015625,19
1776825457.9774888,0.0,0,0,96.4,124.41015625,19
1776825462.4486444,0.0,0,0,105.4,124.41015625,19
1776825464.1911771,0.0,0,0,105.7,124.41015625,19
1776825467.7042189,0.0,0,0,103.1,124.41015625,19
1776825470.68603,0.0,0,0,105.1,124.41015625,19
1776825473.3105557,0.0,0,0,104.2,124.41015625,19
1776825477.3515813,0.0,0,0,101.8,124.41015625,19
1776825478.319295,0.0,0,0,105.2,124.41015625,19
1776825483.3850286,0.0,0,0,98.0,124.41015625,19
1776825483.8178613,0.0,0,0,108.9,124.41015625,19
1776825488.7172444,0.0,0,0,96.9,124.41015625,19
1776825490.7284305,0.0,0,0,134.0,124.41015625,19
1776825494.00658,0.0,0,0,124.6,124.41015625,19
1776825497.653262,0.0,0,0,104.8,124.41015625,19
1776825499.2826395,0.0,0,0,103.9,124.41015625,19
1776825504.244158,0.0,0,0,94.9,124.41015625,19
1776825504.3440964,0.0,0,0,123.2,124.41015625,19
1776825509.4808445,0.0,0,0,91.9,124.41015625,19
1776825510.241576,0.0,0,0,104.0,124.41015625,19
1776825514.7331898,0.0,0,0,103.2,124.41015625,19
1776825516.679082,0.0,0,0,124.0,124.41015625,19
1776825519.9125407,0.0,0,0,101.8,124.41015625,19
1776825522.852064,0.0,0,0,155.3,124.41015625,19
1776825524.9802096,0.0,0,0,95.9,124.41015625,19
1776825529.6737702,0.0,0,0,105.3,124.41015625,19
1776825530.0151556,0.0,0,0,105.9,124.41015625,19
1776825535.4120746,0.0,0,0,103.6,124.41015625,19
1776825536.3080513,0.0,0,0,101.8,124.41015625,19
1776825541.0499878,0.0,0,0,105.8,124.41015625,19
1776825542.2076066,0.0,0,0,90.0,124.41015625,19
1776825546.0960534,0.0,0,0,99.8,122.828125,19
1776825548.8611345,0.0,0,0,99.0,122.828125,19
1776825551.272637,0.0,0,0,88.8,123.015625,19
1776825555.461816,0.0,0,0,104.2,123.01953125,19
1776825556.5831108,0.0,0,0,96.1,123.01953125,19
1776825561.8416164,0.0,0,0,118.5,123.01953125,19
1776825562.052122,0.0,0,0,125.7,123.01953125,19
1776825566.895652,0.0,0,0,92.4,123.01953125,19
1776825568.573102,0.0,0,0,101.3,123.0390625,19
1776825572.141593,0.0,0,0,100.1,123.046875,19
1776825574.9466686,0.0,0,0,103.3,123.046875,19
1776825577.4270926,0.0,0,0,104.4,123.046875,19
1776825581.4315891,0.0,0,0,93.3,123.046875,19
1776825582.6561365,0.0,0,0,165.9,123.046875,19
1776825587.7045422,0.0,0,0,106.1,123.06640625,19
1776825588.3555608,0.0,0,0,93.9,123.06640625,19
1776825592.837688,0.0,0,0,103.7,123.06640625,19
1776825595.0229201,0.0,0,0,137.2,123.06640625,19
1776825598.2440133,0.0,0,0,94.8,123.06640625,19
1776825601.8345163,0.0,0,0,105.4,123.11328125,19
1776825603.7926295,0.0,0,0,101.9,123.1171875,19
1776825608.2875295,0.0,0,0,151.4,123.1171875,19
1776825609.0736232,0.0,0,0,142.0,123.1171875,19
1776825614.4656122,0.0,0,0,100.4,123.1171875,19
1776825615.0815747,0.0,0,0,108.9,123.1171875,19
1776825619.5011618,0.0,0,0,106.7,123.1171875,19
1776825621.0930889,0.0,0,0,86.7,123.1171875,19
1776825624.7750678,0.0,0,0,136.7,123.1171875,19
1776825627.2990885,0.0,0,0,104.2,123.1171875,19
1776825630.0446208,0.0,0,0,98.7,123.1171875,19
1776825633.371778,0.0,0,0,156.9,123.1171875,19
1776825635.0663784,0.0,0,0,111.7,123.1171875,19
1776825639.8016534,0.0,0,0,88.6,123.1171875,19
1776825640.4115107,0.0,0,0,100.5,123.1171875,19
1776825645.6011503,0.0,0,0,105.9,123.1328125,19
1776825646.7086093,0.0,0,0,97.9,123.13671875,19
1776825650.7322578,0.0,0,0,99.6,123.13671875,19
1776825652.9610548,0.0,0,0,103.7,123.13671875,19
1776825656.1668332,0.0,0,0,107.4,123.13671875,19
1776825659.9186869,0.0,0,0,99.5,123.13671875,19
1776825661.435567,0.0,0,0,91.7,123.13671875,19
1776825666.2535706,0.0,0,0,108.1,123.13671875,19
1776825666.888182,0.0,0,0,95.5,123.13671875,19
1776825672.2972744,0.0,0,0,95.4,123.13671875,19
1776825673.1464796,0.0,0,0,92.6,123.13671875,19
1776825677.5680923,0.0,0,0,96.9,123.140625,19
1776825679.4644797,0.0,0,0,90.7,123.140625,19
1776825682.8371236,0.0,0,0,102.3,123.140625,19
1776825686.2135754,0.0,0,0,91.9,123.140625,19
1776825687.7817929,0.0,0,0,103.2,123.14453125,19
1776825692.8526018,0.0,0,0,105.2,123.14453125,19
1776825698.3776033,0.0,0,0,102.1,123.14453125,19
1776825700.000798,0.0,0,0,98.0,123.14453125,19
1776825703.4572089,0.0,0,0,100.5,123.14453125,19
1776825706.95441,0.0,0,0,116.8,123.14453125,19
1776825708.4576924,0.0,0,0,104.2,123.14453125,19
1776825713.2115726,0.0,0,0,108.3,123.14453125,19
1776825713.9604857,0.0,0,0,98.3,123.14453125,19
1776825719.1982365,0.0,0,0,98.0,123.1484375,19
1776825719.9390469,0.0,0,0,93.8,123.1484375,19
1776825724.3226094,0.0,0,0,100.2,123.1484375,19
1776825726.6025581,0.0,0,0,95.0,123.1484375,19
1776825729.803653,0.0,0,0,102.0,123.15234375,19
1776825733.1157298,0.0,0,0,104.1,123.15234375,19
1776825735.059409,0.0,0,0,99.1,123.15234375,19
1776825739.5560443,0.0,0,0,99.4,123.15234375,19
1776825740.5856144,0.0,0,0,98.9,123.15234375,19
1776825745.6375356,0.0,0,0,100.4,123.15234375,19
1776825745.8161037,0.0,0,0,103.4,123.15234375,19
1776825750.974641,0.0,0,0,138.1,123.15234375,19
1776825752.4679182,0.0,0,0,93.7,123.15234375,19
1776825756.5585465,0.0,0,0,100.9,123.15234375,19
1776825759.0730793,0.0,0,0,103.1,123.15625,19
1776825761.8996677,0.0,0,0,103.9,123.15625,19
1776825765.609842,0.0,0,0,120.7,123.15625,19
1776825767.3420262,0.0,0,0,105.4,123.15625,19
1776825772.273134,0.0,0,0,100.0,123.15625,19
1776825772.5797484,0.0,0,0,101.7,123.15625,19
1776825777.8059816,0.0,0,0,96.2,123.15625,19
1776825778.7106853,0.0,0,0,104.3,123.15625,19
1776825783.3212507,0.0,0,0,101.1,123.15625,19
1776825785.7055652,0.0,0,0,102.0,123.15625,19
1776825788.373072,0.0,0,0,109.2,123.15625,19
1776825792.533218,0.0,0,0,116.9,123.15625,19
1776825793.3116803,0.0,0,0,158.4,123.15625,19
1776825798.506728,0.0,0,0,89.6,123.15625,19
1776825799.1515682,0.0,0,0,88.9,123.15625,19
1776825803.8413367,0.0,0,0,96.9,123.15625,19
1776825805.5880992,0.0,0,0,107.1,123.16015625,19
1776825808.744502,0.0,0,0,98.9,123.16015625,19
1776825811.644063,0.0,0,0,100.4,123.16015625,19
1776825814.3537095,0.0,0,0,134.9,123.16015625,19
1776825817.9746208,0.0,0,0,99.6,123.16015625,19
1776825819.9035466,0.0,0,0,98.8,123.21875,19
1776825824.20817,0.0,0,0,96.0,123.21875,19
1776825824.839925,0.0,0,0,104.3,123.21875,19
1776825830.185223,0.0,0,0,105.4,123.21875,19
1776825830.2190628,0.0,0,0,101.1,123.21875,19
1776825835.597141,0.0,0,0,99.2,123.21875,19
1776825836.8390417,0.0,0,0,99.4,123.21875,19
1776825840.8956525,0.0,0,0,102.8,123.21875,19
1776825843.6175761,0.0,0,0,97.6,123.21875,19
1776825845.9990926,0.0,0,0,100.9,123.21875,19
1776825850.293632,0.0,0,0,106.7,123.21875,19
1776825851.3338227,0.0,0,0,80.0,123.21875,19
1776825856.4776688,0.0,0,0,102.2,123.21875,19
1776825856.4445841,0.0,0,0,103.0,123.21875,19
1776825861.4721885,0.0,0,0,101.8,123.22265625,19
1776825863.0236282,0.0,0,0,103.8,123.22265625,19
1776825866.8565755,0.0,0,0,102.5,123.22265625,19
1776825869.431387,0.0,0,0,100.2,123.22265625,19
1776825872.2116797,0.0,0,0,123.8,123.22265625,19
1776825876.0110674,0.0,0,0,116.4,123.22265625,19
1776825877.32291,0.0,0,0,103.9,123.22265625,19
1776825882.6575372,0.0,0,0,88.5,123.22265625,19
1776825882.9535477,0.0,0,0,103.5,123.22265625,19
1776825887.700637,0.0,0,0,94.0,123.22265625,19
1776825889.0355074,0.0,0,0,102.1,123.22265625,19
1776825893.2786572,0.0,0,0,99.2,123.22265625,19
1776825895.4475467,0.0,0,0,99.0,123.22265625,19
1776825898.3140242,0.0,0,0,100.8,123.22265625,19
1776825902.0174184,0.0,0,0,96.0,123.2265625,19
1776825903.8140082,0.0,0,0,87.6,123.2265625,19
1776825908.6396096,0.0,0,0,94.1,123.2265625,19
1776825908.9229114,0.0,0,0,115.8,123.2265625,19
1776825914.2737527,0.0,0,0,108.7,123.2265625,19
1776825914.9595072,0.0,0,0,100.0,123.2265625,19
1776825919.531049,0.0,0,0,90.9,123.2265625,19
1776825921.6111305,0.0,0,0,106.1,123.2265625,19
1776825925.1710136,0.0,0,0,93.1,123.2265625,19
1776825928.203571,0.0,0,0,98.7,123.2265625,19
1776825930.3443322,0.0,0,0,113.2,123.2265625,19
1776825934.514823,0.0,0,0,99.2,123.2265625,19
1776825935.3910508,0.0,0,0,93.9,123.2265625,19
1776825940.6921272,0.0,0,0,107.4,123.2265625,19
1776825941.2576575,0.0,0,0,123.5,123.2265625,19
1776825945.8156114,0.0,0,0,107.4,123.2265625,19
1776825948.1061656,0.0,0,0,98.0,123.23046875,19
1776825951.4436038,0.0,0,0,162.5,123.23046875,19
1776825955.1990867,0.0,0,0,124.5,123.23046875,19
1776825956.6016188,0.0,0,0,99.9,123.23046875,19
1776825962.0318332,0.0,0,0,108.1,123.23046875,19
1776825962.254587,0.0,0,0,147.8,123.23046875,19
1776825967.5493062,0.0,0,0,155.5,123.23046875,19
1776825968.9195695,0.0,0,0,100.1,123.23046875,19
1776825972.6559947,0.0,0,0,112.1,123.23046875,19
1776825975.355552,0.0,0,0,101.6,123.23046875,19
1776825978.189575,0.0,0,0,105.5,123.23046875,19
1776825982.233631,0.0,0,0,94.5,123.23046875,19
1776825983.6440809,0.0,0,0,95.8,123.23046875,19
1776825988.7251394,0.0,0,0,101.7,123.23046875,19
1776825988.9555562,0.0,0,0,107.4,123.23046875,19
1776825994.003051,0.0,0,0,97.5,123.23046875,19
1776825995.698661,0.0,0,0,101.8,123.234375,19
1776825999.0615764,0.0,0,0,103.8,123.234375,19
1776826002.3028588,0.0,0,0,108.5,123.234375,19
1776826004.6090915,0.0,0,0,95.6,123.234375,19
1776826008.7191439,0.0,0,0,105.5,123.234375,19
1776826009.5708413,0.0,0,0,106.2,123.234375,19
1776826015.2150602,0.0,0,0,110.3,123.28125,19
1776826015.9735572,0.0,0,0,92.4,123.28125,19
1776826020.2700903,0.0,0,0,103.2,123.28125,19
1776826022.515163,0.0,0,0,119.2,123.28125,19
1776826025.3971558,0.0,0,0,100.5,123.28125,19
1776826029.1741812,0.0,0,0,103.0,123.28125,19
1776826030.7281272,0.0,0,0,96.1,123.28125,19
1776826035.8555012,0.0,0,0,104.1,123.28125,19
1776826036.161509,0.0,0,0,107.6,123.28125,19
1776826041.2465575,0.0,0,0,89.9,123.28125,19
1776826042.9148605,0.0,0,0,94.0,123.28515625,19
1776826046.4206429,0.0,0,0,96.3,123.28515625,19
1776826049.4326205,0.0,0,0,104.1,123.28515625,19
1776826051.7059724,0.0,0,0,99.8,123.28515625,19
1776826055.7853494,0.0,0,0,105.2,123.28515625,19
1776826057.2045991,0.0,0,0,99.3,123.28515625,19
1776826062.179608,0.0,0,0,100.2,123.328125,19
1776826062.4885151,0.0,0,0,106.5,123.328125,19
1776826067.3880546,0.0,0,0,101.7,123.328125,19
1776826069.160693,0.0,0,0,90.9,123.328125,19
1776826073.0511758,0.0,0,0,99.9,123.328125,19
1776826075.4325428,0.0,0,0,100.6,123.328125,19
1776826078.417674,0.0,0,0,102.8,123.33203125,19
1776826082.306981,0.0,0,0,201.8,123.33203125,19
1776826083.6166062,0.0,0,0,103.0,123.33984375,19
1776826088.8841062,0.0,0,0,94.1,123.33984375,19
1776826088.9296184,0.0,0,0,97.9,123.33984375,19
1776826093.885587,0.0,0,0,102.2,123.33984375,19
1776826095.1695883,0.0,0,0,101.9,123.33984375,19
1776826099.3428354,0.0,0,0,100.4,123.33984375,19
1776826101.79441,0.0,0,0,100.3,123.33984375,19
1776826104.5585003,0.0,0,0,99.7,123.33984375,19
1776826108.4916039,0.0,0,0,138.5,123.33984375,19
1776826109.5802398,0.0,0,0,117.1,123.33984375,19
1776826114.933318,0.0,0,0,92.4,123.33984375,19
1776826115.1314948,0.0,0,0,105.6,123.33984375,19
1776826120.174133,0.0,0,0,97.9,123.33984375,19
1776826121.6035633,0.0,0,0,90.1,123.33984375,19
1776826125.3764887,0.0,0,0,107.0,123.34375,19
1776826127.8751,0.0,0,0,101.5,123.34375,19
1776826130.5740347,0.0,0,0,99.6,123.34375,19
1776826134.335074,0.0,0,0,102.9,123.34375,19
1776826136.006148,0.0,0,0,96.9,123.34375,19
1776826140.7076795,0.0,0,0,98.4,123.34375,19
1776826141.136239,0.0,0,0,93.1,123.34375,19
1776826146.4925358,0.0,0,0,115.3,123.34375,19
1776826147.4936566,0.0,0,0,98.7,123.34375,19
1776826151.7886372,0.0,0,0,101.4,123.34375,19
1776826153.6845603,0.0,0,0,95.3,123.34375,19
1776826156.9125278,0.0,0,0,106.3,123.34375,19
1776826160.3515913,0.0,0,0,106.9,123.34375,19
1776826162.2545607,0.0,0,0,103.7,123.34375,19
1776826166.784567,0.0,0,0,109.6,123.34375,19
1776826167.360781,0.0,0,0,99.8,123.34375,19
1776826172.6505167,0.0,0,0,91.7,123.34375,19
1776826173.5988426,0.0,0,0,103.1,123.34375,19
1776826178.0485027,0.0,0,0,95.3,123.43359375,19
1776826180.308169,0.0,0,0,110.2,123.43359375,19
1776826183.1670785,0.0,0,0,100.9,123.43359375,19
1776826187.2598698,0.0,0,0,94.6,123.43359375,19
1776826188.5767355,0.0,0,0,99.8,123.43359375,19
1776826193.5026243,0.0,0,0,105.9,123.43359375,19
1776826193.8570485,0.0,0,0,97.1,123.43359375,19
1776826199.0355747,0.0,0,0,103.1,123.43359375,19
1776826200.0918221,0.0,0,0,119.6,123.43359375,19
1776826204.409237,0.0,0,0,107.4,123.43359375,19
1776826206.4068813,0.0,0,0,93.3,123.43359375,19
1776826209.5479252,0.0,0,0,96.8,123.43359375,19
1776826213.3165073,0.0,0,0,112.3,123.43359375,19
1776826214.9818373,0.0,0,0,91.1,123.5,19
1776826220.0181808,0.0,0,0,90.1,123.5,19
1776826220.149166,0.0,0,0,121.2,123.5,19
1776826225.2345698,0.0,0,0,89.1,123.5,19
1776826226.7097137,0.0,0,0,103.1,123.5,19
1776826230.7296717,0.0,0,0,104.1,123.5,19
1776826233.7022836,0.0,0,0,102.3,123.5,19
1776826236.325108,0.0,0,0,97.3,123.5,19
1776826240.1841946,0.0,0,0,104.2,123.5,19
1776826242.0126793,0.0,0,0,108.1,123.5,19
1776826246.9781888,0.0,0,0,103.4,123.5,19
1776826247.4284265,0.0,0,0,106.2,123.5,19
1776826252.4838943,0.0,0,0,92.9,123.51171875,19
1776826253.5029347,0.0,0,0,135.8,123.51171875,19
1776826257.6795704,0.0,0,0,106.1,123.51171875,19
1776826260.1811416,0.0,0,0,101.5,123.51171875,19
1776826262.9566648,0.0,0,0,101.3,123.515625,19
1776826266.804111,0.0,0,0,96.9,123.515625,19
1776826268.1415477,0.0,0,0,93.9,123.515625,19
1776826273.304454,0.0,0,0,106.3,123.515625,19
1776826273.7880564,0.0,0,0,97.5,123.515625,19
1776826278.7548282,0.0,0,0,150.9,123.515625,19
1776826280.413546,0.0,0,0,125.5,123.515625,19
1776826283.978087,0.0,0,0,97.4,123.515625,19
1776826286.8022716,0.0,0,0,96.9,123.515625,19
1776826288.9776428,0.0,0,0,158.8,123.515625,19
1776826293.1984482,0.0,0,0,93.9,123.515625,19
1776826294.6316025,0.0,0,0,104.2,123.515625,19
1776826299.7515283,0.0,0,0,103.1,123.515625,19
1776826300.17504,0.0,0,0,104.2,123.515625,19
1776826305.007172,0.0,0,0,102.9,123.51953125,19
1776826306.5597556,0.0,0,0,176.4,123.51953125,19
1776826310.0256152,0.0,0,0,99.3,123.51953125,19
1776826312.9695795,0.0,0,0,100.5,123.51953125,19
1776826315.663562,0.0,0,0,105.5,123.51953125,19
1776826319.4185758,0.0,0,0,102.0,123.51953125,19
1776826321.0288393,0.0,0,0,101.8,123.51953125,19
1776826326.3374834,0.0,0,0,92.0,123.51953125,19
1776826326.3511565,0.0,0,0,97.4,123.51953125,19
1776826331.7966037,0.0,0,0,108.0,123.51953125,19
1776826332.5126948,0.0,0,0,92.3,123.51953125,19
1776826337.035476,0.0,0,0,90.1,123.51953125,19
1776826339.146219,0.0,0,0,101.0,123.51953125,19
1776826342.1480517,0.0,0,0,104.6,123.51953125,19
1776826345.5266454,0.0,0,0,90.3,123.51953125,19
1776826347.2091475,0.0,0,0,89.3,123.5234375,19
1776826352.071549,0.0,0,0,101.3,123.5234375,19
1776826352.6582515,0.0,0,0,81.5,123.5234375,19
1776826358.0217366,0.0,0,0,103.5,123.54296875,19
1776826358.7045765,0.0,0,0,105.7,123.54296875,19
1776826363.0030856,0.0,0,0,104.0,123.54296875,19
1776826364.7515962,0.0,0,0,96.1,123.54296875,19
1776826368.2120733,0.0,0,0,98.1,123.54296875,19
1776826371.5724864,0.0,0,0,93.3,123.54296875,19
1776826373.3814213,0.0,0,0,104.8,123.54296875,19
1776826378.0916972,0.0,0,0,103.6,123.54296875,19
1776826378.949066,0.0,0,0,99.3,123.54296875,19
1776826384.3891346,0.0,0,0,100.5,123.54296875,19
1776826384.295141,0.0,0,0,93.5,123.54296875,19
1776826389.918714,0.0,0,0,100.8,123.54296875,19
1776826390.7734358,0.0,0,0,104.5,123.54296875,19
1776826395.2291884,0.0,0,0,102.5,123.55078125,19
1776826396.562572,0.0,0,0,96.2,123.55078125,19
1776826400.446063,0.0,0,0,89.9,123.5546875,19
1776826403.6854813,0.0,0,0,102.2,123.5546875,19
1776826405.5517974,0.0,0,0,99.8,123.5546875,19
1776826410.0791411,0.0,0,0,100.8,123.5546875,19
1776826410.695967,0.0,0,0,99.4,123.5546875,19
1776826415.7855496,0.0,0,0,98.1,123.5546875,19
1776826417.1469994,0.0,0,0,88.6,123.5546875,19
1776826421.0339794,0.0,0,0,105.4,123.5546875,19
1776826423.7675705,0.0,0,0,93.0,123.5546875,19
1776826426.1899838,0.0,0,0,100.2,123.5546875,19
1776826430.2999415,0.0,0,0,101.9,123.5546875,19
1776826431.2686555,0.0,0,0,101.1,123.5546875,19
1776826436.721504,0.0,0,0,101.3,123.55859375,19
1776826436.8531947,0.0,0,0,140.4,123.55859375,19
1776826441.7271142,0.0,0,0,93.0,123.5703125,19
1776826442.9732685,0.0,0,0,97.1,123.5703125,19
1776826447.0974789,0.0,0,0,102.4,123.5703125,19
1776826449.4056292,0.0,0,0,91.3,123.5703125,19
1776826452.55987,0.0,0,0,108.9,123.5703125,19
1776826456.3791122,0.0,0,0,87.5,123.5703125,19
1776826457.635627,0.0,0,0,128.4,123.5703125,19
1776826463.2035575,0.0,0,0,104.1,123.5703125,19
1776826463.4514964,0.0,0,0,111.2,123.5703125,19
1776826468.5094893,0.0,0,0,106.4,123.5703125,19
1776826470.1595507,0.0,0,0,103.4,123.5703125,19
1776826473.508598,0.0,0,0,105.7,123.5703125,19
1776826476.7776773,0.0,0,0,103.5,123.5703125,19
1776826478.8895376,0.0,0,0,179.9,123.5703125,19
1776826483.3425534,0.0,0,0,108.7,123.5703125,19
1776826484.3246014,0.0,0,0,93.1,123.5703125,19
1776826489.862223,0.0,0,0,95.1,123.58203125,19
1776826490.1660519,0.0,0,0,96.7,123.58203125,19
1776826495.2425144,0.0,0,0,100.2,123.58203125,19
1776826496.6038203,0.0,0,0,102.8,123.58203125,19
1776826500.3705854,0.0,0,0,99.6,123.58203125,19
1776826503.1740956,0.0,0,0,103.4,123.58203125,19
1776826505.935608,0.0,0,0,97.8,123.58203125,19
1776826509.5303137,0.0,0,0,109.0,123.58203125,19
1776826511.1620815,0.0,0,0,105.3,123.58203125,19
1776826515.902525,0.0,0,0,132.0,123.58203125,19
1776826516.35607,0.0,0,0,107.7,123.58203125,19
1776826521.422057,0.0,0,0,104.7,123.5859375,19
1776826522.5895262,0.0,0,0,98.4,123.5859375,19
1776826526.564954,0.0,0,0,102.8,123.58984375,19
1776826529.2709033,0.0,0,0,104.2,123.58984375,19
1776826531.4806223,0.0,0,0,100.7,123.58984375,19
1776826535.7885172,0.0,0,0,97.7,123.58984375,19
1776826536.592489,0.0,0,0,90.4,123.58984375,19
1776826542.1821423,0.0,0,0,99.7,123.58984375,19
1776826542.6486998,0.0,0,0,147.5,123.58984375,19
1776826547.761539,0.0,0,0,97.2,123.58984375,19
1776826550.0510335,0.0,0,0,99.2,123.58984375,19
1776826552.9710686,0.0,0,0,94.9,123.58984375,19
1776826556.5800343,0.0,0,0,105.3,123.58984375,19
1776826558.434525,0.0,0,0,103.9,123.58984375,19
1776826563.4874804,0.0,0,0,104.1,123.58984375,19
1776826563.4929814,0.0,0,0,101.4,123.58984375,19
1776826569.0840235,0.0,0,0,98.9,123.58984375,19
1776826569.924514,0.0,0,0,98.1,123.58984375,19
1776826574.273578,0.0,0,0,102.1,123.59375,19
1776826576.4806306,0.0,0,0,99.0,123.59375,19
1776826579.486112,0.0,0,0,100.3,123.59375,19
1776826583.2216785,0.0,0,0,97.8,123.59375,19
1776826584.6715515,0.0,0,0,99.9,123.59375,19
1776826589.4870691,0.0,0,0,103.2,123.59375,19
1776826589.7729337,0.0,0,0,99.6,123.59375,19
1776826594.7625618,0.0,0,0,97.6,123.59375,19
1776826596.3565319,0.0,0,0,123.2,123.59375,19
1776826599.923224,0.0,0,0,91.1,123.59375,19
1776826602.9038785,0.0,0,0,101.9,123.59375,19
1776826605.248617,0.0,0,0,104.5,123.59375,19
1776826609.8497386,0.0,0,0,100.6,123.59375,19
1776826610.505943,0.0,0,0,125.8,123.59375,19
1776826615.7826562,0.0,0,0,106.5,123.609375,19
1776826616.6550696,0.0,0,0,103.5,123.609375,19
1776826621.178046,0.0,0,0,103.0,123.61328125,19
1776826623.3095918,0.0,0,0,101.8,123.61328125,19
1776826626.410028,0.0,0,0,93.3,123.61328125,19
1776826630.2665925,0.0,0,0,98.5,123.61328125,19
1776826631.9520674,0.0,0,0,102.9,123.61328125,19
1776826637.013577,0.0,0,0,103.3,123.61328125,19
1776826637.3492014,0.0,0,0,96.2,123.61328125,19
1776826642.4675488,0.0,0,0,100.3,123.61328125,19
1776826644.6505163,0.0,0,0,105.9,123.61328125,19
1776826647.705003,0.0,0,0,109.7,123.61328125,19
1776826651.4167664,0.0,0,0,103.2,123.61328125,19
1776826652.9855769,0.0,0,0,88.3,123.61328125,19
1776826657.8308496,0.0,0,0,89.7,123.61328125,19
1776826658.3316004,0.0,0,0,108.1,123.61328125,19
1776826663.4971461,0.0,0,0,104.6,123.61328125,19
1776826665.003051,0.0,0,0,98.0,123.61328125,19
1776826668.4405735,0.0,0,0,116.1,123.6171875,19
1776826671.6020508,0.0,0,0,99.5,123.6171875,19
1776826673.9385478,0.0,0,0,91.4,123.6171875,19
1776826678.3141544,0.0,0,0,100.6,123.6171875,19
1776826679.466069,0.0,0,0,91.3,123.6171875,19
1776826684.5696259,0.0,0,0,87.3,123.6171875,19
1776826684.7744217,0.0,0,0,108.2,123.6171875,19
1776826690.0215414,0.0,0,0,105.6,123.6171875,19
1776826691.1255844,0.0,0,0,101.2,123.6171875,19
1776826695.0560758,0.0,0,0,87.6,123.6171875,19
1776826697.8831372,0.0,0,0,101.7,123.6171875,19
1776826700.264301,0.0,0,0,100.5,123.6171875,19
1776826704.474034,0.0,0,0,93.5,123.6171875,19
1776826705.329086,0.0,0,0,99.2,123.6171875,19
1776826710.6605806,0.0,0,0,95.0,123.62109375,19
1776826711.0935528,0.0,0,0,94.4,123.62109375,19
1776826715.5878184,0.0,0,0,209.1,123.62109375,19
1776826717.927299,0.0,0,0,99.0,123.62109375,19
1776826720.7780173,0.0,0,0,93.5,123.62109375,19
1776826724.913583,0.0,0,0,94.9,123.62109375,19
1776826725.958098,0.0,0,0,99.0,123.62109375,19
1776826731.1515548,0.0,0,0,105.7,123.62109375,19
1776826731.5080783,0.0,0,0,112.2,123.62109375,19
1776826736.441826,0.0,0,0,98.9,123.62109375,19
1776826737.9825637,0.0,0,0,107.1,123.62109375,19
1776826741.4495833,0.0,0,0,103.1,123.62109375,19
1776826744.6163564,0.0,0,0,107.4,123.62109375,19
1776826747.06822,0.0,0,0,98.4,123.62109375,19
1776826750.996639,0.0,0,0,102.3,123.62109375,19
1776826752.3195662,0.0,0,0,95.5,123.625,19
1776826756.9943087,0.0,0,0,95.2,123.625,19
1776826757.9446814,0.0,0,0,99.4,123.625,19
1776826763.0686386,0.0,0,0,97.2,123.625,19
1776826763.3440547,0.0,0,0,105.9,123.625,19
1776826768.2180712,0.0,0,0,128.7,123.625,19
1776826769.4835453,0.0,0,0,107.2,123.625,19
1776826773.8605888,0.0,0,0,108.7,123.625,19
1776826776.0406396,0.0,0,0,146.0,123.625,19
1776826779.074046,0.0,0,0,102.3,123.625,19
1776826782.677613,0.0,0,0,92.3,123.625,19
1776826784.5265646,0.0,0,0,104.6,123.625,19
1776826789.3148704,0.0,0,0,100.4,123.625,19
1776826789.982584,0.0,0,0,101.4,123.625,19
1776826795.4181778,0.0,0,0,108.9,123.66015625,19
1776826795.6545632,0.0,0,0,109.0,123.66015625,19
1776826800.5023458,0.0,0,0,93.3,123.66015625,19
1776826803.082032,0.0,0,0,103.7,123.66015625,19
1776826805.820042,0.0,0,0,104.8,123.66015625,19
1776826809.5096872,0.0,0,0,102.9,123.66015625,19
1776826810.9185152,0.0,0,0,96.1,123.66015625,19
1776826816.213718,0.0,0,0,100.5,123.66015625,19
1776826816.5730734,0.0,0,0,94.2,123.66015625,19
1776826821.5090482,0.0,0,0,98.2,123.6640625,19
1776826822.5035214,0.0,0,0,105.3,123.6640625,19
1776826826.8871846,0.0,0,0,98.2,123.6640625,19
1776826828.9342554,0.0,0,0,97.1,123.6640625,19
1776826832.2188325,0.0,0,0,96.3,123.6640625,19
1776826835.6428,0.0,0,0,127.1,123.66796875,19
1776826837.6906855,0.0,0,0,99.1,123.66796875,19
1776826842.6720002,0.0,0,0,93.2,123.66796875,19
1776826842.9325845,0.0,0,0,107.5,123.66796875,19
1776826848.3355968,0.0,0,0,93.1,123.66796875,19
1776826849.170655,0.0,0,0,100.6,123.66796875,19
1776826853.629053,0.0,0,0,92.4,123.67578125,19
1776826855.9473367,0.0,0,0,112.7,123.67578125,19
1776826859.057033,0.0,0,0,90.7,123.67578125,19
1776826862.2515597,0.0,0,0,103.5,123.67578125,19
1776826864.4205594,0.0,0,0,87.8,123.67578125,19
1776826868.2477558,0.0,0,0,95.9,123.67578125,19
1776826870.0137773,0.0,0,0,99.2,123.67578125,19
1776826874.950524,0.0,0,0,92.2,123.67578125,19
1776826874.8416657,0.0,0,0,105.2,123.67578125,19
1776826879.9500706,0.0,0,0,101.1,123.67578125,19
1776826881.6479735,0.0,0,0,139.3,123.67578125,19
1776826885.2031205,0.0,0,0,107.8,123.6796875,19
1776826888.333038,0.0,0,0,116.8,123.6796875,19
1776826890.324086,0.0,0,0,91.7,123.68359375,19
1776826894.8219533,0.0,0,0,100.3,123.68359375,19
1776826895.3923752,0.0,0,0,100.8,123.68359375,19
1776826900.5128858,0.0,0,0,92.4,123.80859375,19
1776826901.401617,0.0,0,0,101.3,123.80859375,19
1776826905.8366077,0.0,0,0,101.6,123.87109375,19
1776826908.0325267,0.0,0,0,106.9,123.87109375,19
1776826911.3411062,0.0,0,0,124.6,123.87109375,19
1776826914.4636326,0.0,0,0,106.4,123.87109375,19
1776826916.5365314,0.0,0,0,151.4,123.87109375,19
1776826920.989545,0.0,0,0,102.6,123.87109375,19
1776826921.8391244,0.0,0,0,96.9,123.87109375,19
1776826926.9334495,0.0,0,0,206.2,123.87109375,19
1776826927.6792247,0.0,0,0,88.2,123.87109375,19
1776826932.0179727,0.0,0,0,112.2,123.87109375,19
1776826934.6087902,0.0,0,0,101.1,123.87109375,19
1776826937.364207,0.0,0,0,94.0,123.87109375,19
1776826941.6750991,0.0,0,0,87.6,123.87109375,19
1776826942.6501582,0.0,0,0,102.1,123.87109375,19
1776826948.2351809,0.0,0,0,100.7,123.87109375,19
1776826948.0127783,0.0,0,0,89.0,123.87109375,19
1776826953.051384,0.0,0,0,94.4,123.87109375,19
1776826954.950569,0.0,0,0,106.1,123.87109375,19
1776826958.3185432,0.0,0,0,146.1,123.87109375,19
1776826961.3720284,0.0,0,0,97.6,123.87109375,19
1776826963.7156892,0.0,0,0,99.9,123.87109375,19
1776826968.3835328,0.0,0,0,97.0,123.87109375,19
1776826968.8530545,0.0,0,0,94.4,123.87109375,19
1776826974.104639,0.0,0,0,96.8,123.87109375,19
1776826974.7393112,0.0,0,0,91.0,123.87109375,19
1776826979.359179,0.0,0,0,102.1,123.87109375,19
1776826980.540651,0.0,0,0,98.9,123.87109375,19
1776826984.4466698,0.0,0,0,108.4,123.87109375,19
1776826987.591043,0.0,0,0,95.5,123.87109375,19
1776826989.7365432,0.0,0,0,98.2,123.87109375,19
1776826994.3160527,0.0,0,0,99.3,123.87109375,19
1776826995.4665868,0.0,0,0,96.2,123.87109375,19
1776827000.6575453,0.0,0,0,100.1,123.87109375,19
1776827000.7702444,0.0,0,0,98.1,123.87109375,19
1776827006.1305938,0.0,0,0,107.1,123.87109375,19
1776827007.455557,0.0,0,0,105.3,123.87109375,19
1776827011.2580137,0.0,0,0,101.2,123.87109375,19
1776827014.057695,0.0,0,0,136.3,123.87109375,19
1776827016.7466555,0.0,0,0,137.8,123.87109375,19
1776827020.882432,0.0,0,0,97.0,123.87109375,19
1776827022.0126355,0.0,0,0,100.7,123.87109375,19
1776827027.2055104,0.0,0,0,98.7,123.87109375,19
1776827026.987267,0.0,0,0,96.7,123.87109375,19
1776827032.5078735,0.0,0,0,104.1,123.87109375,19
1776827033.6817222,0.0,0,0,112.1,123.87109375,19
1776827038.0558753,0.0,0,0,94.3,123.87109375,19
1776827040.0417743,0.0,0,0,88.6,123.87109375,19
1776827043.36581,0.0,0,0,99.3,123.87109375,19
1776827046.792188,0.0,0,0,96.3,123.87109375,19
1776827048.5108829,0.0,0,0,91.5,123.87109375,19
1776827053.2489302,0.0,0,0,104.1,123.87109375,19
1776827053.7921515,0.0,0,0,130.8,123.87109375,19
1776827058.8824487,0.0,0,0,147.2,123.87109375,19
1776827060.1870437,0.0,0,0,108.6,123.87109375,19
1776827063.86565,0.0,0,0,145.8,123.87109375,19
1776827067.4569397,0.0,0,0,101.0,123.87109375,19
1776827069.110555,0.0,0,0,96.4,123.87109375,19
1776827073.9842248,0.0,0,0,123.8,123.87109375,19
1776827074.4910593,0.0,0,0,105.6,123.87109375,19
1776827079.9336386,0.0,0,0,91.8,123.87109375,19
1776827080.676527,0.0,0,0,99.1,123.87109375,19
1776827085.3276489,0.0,0,0,90.2,123.87109375,19
1776827087.4001713,0.0,0,0,105.2,123.87109375,19
1776827090.6446116,0.0,0,0,99.0,123.87109375,19
1776827093.9845514,0.0,0,0,91.6,123.87109375,19
1776827095.9357538,0.0,0,0,147.7,123.87109375,19
1776827100.967332,0.0,0,0,101.2,123.87109375,19
1776827101.43227,0.0,0,0,108.3,123.87109375,19
1776827106.4210956,0.0,0,0,107.1,123.87109375,19
1776827107.9835556,0.0,0,0,123.3,123.87109375,19
1776827111.485118,0.0,0,0,126.2,123.87109375,19
1776827114.41458,0.0,0,0,106.2,123.87109375,19
1776827116.5201561,0.0,0,0,145.5,123.87109375,19
1776827121.5285513,0.0,0,0,104.3,123.87109375,19
1776827122.2817187,0.0,0,0,101.1,123.87109375,19
1776827127.4800582,0.0,0,0,107.8,123.87109375,19
1776827128.1544995,0.0,0,0,103.4,123.87109375,19
1776827132.721655,0.0,0,0,105.1,123.87109375,19
1776827134.5008526,0.0,0,0,96.6,123.93359375,19
1776827138.1925533,0.0,0,0,98.7,123.93359375,19
1776827140.7970343,0.0,0,0,98.2,123.93359375,19
1776827143.1795673,0.0,0,0,102.0,123.93359375,19
1776827147.8070757,0.0,0,0,142.7,123.93359375,19
1776827148.628045,0.0,0,0,168.1,123.93359375,19
1776827153.9446034,0.0,0,0,122.1,123.93359375,19
1776827155.2366672,0.0,0,0,106.5,123.93359375,19
1776827159.2769363,0.0,0,0,96.4,123.93359375,19
1776827162.2238734,0.0,0,0,104.7,123.93359375,19
1776827164.5114095,0.0,0,0,95.3,123.93359375,19
1776827169.6075315,0.0,0,0,95.9,123.93359375,19
1776827169.796072,0.0,0,0,111.0,123.93359375,19
1776827174.8600433,0.0,0,0,107.2,123.93359375,19
1776827176.3615198,0.0,0,0,103.4,123.93359375,19
1776827180.6135447,0.0,0,0,123.0,123.93359375,19
1776827182.7914658,0.0,0,0,100.9,123.93359375,19
1776827185.965141,0.0,0,0,107.9,123.93359375,19
1776827189.226132,0.0,0,0,103.2,123.93359375,19
1776827191.0176764,0.0,0,0,107.4,123.93359375,19
1776827196.042225,0.0,0,0,98.7,123.93359375,19
1776827196.2409766,0.0,0,0,100.5,123.93359375,19
1776827201.6110907,0.0,0,0,132.1,123.93359375,19
1776827202.3885558,0.0,0,0,104.1,123.93359375,19
1776827206.726041,0.0,0,0,104.5,123.93359375,19
1776827209.171593,0.0,0,0,89.6,123.93359375,19
1776827212.3465703,0.0,0,0,105.3,123.93359375,19
1776827215.4676082,0.0,0,0,101.8,123.93359375,19
1776827217.2326152,0.0,0,0,100.0,123.93359375,19
1776827221.748104,0.0,0,0,98.9,123.93359375,19
1776827222.6721842,0.0,0,0,99.7,123.93359375,19
1776827227.740301,0.0,0,0,109.4,123.93359375,19
1776827228.9420655,0.0,0,0,104.6,123.93359375,19
1776827232.6495552,0.0,0,0,92.8,123.93359375,19
1776827235.6646452,0.0,0,0,100.0,123.93359375,19
1776827237.8925724,0.0,0,0,98.2,123.93359375,19
1776827242.4006033,0.0,0,0,104.8,123.93359375,19
1776827243.23965,0.0,0,0,108.4,123.93359375,19
1776827248.3280807,0.0,0,0,108.4,123.93359375,19
1776827250.7045486,0.0,0,0,95.1,123.93359375,19
1776827253.8780615,0.0,0,0,166.4,123.93359375,19
1776827257.2919004,0.0,0,0,95.1,123.93359375,19
1776827258.9120486,0.0,0,0,102.0,123.93359375,19
1776827264.134034,0.0,0,0,93.5,123.93359375,19
1776827264.5111468,0.0,0,0,105.2,123.93359375,19
1776827269.6128554,0.0,0,0,96.5,123.93359375,19
1776827271.443601,0.0,0,0,158.5,123.93359375,19
1776827274.541196,0.0,0,0,143.8,123.93359375,19
1776827278.181533,0.0,0,0,115.7,123.93359375,19
1776827279.9085207,0.0,0,0,119.6,123.93359375,19
1776827284.8974435,0.0,0,0,104.7,123.93359375,19
1776827285.201371,0.0,0,0,106.8,123.93359375,19
1776827290.6520975,0.0,0,0,127.1,123.93359375,19
1776827291.3111155,0.0,0,0,96.2,123.93359375,19
1776827295.8506663,0.0,0,0,93.5,123.93359375,19
1776827296.98149,0.0,0,0,107.2,123.93359375,19
1776827300.8756955,0.0,0,0,97.6,123.93359375,19
1776827303.6260517,0.0,0,0,110.2,123.93359375,19
1776827306.5049722,0.0,0,0,95.9,123.93359375,19
1776827310.094608,0.0,0,0,95.1,123.93359375,19
1776827311.4976037,0.0,0,0,104.5,123.93359375,19
1776827316.507583,0.0,0,0,128.0,123.93359375,19
1776827316.6217608,0.0,0,0,99.0,123.93359375,19
1776827321.7029858,0.0,0,0,91.7,123.93359375,19
1776827323.1580932,0.0,0,0,93.4,123.93359375,19
1776827327.289557,0.0,0,0,108.2,123.93359375,19
1776827329.9280498,0.0,0,0,99.5,123.93359375,19
1776827332.7870483,0.0,0,0,101.8,123.93359375,19
1776827337.0831308,0.0,0,0,102.8,123.93359375,19
1776827338.0961401,0.0,0,0,102.1,123.93359375,19
1776827343.4959228,0.0,0,0,92.5,123.93359375,19
1776827344.037551,0.0,0,0,103.6,123.93359375,19
1776827349.2519345,0.0,0,0,104.7,123.93359375,19
1776827350.5212169,0.0,0,0,98.9,123.93359375,19
1776827354.674029,0.0,0,0,101.3,123.93359375,19
1776827357.496612,0.0,0,0,101.4,123.93359375,19
1776827359.6516275,0.0,0,0,88.2,123.93359375,19
1776827364.4115038,0.0,0,0,99.1,123.93359375,19
1776827364.7995763,0.0,0,0,100.4,123.93359375,19
1776827370.3775547,0.0,0,0,105.6,123.93359375,19
1776827371.5501733,0.0,0,0,104.4,123.93359375,19
1776827375.744291,0.0,0,0,112.9,123.93359375,19
1776827378.7795253,0.0,0,0,136.0,123.93359375,19
1776827381.0690622,0.0,0,0,112.8,123.93359375,19
1776827385.3982356,0.0,0,0,101.5,123.93359375,19
1776827386.1733286,0.0,0,0,104.7,123.93359375,19
1776827391.3595548,0.0,0,0,103.4,123.93359375,19
1776827391.6264648,0.0,0,0,103.1,123.93359375,19
1776827396.494156,0.0,0,0,96.3,123.93359375,19
1776827397.9190161,0.0,0,0,131.5,123.93359375,19
1776827401.5916295,0.0,0,0,103.3,123.93359375,19
1776827405.0304785,0.0,0,0,106.7,123.93359375,19
1776827406.7806416,0.0,0,0,90.1,123.93359375,19
1776827411.675601,0.0,0,0,107.6,123.93359375,19
1776827411.6764789,0.0,0,0,104.6,123.93359375,19
1776827416.890218,0.0,0,0,100.9,123.93359375,19
1776827418.1425874,0.0,0,0,101.6,123.93359375,19
1776827422.0897791,0.0,0,0,104.5,123.93359375,19
1776827425.6480622,0.0,0,0,118.4,123.93359375,19
1776827427.4160712,0.0,0,0,95.2,123.93359375,19
1776827432.0265403,0.0,0,0,120.6,123.93359375,19
1776827432.8121,0.0,0,0,144.5,123.93359375,19
1776827438.2675464,0.0,0,0,105.3,123.93359375,19
1776827438.3400357,0.0,0,0,92.1,123.93359375,19
1776827443.8455396,0.0,0,0,110.6,123.93359375,19
1776827444.5731986,0.0,0,0,87.9,123.93359375,19
1776827449.3375988,0.0,0,0,98.5,123.93359375,19
1776827450.800614,0.0,0,0,154.6,123.93359375,19
1776827455.068034,0.0,0,0,99.9,123.93359375,19
1776827457.2123055,0.0,0,0,89.4,123.93359375,19
1776827460.1011555,0.0,0,0,89.9,123.93359375,19
1776827463.7056851,0.0,0,0,102.8,123.93359375,19
1776827465.2118359,0.0,0,0,93.1,123.93359375,19
1776827469.796041,0.0,0,0,105.3,123.93359375,19
1776827470.7981248,0.0,0,0,101.3,123.93359375,19
1776827476.191547,0.0,0,0,89.7,123.93359375,19
1776827476.5880857,0.0,0,0,116.9,123.93359375,19
1776827481.5825481,0.0,0,0,93.3,123.93359375,19
1776827483.3362517,0.0,0,0,98.2,123.93359375,19
1776827486.8601491,0.0,0,0,98.1,123.93359375,19
1776827489.9455376,0.0,0,0,107.2,123.93359375,19
1776827492.135071,0.0,0,0,101.0,123.93359375,19
1776827496.2871988,0.0,0,0,93.4,123.93359375,19
1776827497.5896225,0.0,0,0,100.7,123.93359375,19
1776827503.0860841,0.0,0,0,87.0,123.93359375,19
1776827503.0939023,0.0,0,0,102.9,123.93359375,19
1776827508.5170662,0.0,0,0,108.6,123.93359375,19
1776827509.7791183,0.0,0,0,96.2,123.93359375,19
1776827513.642571,0.0,0,0,92.6,123.93359375,19
1776827516.3377502,0.0,0,0,97.3,123.93359375,19
1776827519.1495676,0.0,0,0,96.2,123.93359375,19
1776827522.8535442,0.0,0,0,108.7,123.93359375,19
1776827524.422085,0.0,0,0,90.1,123.93359375,19
1776827529.5931113,0.0,0,0,101.9,123.93359375,19
1776827529.7389004,0.0,0,0,96.8,123.93359375,19
1776827535.1556928,0.0,0,0,104.5,123.93359375,19
1776827536.202139,0.0,0,0,94.3,123.93359375,19
1776827540.2506034,0.0,0,0,99.7,123.93359375,19
1776827542.6560123,0.0,0,0,102.8,123.93359375,19
1776827545.7295084,0.0,0,0,96.5,123.93359375,19
1776827549.6614094,0.0,0,0,102.3,123.93359375,19
1776827550.6930373,0.0,0,0,101.3,123.93359375,19
1776827555.7405636,0.0,0,0,104.9,123.93359375,19
1776827556.3384845,0.0,0,0,89.4,123.93359375,19
1776827561.1741695,0.0,0,0,95.6,123.93359375,19
1776827563.080084,0.0,0,0,96.3,123.93359375,19
1776827566.598954,0.0,0,0,106.4,123.93359375,19
1776827569.6945314,0.0,0,0,100.1,123.93359375,19
1776827571.9605312,0.0,0,0,100.6,123.93359375,19
1776827576.2006123,0.0,0,0,104.9,123.93359375,19
1776827577.4631722,0.0,0,0,101.0,123.93359375,19
1776827582.8750257,0.0,0,0,127.5,123.93359375,19
1776827583.2980866,0.0,0,0,159.4,123.93359375,19
1776827588.1253173,0.0,0,0,94.2,123.93359375,19
1776827589.9775949,0.0,0,0,91.1,123.93359375,19
1776827593.13704,0.0,0,0,94.2,123.93359375,19
1776827596.3671687,0.0,0,0,95.5,123.93359375,19
1776827598.5755727,0.0,0,0,91.4,123.93359375,19
1776827603.2381587,0.0,0,0,107.3,123.93359375,19
1776827604.412556,0.0,0,0,101.4,123.93359375,19
1776827609.5214834,0.0,0,0,89.4,123.93359375,19
1776827610.0095787,0.0,0,0,89.1,123.93359375,19
1776827615.0387344,0.0,0,0,87.2,123.93359375,19
1776827617.0706108,0.0,0,0,101.5,123.93359375,19
1776827620.5066607,0.0,0,0,118.0,123.93359375,19
1776827623.6681614,0.0,0,0,91.0,123.93359375,19
1776827626.0365613,0.0,0,0,108.8,123.93359375,19
1776827630.224538,0.0,0,0,102.3,123.93359375,19
1776827631.5615437,0.0,0,0,109.0,123.93359375,19
1776827636.7173765,0.0,0,0,106.2,123.93359375,19
1776827637.054581,0.0,0,0,98.4,123.93359375,19
1776827642.0265622,0.0,0,0,102.2,123.93359375,19
1776827643.312012,0.0,0,0,102.4,123.93359375,19
1776827647.2201536,0.0,0,0,98.0,123.93359375,19
1776827649.876558,0.0,0,0,102.8,123.93359375,19
1776827652.510614,0.0,0,0,101.0,123.93359375,19
1776827656.890072,0.0,0,0,91.6,123.93359375,19
1776827657.724246,0.0,0,0,139.3,123.93359375,19
1776827662.8615618,0.0,0,0,99.5,123.93359375,19
1776827663.351728,0.0,0,0,207.0,123.93359375,19
1776827667.9954355,0.0,0,0,100.9,123.93359375,19
1776827669.5376444,0.0,0,0,97.2,123.93359375,19
1776827673.2545984,0.0,0,0,102.3,123.93359375,19
1776827676.6050472,0.0,0,0,101.7,123.93359375,19
1776827678.2906148,0.0,0,0,122.3,123.93359375,19
1776827683.4700794,0.0,0,0,95.5,123.93359375,19
1776827683.6820726,0.0,0,0,103.6,123.93359375,19
1776827688.8436003,0.0,0,0,103.7,123.93359375,19
1776827690.0636244,0.0,0,0,95.6,123.93359375,19
1776827694.3507886,0.0,0,0,102.8,123.93359375,19
1776827696.7457852,0.0,0,0,92.3,123.93359375,19
1776827699.380542,0.0,0,0,94.1,123.93359375,19
1776827703.309297,0.0,0,0,100.2,123.93359375,19
1776827704.3760645,0.0,0,0,112.8,123.93359375,19
1776827709.536101,0.0,0,0,92.0,123.93359375,19
1776827710.0920517,0.0,0,0,101.3,123.93359375,19
1776827714.9384673,0.0,0,0,109.3,123.93359375,19
1776827717.3536136,0.0,0,0,103.1,123.93359375,19
1776827720.188734,0.0,0,0,101.5,123.93359375,19
1776827724.014901,0.0,0,0,93.8,123.93359375,19
1776827725.6440167,0.0,0,0,88.0,123.93359375,19
1776827730.6887195,0.0,0,0,100.7,123.93359375,19
1776827730.703082,0.0,0,0,98.0,123.93359375,19
1776827735.6606646,0.0,0,0,102.7,123.93359375,19
1776827737.2611108,0.0,0,0,91.1,123.93359375,19
1776827740.7986264,0.0,0,0,148.8,123.93359375,19
1776827744.0790603,0.0,0,0,107.7,123.93359375,19
1776827745.988565,0.0,0,0,103.3,123.93359375,19
1776827750.5762362,0.0,0,0,126.0,123.93359375,19
1776827750.971769,0.0,0,0,94.8,123.93359375,19
1776827756.1110744,0.0,0,0,103.3,123.93359375,19
1776827758.0401497,0.0,0,0,105.5,123.93359375,19
1776827761.5569634,0.0,0,0,89.7,123.93359375,19
1776827764.7807875,0.0,0,0,92.9,123.93359375,19
1776827766.5556357,0.0,0,0,99.8,123.93359375,19
1776827771.1882432,0.0,0,0,106.6,123.93359375,19
1776827771.7276099,0.0,0,0,154.7,123.93359375,19
1776827776.9947047,0.0,0,0,119.0,123.93359375,19
1776827778.0210657,0.0,0,0,106.3,123.93359375,19
1776827782.065053,0.0,0,0,116.1,123.93359375,19
1776827784.4715347,0.0,0,0,146.7,123.93359375,19
1776827787.4535525,0.0,0,0,96.4,123.93359375,19
1776827790.5970213,0.0,0,0,99.9,123.93359375,19
1776827792.8608594,0.0,0,0,100.4,123.93359375,19
1776827797.563586,0.0,0,0,98.3,123.93359375,19
1776827797.879495,0.0,0,0,105.2,123.93359375,19
1776827803.4573886,0.0,0,0,96.8,123.93359375,19
1776827803.657017,0.0,0,0,141.7,123.93359375,19
1776827808.8840537,0.0,0,0,100.6,123.93359375,19
1776827810.5843146,0.0,0,0,99.9,123.93359375,19
1776827813.6262977,0.0,0,0,90.6,123.93359375,19
1776827817.2256055,0.0,0,0,106.3,123.93359375,19
1776827818.887167,0.0,0,0,103.9,123.93359375,19
1776827823.6157227,0.0,0,0,99.1,123.93359375,19
1776827824.1545234,0.0,0,0,248.5,123.93359375,19
1776827829.3415117,0.0,0,0,94.3,123.93359375,19
1776827830.0865908,0.0,0,0,103.9,123.93359375,19
1776827834.5510335,0.0,0,0,88.4,123.93359375,19
1776827836.680131,0.0,0,0,101.2,123.93359375,19
1776827840.0007653,0.0,0,0,103.3,123.93359375,19
1776827843.4113243,0.0,0,0,119.9,123.93359375,19
1776827845.215656,0.0,0,0,103.7,123.93359375,19
1776827849.525276,0.0,0,0,98.1,123.93359375,19
1776827850.5810761,0.0,0,0,87.2,123.93359375,19
1776827855.9534276,0.0,0,0,99.2,123.93359375,19
1776827856.7675667,0.0,0,0,100.4,123.93359375,19
1776827861.1995816,0.0,0,0,99.1,123.93359375,19
1776827863.149065,0.0,0,0,103.0,123.93359375,19
1776827866.2807126,0.0,0,0,92.2,123.93359375,19
1776827869.9680488,0.0,0,0,97.6,123.93359375,19
1776827871.6819453,0.0,0,0,96.8,123.93359375,19
1776827876.7110505,0.0,0,0,102.9,123.93359375,19
1776827876.8430772,0.0,0,0,99.2,123.93359375,19
1776827882.03496,0.0,0,0,90.7,123.93359375,19
1776827882.9180024,0.0,0,0,126.2,123.93359375,19
1776827887.1790607,0.0,0,0,102.1,123.93359375,19
1776827889.5953698,0.0,0,0,102.7,123.93359375,19
1776827892.4521763,0.0,0,0,101.6,123.93359375,19
1776827896.1941514,0.0,0,0,104.6,123.93359375,19
1776827898.1675615,0.0,0,0,103.4,123.93359375,19
1776827902.5829213,0.0,0,0,123.1,123.93359375,19
1776827903.2351222,0.0,0,0,116.9,123.93359375,19
1776827908.6496449,0.0,0,0,99.2,123.93359375,19
1776827909.1516073,0.0,0,0,108.0,123.93359375,19
1776827913.7976239,0.0,0,0,105.0,123.93359375,19
1776827914.8969681,0.0,0,0,101.9,123.93359375,19
1776827919.049543,0.0,0,0,100.1,123.93359375,19
1776827921.5320659,0.0,0,0,103.5,123.93359375,19
1776827924.1776183,0.0,0,0,100.6,123.93359375,19
1776827927.8113332,0.0,0,0,97.3,123.93359375,19
1776827929.222112,0.0,0,0,100.5,123.93359375,19
1776827934.2395694,0.0,0,0,90.8,123.93359375,19
1776827934.6588025,0.0,0,0,102.9,123.93359375,19
1776827939.7380745,0.0,0,0,99.8,123.93359375,19
1776827941.000595,0.0,0,0,101.6,123.93359375,19
1776827944.900237,0.0,0,0,92.5,123.93359375,19
1776827947.501584,0.0,0,0,100.4,123.93359375,19
1776827950.123011,0.0,0,0,91.4,123.93359375,19
1776827953.871527,0.0,0,0,154.3,123.93359375,19
1776827955.4420803,0.0,0,0,107.7,123.93359375,19
1776827960.4235418,0.0,0,0,101.3,123.93359375,19
1776827960.7195654,0.0,0,0,103.7,123.93359375,19
1776827965.915232,0.0,0,0,98.9,123.93359375,19
1776827967.2620788,0.0,0,0,104.0,123.93359375,19
1776827971.3922043,0.0,0,0,131.6,123.93359375,19
1776827973.502252,0.0,0,0,101.5,123.93359375,19
1776827976.6177034,0.0,0,0,105.9,123.93359375,19
1776827979.9425547,0.0,0,0,96.3,123.93359375,19
1776827981.658564,0.0,0,0,87.3,123.93359375,19
1776827986.1326935,0.0,0,0,109.5,123.93359375,19
1776827987.0500176,0.0,0,0,109.0,123.93359375,19
1776827992.1385238,0.0,0,0,98.9,123.93359375,19
1776827992.7297125,0.0,0,0,101.3,123.93359375,19
1776827997.387082,0.0,0,0,105.0,123.93359375,19
1776827999.474579,0.0,0,0,100.6,123.93359375,19
1776828002.6738229,0.0,0,0,97.8,123.93359375,19
1776828006.1613107,0.0,0,0,97.7,123.93359375,19
1776828008.1085665,0.0,0,0,94.2,123.93359375,19
1776828012.7623627,0.0,0,0,99.6,123.93359375,19
1776828013.381548,0.0,0,0,104.2,123.93359375,19
1776828018.6461685,0.0,0,0,101.3,123.93359375,19
1776828019.3216062,0.0,0,0,98.8,123.93359375,19
1776828023.7135267,0.0,0,0,97.4,123.93359375,19
1776828026.110149,0.0,0,0,101.7,123.93359375,19
1776828028.9441357,0.0,0,0,100.4,123.93359375,19
1776828032.4315846,0.0,0,0,92.8,123.93359375,19
1776828034.3762677,0.0,0,0,96.0,123.93359375,19
1776828038.806528,0.0,0,0,100.5,123.93359375,19
1776828040.005608,0.0,0,0,88.2,123.93359375,19
1776828045.2345605,0.0,0,0,104.9,123.93359375,19
1776828045.6962063,0.0,0,0,98.6,123.93359375,19
1776828051.1900377,0.0,0,0,91.7,123.93359375,19
1776828051.751159,0.0,0,0,98.0,123.93359375,19
1776828056.6861033,0.0,0,0,96.9,123.93359375,19
1776828057.7696016,0.0,0,0,97.7,123.93359375,19
1776828061.8282518,0.0,0,0,133.7,123.93359375,19
1776828064.311898,0.0,0,0,102.6,123.93359375,19
1776828067.080065,0.0,0,0,126.9,123.93359375,19
1776828071.09728,0.0,0,0,105.7,123.93359375,19
1776828072.6736495,0.0,0,0,121.3,123.93359375,19
1776828077.9940317,0.0,0,0,105.1,123.93359375,19
1776828078.2495978,0.0,0,0,105.7,123.93359375,19
1776828083.3100417,0.0,0,0,103.3,123.93359375,19
1776828084.5027878,0.0,0,0,140.2,123.93359375,19
1776828088.7326996,0.0,0,0,97.0,123.93359375,19
1776828091.2912557,0.0,0,0,103.6,123.93359375,19
1776828094.126534,0.0,0,0,91.9,123.93359375,19
1776828097.597602,0.0,0,0,91.6,123.93359375,19
1776828099.072202,0.0,0,0,109.1,123.93359375,19
1776828104.0197663,0.0,0,0,99.1,123.93359375,19
1776828104.186493,0.0,0,0,117.9,123.93359375,19
1776828109.338052,0.0,0,0,99.9,123.93359375,19
1776828110.3070252,0.0,0,0,103.8,123.93359375,19
1776828114.7690513,0.0,0,0,95.8,123.93359375,19
1776828116.9321203,0.0,0,0,104.6,123.93359375,19
1776828120.0819473,0.0,0,0,138.8,123.93359375,19
1776828123.534535,0.0,0,0,101.9,123.93359375,19
1776828125.6261709,0.0,0,0,91.0,123.93359375,19
1776828130.3227484,0.0,0,0,99.6,123.93359375,19
1776828131.1001825,0.0,0,0,123.7,123.93359375,19
1776828136.2901187,0.0,0,0,104.6,123.93359375,19
1776828136.2310462,0.0,0,0,98.2,123.93359375,19
1776828141.633216,0.0,0,0,104.6,123.93359375,19
1776828142.8185656,0.0,0,0,102.4,123.93359375,19
1776828146.7494857,0.0,0,0,134.7,123.93359375,19
1776828149.9350982,0.0,0,0,102.8,123.93359375,19
1776828151.9248488,0.0,0,0,91.0,123.93359375,19
1776828156.9569252,0.0,0,0,106.8,123.93359375,19
1776828157.8287034,0.0,0,0,103.2,123.93359375,19
1776828162.4839451,0.0,0,0,117.5,123.93359375,19
1776828164.5961158,0.0,0,0,100.2,123.93359375,19
1776828167.6990552,0.0,0,0,102.4,123.93359375,19
1776828171.5495696,0.0,0,0,105.9,123.93359375,19
1776828173.0175407,0.0,0,0,108.2,123.93359375,19
1776828178.252807,0.0,0,0,95.5,123.93359375,19
1776828178.451065,0.0,0,0,102.5,123.93359375,19
1776828183.5031614,0.0,0,0,88.8,123.93359375,19
1776828184.5243225,0.0,0,0,99.4,123.93359375,19
1776828188.9038315,0.0,0,0,96.7,123.93359375,19
1776828190.9150937,0.0,0,0,97.6,123.93359375,19
1776828194.1386075,0.0,0,0,91.9,123.93359375,19
1776828197.6684258,0.0,0,0,96.0,123.93359375,19
1776828199.754055,0.0,0,0,102.2,123.93359375,19
1776828203.9844809,0.0,0,0,109.8,123.93359375,19
1776828205.0901093,0.0,0,0,104.5,123.93359375,19
1776828210.1525257,0.0,0,0,95.6,123.93359375,19
1776828210.4482157,0.0,0,0,112.2,123.93359375,19
1776828215.9835234,0.0,0,0,94.8,123.93359375,19
1776828217.2671268,0.0,0,0,111.6,123.93359375,19
1776828221.3151412,0.0,0,0,102.0,123.93359375,19
1776828223.880043,0.0,0,0,96.5,123.93359375,19
1776828226.7386093,0.0,0,0,92.7,123.93359375,19
1776828230.447537,0.0,0,0,106.9,123.93359375,19
1776828231.9455621,0.0,0,0,98.6,123.93359375,19
1776828236.826059,0.0,0,0,91.5,123.93359375,19
1776828237.231562,0.0,0,0,103.3,123.93359375,19
1776828242.350578,0.0,0,0,103.5,123.93359375,19
1776828243.3775208,0.0,0,0,109.8,123.93359375,19
1776828247.7106528,0.0,0,0,99.0,123.93359375,19
1776828249.8349757,0.0,0,0,94.0,123.93359375,19
1776828253.1791058,0.0,0,0,91.5,123.93359375,19
1776828256.2896173,0.0,0,0,93.6,123.93359375,19
1776828258.7939012,0.0,0,0,91.5,123.93359375,19
1776828262.8377316,0.0,0,0,118.8,123.93359375,19
1776828263.9081087,0.0,0,0,114.0,123.93359375,19
1776828269.139327,0.0,0,0,89.1,123.93359375,19
1776828269.5246813,0.0,0,0,97.7,123.93359375,19
1776828274.3015172,0.0,0,0,96.6,123.93359375,19
1776828276.4216,0.0,0,0,96.7,123.93359375,19
1776828279.4440477,0.0,0,0,96.4,123.93359375,19
1776828282.3825896,0.0,0,0,103.7,123.93359375,19
1776828284.7140791,0.0,0,0,103.4,123.93359375,19
1776828288.804244,0.0,0,0,111.1,123.93359375,19
1776828289.8461742,0.0,0,0,100.1,123.93359375,19
1776828294.9680898,0.0,0,0,106.0,123.93359375,19
1776828296.1083863,0.0,0,0,94.6,123.93359375,19
1776828300.4375758,0.0,0,0,149.6,123.93359375,19
1776828302.4585652,0.0,0,0,116.5,123.93359375,19
1776828305.7711413,0.0,0,0,149.5,123.93359375,19
1776828309.0390506,0.0,0,0,144.8,123.93359375,19
1776828310.880064,0.0,0,0,105.7,123.93359375,19
1776828315.5195355,0.0,0,0,118.1,123.93359375,19
1776828316.2010078,0.0,0,0,99.3,123.93359375,19
1776828321.468405,0.0,0,0,97.5,123.93359375,19
1776828322.1800888,0.0,0,0,106.5,123.93359375,19
1776828326.4415348,0.0,0,0,103.8,123.93359375,19
1776828328.1066074,0.0,0,0,107.9,123.93359375,19
1776828331.8973448,0.0,0,0,136.1,123.93359375,19
1776828334.8526552,0.0,0,0,94.2,123.93359375,19
1776828337.4195597,0.0,0,0,158.1,123.93359375,19
1776828341.7216702,0.0,0,0,104.4,123.93359375,19
1776828342.7230458,0.0,0,0,101.1,123.93359375,19
1776828348.2210755,0.0,0,0,98.0,123.93359375,19
1776828348.1160746,0.0,0,0,105.5,123.93359375,19
1776828353.5956528,0.0,0,0,95.2,123.93359375,19
1776828354.7026427,0.0,0,0,106.8,123.93359375,19
1776828359.1170752,0.0,0,0,103.3,123.93359375,19
1776828361.8148,0.0,0,0,106.0,123.93359375,19
1776828364.253588,0.0,0,0,96.3,123.93359375,19
1776828368.4215949,0.0,0,0,101.5,123.93359375,19
1776828369.4696414,0.0,0,0,99.1,123.93359375,19
1776828374.9680715,0.0,0,0,89.5,123.93359375,19
1776828375.1355512,0.0,0,0,101.7,123.93359375,19
1776828380.239521,0.0,0,0,97.9,123.93359375,19
1776828381.906861,0.0,0,0,109.8,123.93359375,19
1776828385.3486612,0.0,0,0,101.0,123.93359375,19
1776828388.855422,0.0,0,0,104.7,123.93359375,19
1776828390.4625742,0.0,0,0,107.9,123.93359375,19
1776828395.3956811,0.0,0,0,97.4,123.93359375,19
1776828395.7872388,0.0,0,0,96.5,123.93359375,19
1776828401.024554,0.0,0,0,99.5,123.93359375,19
1776828402.2196414,0.0,0,0,89.1,123.93359375,19
1776828406.1092553,0.0,0,0,106.9,123.93359375,19
1776828409.1090767,0.0,0,0,101.5,123.93359375,19
1776828411.111628,0.0,0,0,103.2,123.93359375,19
1776828415.7491248,0.0,0,0,88.8,123.93359375,19
1776828416.261113,0.0,0,0,101.6,123.93359375,19
1776828421.5137186,0.0,0,0,96.6,123.93359375,19
1776828422.1996818,0.0,0,0,103.4,123.93359375,19
1776828426.6766057,0.0,0,0,129.3,123.93359375,19
1776828428.6210682,0.0,0,0,105.1,123.93359375,19
1776828431.8237994,0.0,0,0,100.2,123.93359375,19
1776828434.9085565,0.0,0,0,147.5,123.93359375,19
1776828437.1085343,0.0,0,0,104.9,123.93359375,19
1776828441.4161801,0.0,0,0,102.8,123.93359375,19
1776828442.7536802,0.0,0,0,109.4,123.93359375,19
1776828448.067332,0.0,0,0,101.9,123.93359375,19
1776828448.6679587,0.0,0,0,88.0,123.93359375,19
1776828453.5165842,0.0,0,0,103.1,123.93359375,19
1776828454.6508148,0.0,0,0,102.8,123.93359375,19
1776828458.643058,0.0,0,0,98.1,123.93359375,19
1776828461.6206896,0.0,0,0,103.2,123.93359375,19
1776828463.9501,0.0,0,0,93.4,123.93359375,19
1776828468.108569,0.0,0,0,95.9,123.93359375,19
1776828469.3420827,0.0,0,0,91.9,123.93359375,19
1776828474.4056733,0.0,0,0,152.0,123.93359375,19
1776828474.6808486,0.0,0,0,104.2,123.93359375,19
1776828479.8681407,0.0,0,0,97.4,123.93359375,19
1776828481.5334363,0.0,0,0,103.2,123.93359375,19
1776828484.8790784,0.0,0,0,103.8,123.93359375,19
1776828488.6336355,0.0,0,0,109.9,123.93359375,19
1776828490.2180088,0.0,0,0,104.6,123.93359375,19
1776828495.0270774,0.0,0,0,109.1,123.93359375,19
1776828495.1781387,0.0,0,0,103.6,123.93359375,19
1776828500.5905824,0.0,0,0,108.2,123.93359375,19
1776828502.6106536,0.0,0,0,102.7,123.93359375,19
1776828505.6665652,0.0,0,0,103.6,123.93359375,19
1776828509.0012257,0.0,0,0,98.4,123.93359375,19
1776828510.804664,0.0,0,0,99.8,123.93359375,19
1776828515.1715827,0.0,0,0,104.1,123.93359375,19
1776828515.9245949,0.0,0,0,102.4,123.93359375,19
1776828520.95663,0.0,0,0,103.7,123.93359375,19
1776828521.8355947,0.0,0,0,96.7,123.93359375,19
1776828526.1025946,0.0,0,0,89.8,123.93359375,19
1776828528.2111223,0.0,0,0,99.1,123.93359375,19
1776828531.6115756,0.0,0,0,81.4,123.93359375,19
1776828535.3945038,0.0,0,0,102.1,123.93359375,19
1776828537.062628,0.0,0,0,102.0,123.93359375,19
1776828541.5856378,0.0,0,0,102.3,123.93359375,19
1776828542.1945953,0.0,0,0,101.7,123.93359375,19
1776828547.5071702,0.0,0,0,99.8,123.93359375,19
1776828548.967072,0.0,0,0,112.2,123.93359375,19
1776828552.8316054,0.0,0,0,89.7,123.93359375,19
1776828555.6015058,0.0,0,0,99.4,123.93359375,19
1776828557.93719,0.0,0,0,96.8,123.93359375,19
1776828562.0780776,0.0,0,0,101.6,123.93359375,19
1776828563.0334227,0.0,0,0,104.1,123.93359375,19
1776828568.352822,0.0,0,0,128.5,123.93359375,19
1776828569.1351936,0.0,0,0,93.2,123.93359375,19
1776828573.8110003,0.0,0,0,98.5,123.93359375,19
1776828575.8230407,0.0,0,0,107.1,123.93359375,19
1776828579.5155253,0.0,0,0,102.1,123.93359375,19
1776828582.1658585,0.0,0,0,105.5,123.93359375,19
1776828584.6771274,0.0,0,0,107.7,123.93359375,19
1776828588.6550648,0.0,0,0,99.5,123.93359375,19
1776828589.800076,0.0,0,0,100.8,123.93359375,19
1776828595.367059,0.0,0,0,103.9,123.93359375,19
1776828595.3166733,0.0,0,0,94.4,123.93359375,19
1776828600.4671059,0.0,0,0,119.4,123.93359375,19
1776828602.2915337,0.0,0,0,91.8,123.93359375,19
1776828605.7585547,0.0,0,0,90.1,123.93359375,19
1776828608.720657,0.0,0,0,97.0,123.93359375,19
1776828611.2805161,0.0,0,0,112.1,123.93359375,19
1776828615.7938082,0.0,0,0,152.0,123.93359375,19
1776828616.6926258,0.0,0,0,91.4,123.93359375,19
1776828622.0636384,0.0,0,0,99.7,123.93359375,19
1776828622.3357775,0.0,0,0,104.3,123.93359375,19
1776828627.1201308,0.0,0,0,107.8,123.93359375,19
1776828628.3560405,0.0,0,0,114.9,123.93359375,19
1776828632.7145786,0.0,0,0,100.9,123.93359375,19
1776828634.7262156,0.0,0,0,95.9,123.93359375,19
1776828637.7475712,0.0,0,0,103.3,123.93359375,19
1776828640.9815853,0.0,0,0,101.8,123.93359375,19
1776828643.2703354,0.0,0,0,104.9,123.93359375,19
1776828647.1765835,0.0,0,0,93.3,123.93359375,19
1776828648.3243768,0.0,0,0,102.9,123.93359375,19
1776828653.4292321,0.0,0,0,90.8,123.93359375,19
1776828653.7524745,0.0,0,0,92.8,123.93359375,19
1776828658.7106085,0.0,0,0,105.9,123.93359375,19
1776828660.7232785,0.0,0,0,89.6,123.93359375,19
1776828664.2960567,0.0,0,0,102.3,123.93359375,19
1776828667.2235875,0.0,0,0,107.1,123.93359375,19
1776828669.601193,0.0,0,0,97.0,123.93359375,19
1776828674.0031526,0.0,0,0,99.9,123.93359375,19
1776828675.0800257,0.0,0,0,87.7,123.93359375,19
1776828680.4455621,0.0,0,0,99.9,123.93359375,19
1776828680.6875489,0.0,0,0,96.9,123.93359375,19
1776828685.8653502,0.0,0,0,132.6,123.93359375,19
1776828687.4683142,0.0,0,0,103.8,123.93359375,19
1776828691.0086687,0.0,0,0,93.3,123.93359375,19
1776828694.0935984,0.0,0,0,103.8,123.93359375,19
1776828696.234549,0.0,0,0,98.6,123.93359375,19
1776828700.6685894,0.0,0,0,127.3,123.93359375,19
1776828701.5196044,0.0,0,0,108.8,123.93359375,19
1776828706.7345803,0.0,0,0,109.1,123.93359375,19
1776828707.4372313,0.0,0,0,95.2,123.93359375,19
1776828712.3024225,0.0,0,0,100.7,123.93359375,19
1776828714.1189845,0.0,0,0,99.6,123.93359375,19
1776828717.803097,0.0,0,0,108.2,123.93359375,19
1776828720.722607,0.0,0,0,102.8,123.93359375,19
1776828723.0716622,0.0,0,0,104.2,123.93359375,19
1776828727.5765274,0.0,0,0,96.3,123.93359375,19
1776828728.3295004,0.0,0,0,101.5,123.93359375,19
1776828733.4216752,0.0,0,0,104.9,123.93359375,19
1776828734.1421216,0.0,0,0,115.8,123.93359375,19
1776828738.9080384,0.0,0,0,102.7,123.93359375,19
1776828740.046623,0.0,0,0,105.6,123.93359375,19
1776828744.336136,0.0,0,0,104.5,123.93359375,19
1776828746.6505497,0.0,0,0,99.6,123.93359375,19
1776828749.3441267,0.0,0,0,105.1,123.93359375,19
1776828752.9827194,0.0,0,0,108.1,123.93359375,19
1776828754.6693087,0.0,0,0,92.5,123.93359375,19
1776828759.8595405,0.0,0,0,100.6,123.93359375,19
1776828760.3286493,0.0,0,0,96.0,123.93359375,19
1776828765.6805315,0.0,0,0,100.9,123.93359375,19
1776828766.7390714,0.0,0,0,96.8,123.93359375,19
1776828770.7470605,0.0,0,0,145.8,123.93359375,19
1776828773.5404851,0.0,0,0,97.4,123.93359375,19
1776828775.8315384,0.0,0,0,107.1,123.93359375,19
1776828780.2682066,0.0,0,0,105.2,123.93359375,19
1776828781.2025542,0.0,0,0,111.3,123.93359375,19
1776828786.7536528,0.0,0,0,113.1,123.93359375,19
1776828787.2929866,0.0,0,0,107.8,123.93359375,19
1776828792.0304244,0.0,0,0,141.4,123.93359375,19
1776828793.812046,0.0,0,0,98.7,123.93359375,19
1776828797.079675,0.0,0,0,87.8,123.93359375,19
1776828800.8875382,0.0,0,0,100.0,123.93359375,19
1776828802.2395997,0.0,0,0,99.4,123.93359375,19
1776828807.001568,0.0,0,0,100.4,123.93359375,19
1776828807.7002144,0.0,0,0,98.1,123.93359375,19
1776828812.860549,0.0,0,0,101.3,123.93359375,19
1776828813.6856215,0.0,0,0,105.6,123.93359375,19
1776828818.5190933,0.0,0,0,99.8,123.93359375,19
1776828819.922342,0.0,0,0,104.0,123.93359375,19
1776828823.7787707,0.0,0,0,103.0,123.93359375,19
1776828826.7799506,0.0,0,0,120.3,123.93359375,19
1776828829.05591,0.0,0,0,89.8,123.93359375,19
1776828833.3241932,0.0,0,0,106.1,123.93359375,19
1776828834.505799,0.0,0,0,99.4,123.93359375,19
1776828839.5656347,0.0,0,0,116.2,123.93359375,19
1776828839.7138894,0.0,0,0,103.2,123.93359375,19
1776828845.0710993,0.0,0,0,93.1,123.93359375,19
1776828847.0515494,0.0,0,0,91.1,123.93359375,19
1776828850.3421125,0.0,0,0,76.0,123.93359375,19
1776828853.6195376,0.0,0,0,147.2,123.93359375,19
1776828855.7301755,0.0,0,0,101.3,123.93359375,19
1776828860.0709383,0.0,0,0,99.6,123.93359375,19
1776828861.0015993,0.0,0,0,101.7,123.93359375,19
1776828866.1762238,0.0,0,0,98.9,123.93359375,19
1776828866.8337758,0.0,0,0,108.3,123.93359375,19
1776828871.4051242,0.0,0,0,102.1,123.93359375,19
1776828873.5165827,0.0,0,0,107.1,123.93359375,19
1776828876.366397,0.0,0,0,148.5,123.93359375,19
1776828879.8710423,0.0,0,0,98.0,123.93359375,19
1776828881.4541085,0.0,0,0,93.5,123.93359375,19
1776828886.6502306,0.0,0,0,100.1,123.93359375,19
1776828886.6504288,0.0,0,0,100.2,123.93359375,19
1776828891.7576494,0.0,0,0,96.4,123.93359375,19
1776828893.4823442,0.0,0,0,85.7,123.93359375,19
1776828897.2900782,0.0,0,0,100.1,123.93359375,19
1776828900.3084798,0.0,0,0,99.0,123.93359375,19
1776828902.5720692,0.0,0,0,98.0,123.93359375,19
1776828906.832512,0.0,0,0,104.7,123.93359375,19
1776828907.9217427,0.0,0,0,89.9,123.93359375,19
1776828913.2895694,0.0,0,0,106.0,123.93359375,19
1776828913.480133,0.0,0,0,104.4,123.93359375,19
1776828918.8601513,0.0,0,0,106.1,123.93359375,19
1776828920.0087664,0.0,0,0,98.5,123.93359375,19
1776828924.1426811,0.0,0,0,89.8,123.93359375,19
1776828926.8611486,0.0,0,0,90.9,123.9375,19
1776828929.5036037,0.0,0,0,98.9,123.9375,19
1776828933.126506,0.0,0,0,98.5,123.9375,19
1776828934.5531216,0.0,0,0,94.4,123.9375,19
1776828939.8975787,0.0,0,0,89.5,123.9375,19
1776828940.148143,0.0,0,0,98.2,123.9375,19
1776828945.1571496,0.0,0,0,105.3,123.9375,19
1776828946.3208303,0.0,0,0,114.3,123.9375,19
1776828950.6647205,0.0,0,0,103.9,123.9375,19
1776828953.058569,0.0,0,0,100.6,123.9375,19
1776828955.6634881,0.0,0,0,106.8,123.9375,19
1776828959.6021125,0.0,0,0,98.4,123.9375,19
1776828960.8895454,0.0,0,0,106.2,123.9375,19
1776828966.130035,0.0,0,0,91.4,123.9375,19
1776828966.0830595,0.0,0,0,94.5,123.9375,19
1776828971.2576368,0.0,0,0,99.5,123.9375,19
1776828972.6296794,0.0,0,0,113.9,123.9375,19
1776828976.7095675,0.0,0,0,91.5,123.9375,19
1776828979.2925715,0.0,0,0,100.3,123.9375,19
1776828982.189586,0.0,0,0,96.4,123.9375,19
1776828985.6145384,0.0,0,0,97.0,123.9375,19
1776828987.3755383,0.0,0,0,152.0,123.9375,19
1776828991.946555,0.0,0,0,101.8,123.9375,19
1776828992.8725376,0.0,0,0,96.3,123.9375,19
1776828997.990053,0.0,0,0,96.3,123.9375,19
1776828998.4645913,0.0,0,0,94.2,123.9375,19
1776829003.25411,0.0,0,0,100.3,123.9375,19
1776829005.148309,0.0,0,0,97.4,123.9375,19
1776829008.4353514,0.0,0,0,106.1,123.9375,19
1776829011.6786091,0.0,0,0,169.1,123.9375,19
1776829013.981586,0.0,0,0,101.3,123.9375,19
1776829018.5645907,0.0,0,0,102.1,123.9375,19
1776829019.3105628,0.0,0,0,107.5,123.9375,19
1776829024.6060736,0.0,0,0,96.7,123.9375,19
1776829025.011079,0.0,0,0,164.9,123.9375,19
1776829030.078575,0.0,0,0,127.3,123.9375,19
1776829031.1539454,0.0,0,0,103.4,123.9375,19
1776829035.427978,0.0,0,0,108.7,123.9375,19
1776829037.8352122,0.0,0,0,144.7,123.9375,19
1776829040.8257017,0.0,0,0,88.8,123.9375,19
1776829044.5470648,0.0,0,0,96.9,123.9375,19
1776829046.1185648,0.0,0,0,106.2,123.9375,19
1776829051.0265687,0.0,0,0,96.2,123.9375,19
1776829051.0205665,0.0,0,0,91.4,123.9375,19
1776829056.5144074,0.0,0,0,99.3,123.9375,19
1776829056.9133332,0.0,0,0,99.5,123.9375,19
1776829061.9992673,0.0,0,0,117.1,123.9375,19
1776829063.7261531,0.0,0,0,104.6,123.9375,19
1776829067.642927,0.0,0,0,105.8,123.9375,19
1776829070.328804,0.0,0,0,102.9,123.9375,19
1776829072.6393979,0.0,0,0,102.4,123.9375,19
1776829076.9707308,0.0,0,0,101.7,123.9375,19
1776829077.906564,0.0,0,0,96.9,123.9375,19
1776829083.060563,0.0,0,0,88.7,123.9375,19
1776829084.0540445,0.0,0,0,108.1,123.9375,19
1776829088.400515,0.0,0,0,101.4,123.9375,19
1776829090.269563,0.0,0,0,87.7,123.9375,19
1776829093.6195962,0.0,0,0,95.6,123.9375,19
1776829096.8025818,0.0,0,0,125.2,123.9375,19
1776829098.7471392,0.0,0,0,98.5,123.9375,19
1776829103.2926216,0.0,0,0,102.1,123.9375,19
1776829104.3595343,0.0,0,0,99.0,123.9375,19
1776829109.341767,0.0,0,0,105.0,123.9375,19
1776829110.217611,0.0,0,0,98.5,123.9375,19
1776829114.4580307,0.0,0,0,117.5,123.9375,19
1776829116.7880766,0.0,0,0,99.5,123.9375,19
1776829119.4355326,0.0,0,0,102.6,123.9375,19
1776829123.1001525,0.0,0,0,95.1,123.9375,19
1776829125.0775313,0.0,0,0,92.4,123.9375,19
1776829129.748088,0.0,0,0,87.5,123.9375,19
1776829130.2095444,0.0,0,0,100.4,123.9375,19
1776829135.748097,0.0,0,0,99.9,123.9375,19
1776829136.303029,0.0,0,0,105.9,123.9375,19
1776829140.819602,0.0,0,0,100.8,123.9375,19
1776829143.3755746,0.0,0,0,102.3,123.9375,19
1776829146.2891269,0.0,0,0,95.4,123.9375,19
1776829149.9940882,0.0,0,0,101.4,123.9375,19
1776829151.7205684,0.0,0,0,95.2,123.9375,19
1776829156.7630968,0.0,0,0,132.9,123.9375,19
1776829157.0656683,0.0,0,0,97.0,123.9375,19
1776829162.116073,0.0,0,0,104.1,123.9375,19
1776829163.3514917,0.0,0,0,98.3,123.9375,19
1776829167.5168688,0.0,0,0,96.6,123.9375,19
1776829169.9617743,0.0,0,0,93.0,123.9375,19
1776829172.8564317,0.0,0,0,99.9,123.9375,19
1776829176.4900076,0.0,0,0,103.5,123.9375,19
1776829178.275041,0.0,0,0,102.6,123.9375,19
1776829182.9720821,0.0,0,0,115.8,123.9375,19
1776829183.6740124,0.0,0,0,99.0,123.9375,19
1776829188.8461006,0.0,0,0,101.6,123.9375,19
1776829190.2139661,0.0,0,0,108.2,123.9375,19
1776829194.19457,0.0,0,0,97.8,123.9375,19
1776829196.7935195,0.0,0,0,94.9,123.9375,19
1776829199.6304398,0.0,0,0,92.9,123.9375,19
1776829203.538574,0.0,0,0,100.0,123.9375,19
1776829205.0391243,0.0,0,0,93.1,123.9375,19
1776829210.018157,0.0,0,0,104.2,123.9375,19
1776829210.444989,0.0,0,0,94.4,123.9375,19
1776829215.541726,0.0,0,0,91.0,123.9375,19
1776829216.8233337,0.0,0,0,101.2,123.9375,19
1776829220.9788957,0.0,0,0,101.3,123.9375,19
1776829223.4626448,0.0,0,0,98.3,123.9375,19
1776829226.0825937,0.0,0,0,100.5,123.9375,19
1776829229.9375093,0.0,0,0,101.8,123.9375,19
1776829231.4120567,0.0,0,0,103.7,123.9375,19
1776829236.6402695,0.0,0,0,106.6,123.9375,19
1776829236.9066057,0.0,0,0,104.5,123.9375,19
1776829242.1958015,0.0,0,0,101.3,123.9375,19
1776829243.6520574,0.0,0,0,103.9,123.9375,19
1776829247.5486045,0.0,0,0,100.4,123.9375,19
1776829250.6766589,0.0,0,0,101.1,123.9375,19
1776829252.8255904,0.0,0,0,92.0,123.9375,19
1776829257.3275719,0.0,0,0,93.5,123.9375,19
1776829258.1432037,0.0,0,0,126.3,123.9375,19
1776829263.4764566,0.0,0,0,103.1,123.9375,19
1776829263.79205,0.0,0,0,110.0,123.9375,19
1776829268.8026755,0.0,0,0,103.4,123.9375,19
1776829270.4276724,0.0,0,0,105.2,123.9375,19
1776829274.0590518,0.0,0,0,101.2,123.9375,19
1776829276.481074,0.0,0,0,105.6,123.9375,19
1776829279.257632,0.0,0,0,105.1,123.9375,19
1776829283.2465713,0.0,0,0,95.9,123.9375,19
1776829284.6405323,0.0,0,0,93.8,123.9375,19
1776829290.0457551,0.0,0,0,101.9,123.9375,19
1776829290.2141557,0.0,0,0,97.8,123.9375,19
1776829295.3516953,0.0,0,0,99.0,123.9375,19
1776829296.100555,0.0,0,0,107.1,123.9375,19
1776829300.2665727,0.0,0,0,107.9,123.9375,19
1776829303.039131,0.0,0,0,92.6,123.9375,19
1776829305.6306727,0.0,0,0,107.6,123.9375,19
1776829309.597056,0.0,0,0,91.9,123.9375,19
1776829310.9326239,0.0,0,0,101.6,123.9375,19
1776829316.2931457,0.0,0,0,104.6,123.9375,19
1776829316.0735855,0.0,0,0,98.9,123.9375,19
1776829321.6046433,0.0,0,0,100.3,123.9375,19
1776829322.7476063,0.0,0,0,92.6,123.9375,19
1776829327.0000458,0.0,0,0,96.3,123.9375,19
1776829329.929482,0.0,0,0,87.4,123.9375,19
1776829332.2732985,0.0,0,0,89.5,123.9375,19
1776829336.5490565,0.0,0,0,124.4,123.9375,19
1776829337.3710473,0.0,0,0,132.8,123.9375,19
1776829342.7335503,0.0,0,0,107.2,123.9375,19
1776829343.0410914,0.0,0,0,101.8,123.9375,19
1776829347.8071015,0.0,0,0,94.6,123.9375,19
1776829349.8065472,0.0,0,0,96.1,123.9375,19
1776829352.8506842,0.0,0,0,107.3,123.9375,19
1776829356.521615,0.0,0,0,102.4,123.9375,19
1776829358.3245664,0.0,0,0,87.5,123.9375,19
1776829363.01739,0.0,0,0,97.1,123.9375,19
1776829363.2502306,0.0,0,0,99.7,123.9375,19
1776829368.588264,0.0,0,0,101.8,123.9375,19
1776829369.668834,0.0,0,0,123.3,123.9375,19
1776829374.088054,0.0,0,0,104.1,123.9375,19
1776829376.3135717,0.0,0,0,93.2,123.9375,19
1776829379.1496313,0.0,0,0,97.4,123.9375,19
1776829382.8425407,0.0,0,0,95.0,123.9375,19
1776829384.316677,0.0,0,0,89.7,123.9375,19
1776829389.3625894,0.0,0,0,103.7,123.9375,19
1776829389.5244672,0.0,0,0,131.6,123.9375,19
1776829395.1410642,0.0,0,0,119.5,123.9375,19
1776829395.7010796,0.0,0,0,98.6,123.9375,19
1776829400.539026,0.0,0,0,97.8,123.9375,19
1776829402.140072,0.0,0,0,93.7,123.9375,19
1776829405.5140183,0.0,0,0,148.0,123.9375,19
1776829408.8312302,0.0,0,0,103.3,123.9375,19
1776829410.9939702,0.0,0,0,105.3,123.9375,19
1776829415.418048,0.0,0,0,105.0,123.9375,19
1776829416.1645362,0.0,0,0,102.5,123.9375,19
1776829421.550576,0.0,0,0,89.8,123.9375,19
1776829422.4030275,0.0,0,0,123.8,123.9375,19
1776829427.037548,0.0,0,0,93.3,123.9375,19
1776829429.2150242,0.0,0,0,102.9,123.9375,19
1776829432.4465625,0.0,0,0,98.5,123.9375,19
1776829436.0055494,0.0,0,0,103.0,123.9375,19
1776829437.7241216,0.0,0,0,106.0,123.9375,19
1776829443.0935674,0.0,0,0,93.3,123.9375,19
1776829443.032564,0.0,0,0,94.9,123.9375,19
1776829448.2126071,0.0,0,0,103.5,123.9375,19
1776829449.5761764,0.0,0,0,110.2,123.9375,19
1776829453.2956388,0.0,0,0,97.3,123.9375,19
1776829456.380192,0.0,0,0,189.4,123.9375,19
1776829458.5479083,0.0,0,0,101.3,123.9375,19
1776829462.5020745,0.0,0,0,100.9,123.9375,19
1776829463.695925,0.0,0,0,103.2,123.9375,19
1776829468.938058,0.0,0,0,98.2,123.9375,19
1776829469.5179253,0.0,0,0,101.2,123.9375,19
1776829473.976713,0.0,0,0,105.1,123.9375,19
1776829475.9117866,0.0,0,0,97.7,123.9375,19
1776829479.2115266,0.0,0,0,96.6,123.9375,19
1776829482.3176472,0.0,0,0,100.3,123.9375,19
1776829484.3328555,0.0,0,0,106.7,123.9375,19
1776829488.8643296,0.0,0,0,97.7,123.9375,19
1776829489.6457155,0.0,0,0,91.2,123.9375,19
1776829495.2095962,0.0,0,0,91.9,123.9375,19
1776829494.9388914,0.0,0,0,91.5,123.9375,19
1776829500.2507656,0.0,0,0,105.8,123.9375,19
1776829501.8530385,0.0,0,0,103.7,123.9375,19
1776829505.4532511,0.0,0,0,103.3,123.9375,19
1776829508.252639,0.0,0,0,179.7,123.9375,19
1776829510.561519,0.0,0,0,108.4,123.9375,19
1776829514.8769386,0.0,0,0,106.7,123.9375,19
1776829515.828035,0.0,0,0,97.7,123.9375,19
1776829521.0102017,0.0,0,0,99.7,123.9375,19
1776829521.5295484,0.0,0,0,117.2,123.9375,19
1776829526.204046,0.0,0,0,102.9,123.9375,19
1776829527.7821727,0.0,0,0,121.5,123.9375,19
1776829531.353603,0.0,0,0,104.3,123.9375,19
1776829534.7624137,0.0,0,0,136.4,123.9375,19
1776829536.4799402,0.0,0,0,99.3,123.9375,19
1776829541.406999,0.0,0,0,94.5,123.9375,19
1776829541.6709542,0.0,0,0,96.4,123.9375,19
1776829546.6571195,0.0,0,0,98.6,123.9375,19
1776829547.982578,0.0,0,0,104.7,123.9375,19
1776829551.7801254,0.0,0,0,104.7,123.9375,19
1776829554.6205812,0.0,0,0,107.7,123.9375,19
1776829557.2231212,0.0,0,0,100.0,123.9375,19
1776829561.0685291,0.0,0,0,104.9,123.9375,19
1776829562.3785222,0.0,0,0,103.7,123.9375,19
1776829567.4824376,0.0,0,0,103.5,123.9375,19
1776829567.7220962,0.0,0,0,97.0,123.9375,19
1776829572.7349782,0.0,0,0,103.6,123.9375,19
1776829574.0071094,0.0,0,0,101.0,123.9375,19
1776829578.414561,0.0,0,0,94.2,123.9375,19
1776829581.3571587,0.0,0,0,104.9,123.9375,19
1776829583.5589738,0.0,0,0,102.0,123.9375,19
1776829587.8885531,0.0,0,0,144.0,123.9375,19
1776829589.0422697,0.0,0,0,107.6,123.9375,19
1776829594.0180764,0.0,0,0,103.2,123.9375,19
1776829594.5870407,0.0,0,0,95.8,123.9375,19
1776829599.2065396,0.0,0,0,101.2,123.9375,19
1776829600.8490584,0.0,0,0,90.5,123.9375,19
1776829604.468533,0.0,0,0,94.6,123.9375,19
1776829607.621836,0.0,0,0,104.4,123.9375,19
1776829609.8176363,0.0,0,0,102.6,123.9375,19
1776829614.1106658,0.0,0,0,94.6,123.9375,19
1776829615.1940129,0.0,0,0,138.3,123.9375,19
1776829620.100648,0.0,0,0,100.7,123.9375,19
1776829620.6806982,0.0,0,0,109.6,123.9375,19
1776829625.1551774,0.0,0,0,105.0,123.9375,19
1776829626.4478822,0.0,0,0,106.0,123.9375,19
1776829630.5599122,0.0,0,0,105.4,123.9375,19
1776829633.1252341,0.0,0,0,100.0,123.9375,19
1776829636.0161273,0.0,0,0,98.3,123.9375,19
1776829639.7443013,0.0,0,0,101.9,123.9375,19
1776829641.278307,0.0,0,0,97.0,123.9375,19
1776829646.6816072,0.0,0,0,89.0,123.9375,19

1776829652.112598,0.0,0,0,97.6,123.9375,19
1776829653.2680745,0.0,0,0,101.0,123.9375,19
1776829657.3107564,0.0,0,0,99.5,123.9375,19
1776829659.6520736,0.0,0,0,137.3,123.9375,19
1776829662.7730556,0.0,0,0,98.1,123.9375,19
1776829666.1445668,0.0,0,0,96.0,123.9375,19
1776829667.7941682,0.0,0,0,100.0,123.9375,19
1776829673.0870461,0.0,0,0,113.3,123.9375,19
1776829673.2726607,0.0,0,0,106.4,123.9375,19
1776829678.4686031,0.0,0,0,97.8,123.9375,19
1776829680.1180573,0.0,0,0,122.3,123.9375,19
1776829683.6415362,0.0,0,0,97.8,123.9375,19
1776829686.386185,0.0,0,0,95.7,123.9375,19
1776829689.065572,0.0,0,0,106.2,123.9375,19
1776829693.1167483,0.0,0,0,95.4,123.9375,19
1776829694.24271,0.0,0,0,98.1,123.9375,19
1776829699.595008,0.0,0,0,100.1,123.9375,19
1776829699.8335795,0.0,0,0,105.1,123.9375,19
1776829704.9505463,0.0,0,0,100.0,123.9375,19
1776829706.3295612,0.0,0,0,102.9,123.9375,19
1776829710.2445672,0.0,0,0,93.6,123.9375,19
1776829713.0151148,0.0,0,0,106.2,123.9375,19
1776829715.5185595,0.0,0,0,91.0,123.9375,19
1776829719.7175016,0.0,0,0,97.6,123.9375,19
1776829720.7062876,0.0,0,0,101.1,123.9375,19
1776829725.7732625,0.0,0,0,95.1,123.9375,19
1776829726.24658,0.0,0,0,105.6,123.9375,19
1776829731.163069,0.0,0,0,106.1,123.9375,19
1776829733.1042547,0.0,0,0,102.2,123.9375,19
1776829736.4505682,0.0,0,0,102.9,123.9375,19
1776829739.93002,0.0,0,0,101.2,123.9375,19
1776829741.5926628,0.0,0,0,108.8,123.9375,19
1776829746.5957778,0.0,0,0,96.9,123.9375,19
1776829747.0106025,0.0,0,0,95.8,123.9375,19
1776829752.0685816,0.0,0,0,96.1,123.9375,19
1776829753.3096418,0.0,0,0,105.2,123.9375,19
1776829757.4105484,0.0,0,0,106.4,123.9375,19
1776829759.9023633,0.0,0,0,100.6,123.9375,19
1776829762.395182,0.0,0,0,97.6,123.9375,19
1776829766.4340763,0.0,0,0,99.5,123.9375,19
1776829767.751244,0.0,0,0,99.2,123.9375,19
1776829773.0495412,0.0,0,0,101.6,123.9375,19
1776829773.1364598,0.0,0,0,123.8,123.9375,19
1776829778.3680713,0.0,0,0,98.5,123.9375,19
1776829780.0634696,0.0,0,0,208.5,123.9375,19
1776829783.447001,0.0,0,0,104.6,123.9375,19
1776829786.4561098,0.0,0,0,99.5,123.9375,19
1776829788.9226668,0.0,0,0,106.0,123.9375,19
1776829793.0066793,0.0,0,0,100.8,123.9375,19
1776829794.0604672,0.0,0,0,107.1,123.9375,19
1776829799.2626004,0.0,0,0,106.0,123.9375,19
1776829799.6924949,0.0,0,0,105.6,123.9375,19
1776829804.284845,0.0,0,0,102.5,123.9375,19
1776829805.9210188,0.0,0,0,146.0,123.9375,19
1776829809.2421215,0.0,0,0,103.6,123.9375,19
1776829812.0396886,0.0,0,0,104.7,123.9375,19
1776829814.5487165,0.0,0,0,103.5,123.9375,19
1776829818.3165965,0.0,0,0,104.0,123.9375,19
1776829819.7110279,0.0,0,0,88.2,123.9375,19
1776829825.1033897,0.0,0,0,99.8,123.9375,19
1776829825.103234,0.0,0,0,97.0,123.9375,19
1776829830.5635452,0.0,0,0,87.7,123.9375,19
1776829831.2951195,0.0,0,0,98.4,123.9375,19
1776829835.6821997,0.0,0,0,96.4,123.9375,19
1776829838.115062,0.0,0,0,105.3,123.9375,19
1776829841.0819533,0.0,0,0,94.3,123.9375,19
1776829844.8840392,0.0,0,0,104.3,123.9375,19
1776829846.258625,0.0,0,0,100.3,123.9375,19
1776829851.2295854,0.0,0,0,99.2,123.9375,19
1776829851.516386,0.0,0,0,125.3,123.9375,19
1776829856.7135406,0.0,0,0,98.8,123.9375,19
1776829858.152665,0.0,0,0,99.2,123.9375,19
1776829861.8913267,0.0,0,0,100.5,123.9375,19
1776829864.6777372,0.0,0,0,110.4,123.9375,19
1776829867.1263862,0.0,0,0,99.2,123.9375,19
1776829870.8955019,0.0,0,0,97.6,123.9375,19
1776829872.5802014,0.0,0,0,137.0,123.9375,19
1776829877.4321556,0.0,0,0,151.1,123.9375,19
1776829877.9295506,0.0,0,0,101.2,123.9375,19
1776829883.3871558,0.0,0,0,106.3,123.9375,19
1776829883.9350734,0.0,0,0,100.1,123.9375,19
1776829888.5480475,0.0,0,0,96.8,123.9375,19
1776829891.1125135,0.0,0,0,101.4,123.9375,19
1776829893.6100533,0.0,0,0,103.0,123.9375,19
1776829897.4596055,0.0,0,0,91.2,123.9375,19
1776829898.7422986,0.0,0,0,101.5,123.9375,19
1776829904.1109865,0.0,0,0,105.9,123.9375,19
1776829904.1122746,0.0,0,0,98.8,123.9375,19
1776829909.4146373,0.0,0,0,99.6,123.9375,19
1776829910.3865714,0.0,0,0,104.7,123.9375,19
1776829914.649579,0.0,0,0,103.8,123.9375,19
1776829916.7325878,0.0,0,0,99.2,123.9375,19
1776829919.7966657,0.0,0,0,96.2,123.9375,19
1776829923.7023335,0.0,0,0,97.0,123.9375,19
1776829924.8956814,0.0,0,0,97.2,123.9375,19
1776829930.1284897,0.0,0,0,86.3,123.9375,19
1776829930.3219016,0.0,0,0,99.9,123.9375,19
1776829935.2255876,0.0,0,0,93.4,123.9375,19
1776829937.3407097,0.0,0,0,148.0,123.9375,19
1776829940.4931073,0.0,0,0,99.0,123.9375,19
1776829944.2731228,0.0,0,0,104.3,123.9375,19
1776829945.6830633,0.0,0,0,102.2,123.9375,19
1776829951.129571,0.0,0,0,103.3,123.9375,19
1776829951.183072,0.0,0,0,108.9,123.9375,19
1776829956.6154828,0.0,0,0,105.3,123.9375,19
1776829957.4135733,0.0,0,0,95.3,123.9375,19
1776829961.5570402,0.0,0,0,97.7,123.9375,19
1776829963.846285,0.0,0,0,93.9,123.9375,19
1776829967.0869772,0.0,0,0,112.7,123.9375,19
1776829970.0470679,0.0,0,0,164.8,123.9375,19
1776829972.6872578,0.0,0,0,93.6,123.9375,19
1776829977.1322007,0.0,0,0,85.6,123.9375,19
1776829978.0605288,0.0,0,0,104.3,123.9375,19
1776829983.3750744,0.0,0,0,101.1,123.9375,19
1776829984.0365074,0.0,0,0,97.4,123.9375,19
1776829988.582068,0.0,0,0,99.8,123.9375,19
1776829991.7936103,0.0,0,0,103.0,123.9375,19
1776829994.0237834,0.0,0,0,111.2,123.9375,19
1776829998.2121577,0.0,0,0,102.2,123.9375,19
1776829999.4641733,0.0,0,0,101.8,123.9375,19
1776830004.9386253,0.0,0,0,172.5,123.9375,19
1776830005.1950498,0.0,0,0,118.3,123.9375,19
1776830010.1721485,0.0,0,0,112.5,123.9375,19
1776830012.3134491,0.0,0,0,90.8,123.9375,19
1776830015.2180653,0.0,0,0,109.8,123.9375,19
1776830018.9307399,0.0,0,0,148.2,123.9375,19
1776830020.6869855,0.0,0,0,91.7,123.9375,19
1776830025.2985587,0.0,0,0,105.9,123.9375,19
1776830026.1415646,0.0,0,0,90.3,123.9375,19
1776830031.5671227,0.0,0,0,94.5,123.9375,19
1776830031.9991486,0.0,0,0,100.6,123.9375,19
1776830037.1170301,0.0,0,0,101.4,123.9375,19
1776830037.8565753,0.0,0,0,100.9,123.9375,19
1776830042.574059,0.0,0,0,101.3,123.9375,19
1776830044.5055501,0.0,0,0,100.7,123.9375,19
1776830047.4395306,0.0,0,0,100.5,123.9375,19
1776830051.0913193,0.0,0,0,97.6,123.9375,19
1776830052.489804,0.0,0,0,99.9,123.9375,19
1776830058.1156974,0.0,0,0,102.0,123.9375,19
1776830058.1349576,0.0,0,0,99.9,123.9375,19
1776830063.2350922,0.0,0,0,101.4,123.9375,19
1776830065.177608,0.0,0,0,103.1,123.9375,19
1776830068.5447285,0.0,0,0,116.2,123.9375,19
1776830071.7465699,0.0,0,0,98.8,123.9375,19
1776830073.6240203,0.0,0,0,134.9,123.9375,19
1776830078.884539,0.0,0,0,100.6,123.9375,19
1776830079.3445573,0.0,0,0,95.2,123.9375,19
1776830083.9948726,0.0,0,0,101.9,123.9375,19
1776830086.0905702,0.0,0,0,95.8,123.9375,19
1776830089.2582655,0.0,0,0,101.8,123.9375,19
1776830092.5665383,0.0,0,0,105.0,123.9375,19
1776830094.3336842,0.0,0,0,100.8,123.9375,19
1776830098.8555236,0.0,0,0,95.1,123.9375,19
1776830099.85004,0.0,0,0,107.4,123.9375,19
1776830104.8625662,0.0,0,0,81.6,123.9375,19
1776830105.554086,0.0,0,0,98.7,123.9375,19
1776830110.1187863,0.0,0,0,88.8,123.9375,19
1776830112.0911365,0.0,0,0,99.4,123.9375,19
1776830115.608593,0.0,0,0,103.0,123.9375,19
1776830118.6306138,0.0,0,0,101.1,123.9375,19
1776830120.77763,0.0,0,0,96.5,123.9375,19
1776830125.471006,0.0,0,0,102.2,123.9375,19
1776830126.31937,0.0,0,0,99.2,123.9375,19
1776830131.337223,0.0,0,0,104.1,123.9375,19
1776830132.265593,0.0,0,0,102.3,123.9375,19
1776830136.629101,0.0,0,0,90.8,123.9375,19
1776830138.7216883,0.0,0,0,104.1,123.9375,19
1776830141.9284441,0.0,0,0,101.2,123.9375,19
1776830145.3365932,0.0,0,0,160.0,123.9375,19
1776830146.9595528,0.0,0,0,106.8,123.9375,19
1776830152.0184412,0.0,0,0,96.0,123.9375,19
1776830152.2361088,0.0,0,0,129.1,123.9375,19
1776830157.6265347,0.0,0,0,90.4,123.9375,19
1776830158.641278,0.0,0,0,100.7,123.9375,19
1776830162.8456042,0.0,0,0,97.7,123.9375,19
1776830164.9495966,0.0,0,0,133.7,123.9375,19
1776830168.0315588,0.0,0,0,145.2,123.9375,19
1776830171.974596,0.0,0,0,98.1,123.9375,19
1776830173.1296384,0.0,0,0,145.0,123.9375,19
1776830178.5374086,0.0,0,0,97.1,123.9375,19
1776830178.5450625,0.0,0,0,104.9,123.9375,19
1776830183.6575935,0.0,0,0,100.5,123.9375,19
1776830185.1702306,0.0,0,0,100.1,123.9375,19
1776830189.0608628,0.0,0,0,103.8,123.9375,19
1776830191.977554,0.0,0,0,103.9,123.9375,19
1776830194.195486,0.0,0,0,98.1,123.9375,19
1776830198.4981484,0.0,0,0,106.9,123.9375,19
1776830199.245072,0.0,0,0,104.7,123.9375,19
1776830204.5961215,0.0,0,0,96.8,123.9375,19
1776830205.1475866,0.0,0,0,106.9,123.9375,19
1776830210.1880515,0.0,0,0,92.9,123.9375,19
1776830211.7388642,0.0,0,0,100.0,123.9375,19
1776830215.4761543,0.0,0,0,106.2,123.9375,19
1776830218.4231942,0.0,0,0,95.4,123.9375,19
1776830221.0761018,0.0,0,0,104.9,123.9375,19
1776830224.9078274,0.0,0,0,89.5,123.9375,19
1776830226.267044,0.0,0,0,99.6,123.9375,19
1776830231.4601107,0.0,0,0,103.2,123.9375,19
1776830232.1286283,0.0,0,0,99.7,123.9375,19
1776830236.654699,0.0,0,0,107.4,123.9375,19
1776830238.901696,0.0,0,0,104.6,123.9375,19
1776830242.3965707,0.0,0,0,98.3,123.9375,19
1776830245.992534,0.0,0,0,99.9,123.9375,19
1776830247.5110772,0.0,0,0,101.7,123.9375,19
1776830252.6469107,0.0,0,0,93.3,123.9375,19
1776830252.9115746,0.0,0,0,89.6,123.9375,19
1776830257.8726509,0.0,0,0,109.1,123.9375,19
1776830258.6176145,0.0,0,0,102.2,123.9375,19
1776830263.193538,0.0,0,0,105.7,123.9375,19
1776830265.8285892,0.0,0,0,104.2,123.9375,19
1776830268.3140807,0.0,0,0,103.8,123.9375,19
1776830272.6772027,0.0,0,0,99.9,123.9375,19
1776830273.7196257,0.0,0,0,101.3,123.9375,19
1776830279.0746136,0.0,0,0,107.6,123.9375,19
1776830279.2066307,0.0,0,0,108.3,123.9375,19
1776830284.4813054,0.0,0,0,105.0,123.9375,19
1776830285.6044858,0.0,0,0,100.4,123.9375,19
1776830290.1627512,0.0,0,0,111.0,123.9375,19
1776830292.7495956,0.0,0,0,100.7,123.9375,19
1776830295.5125916,0.0,0,0,105.2,123.9375,19
1776830299.1559734,0.0,0,0,103.5,123.9375,19
1776830300.887535,0.0,0,0,104.2,123.9375,19
1776830306.0000837,0.0,0,0,97.0,123.9375,19
1776830306.237444,0.0,0,0,112.1,123.9375,19
1776830311.1845467,0.0,0,0,102.9,123.9375,19
1776830313.1620445,0.0,0,0,97.8,123.9375,19
1776830316.8619783,0.0,0,0,97.6,123.9375,19
1776830319.4705813,0.0,0,0,95.3,123.9375,19
1776830322.060905,0.0,0,0,100.5,123.9375,19
1776830326.0420022,0.0,0,0,107.9,123.9375,19
1776830327.452562,0.0,0,0,93.8,123.9375,19
1776830332.6921065,0.0,0,0,96.3,123.9375,19
1776830333.1630085,0.0,0,0,108.2,123.9375,19
1776830337.955554,0.0,0,0,99.7,123.9375,19
1776830340.2300222,0.0,0,0,103.2,123.9375,19
1776830342.992234,0.0,0,0,108.9,123.9375,19
1776830346.745371,0.0,0,0,97.4,123.9375,19
1776830348.238584,0.0,0,0,100.2,123.9375,19
1776830353.1877139,0.0,0,0,96.4,123.9375,19
1776830353.248538,0.0,0,0,98.8,123.9375,19
1776830358.5060477,0.0,0,0,107.1,123.9375,19
1776830359.667089,0.0,0,0,95.7,123.9375,19
1776830363.8216257,0.0,0,0,101.1,123.9375,19
1776830366.4155734,0.0,0,0,107.9,123.9375,19
1776830369.2951412,0.0,0,0,94.5,123.9375,19
1776830372.840202,0.0,0,0,105.3,123.9375,19
1776830374.589934,0.0,0,0,133.1,123.9375,19
1776830379.5991402,0.0,0,0,91.8,123.9375,19
1776830380.0235384,0.0,0,0,106.0,123.9375,19
1776830384.8817008,0.0,0,0,98.8,123.9375,19
1776830386.3155346,0.0,0,0,100.3,123.9375,19
1776830390.2130466,0.0,0,0,115.1,123.9375,19
1776830392.5781941,0.0,0,0,103.9,123.9375,19
1776830395.5465622,0.0,0,0,92.9,123.9375,19
1776830399.212409,0.0,0,0,93.3,123.9375,19
1776830401.031589,0.0,0,0,97.6,123.9375,19
1776830405.7771232,0.0,0,0,99.5,123.9375,19
1776830406.2765832,0.0,0,0,104.7,123.9375,19
1776830411.8550384,0.0,0,0,101.2,123.9375,19
1776830412.5092165,0.0,0,0,102.6,123.9375,19
1776830417.1697047,0.0,0,0,101.0,123.9375,19
1776830418.3160186,0.0,0,0,105.7,123.9375,19
1776830422.3120675,0.0,0,0,103.7,123.9375,19
1776830425.1847074,0.0,0,0,103.0,123.9375,19
1776830427.7155926,0.0,0,0,98.1,123.9375,19
1776830431.4195404,0.0,0,0,104.0,123.9375,19
1776830432.817507,0.0,0,0,111.7,123.9375,19
1776830437.6167336,0.0,0,0,102.3,123.9375,19
1776830437.867559,0.0,0,0,98.3,123.9375,19
1776830443.0336564,0.0,0,0,110.0,123.9375,19
1776830443.7995892,0.0,0,0,105.6,123.9375,19
1776830448.6450486,0.0,0,0,102.5,123.9375,19
1776830450.3417122,0.0,0,0,102.9,123.9375,19
1776830453.929209,0.0,0,0,99.7,123.9375,19
1776830457.1705692,0.0,0,0,94.3,123.9375,19
1776830459.1792033,0.0,0,0,107.7,123.9375,19
1776830463.7755375,0.0,0,0,100.5,123.9375,19
1776830464.6496696,0.0,0,0,106.3,123.9375,19
1776830469.9141083,0.0,0,0,118.6,123.9375,19
1776830470.6237538,0.0,0,0,107.9,123.9375,19
1776830475.0582237,0.0,0,0,99.8,123.9375,19
1776830477.2670913,0.0,0,0,98.2,123.9375,19
1776830480.3941157,0.0,0,0,96.4,123.9375,19
1776830483.5065658,0.0,0,0,166.1,123.9375,19
1776830485.7810874,0.0,0,0,103.8,123.9375,19
1776830490.2110653,0.0,0,0,99.6,123.9375,19
1776830491.0215669,0.0,0,0,90.1,123.9375,19
1776830496.4003375,0.0,0,0,98.9,123.9375,19
1776830496.9375186,0.0,0,0,107.4,123.9375,19
1776830501.859698,0.0,0,0,105.5,123.9375,19
1776830504.4236994,0.0,0,0,100.8,123.9375,19
1776830506.8900485,0.0,0,0,101.8,123.9375,19
1776830511.3650436,0.0,0,0,95.8,123.9375,19
1776830512.3621345,0.0,0,0,105.5,123.9375,19
1776830517.8265326,0.0,0,0,102.2,123.9375,19
1776830518.3470962,0.0,0,0,95.0,123.9375,19
1776830522.854554,0.0,0,0,92.4,123.9375,19
1776830525.386069,0.0,0,0,154.5,123.9375,19
1776830528.5160367,0.0,0,0,113.3,123.9375,19
1776830531.9337184,0.0,0,0,101.8,123.9375,19
1776830533.780277,0.0,0,0,95.1,123.9375,19
1776830538.3982606,0.0,0,0,103.9,123.9375,19
1776830538.9916024,0.0,0,0,103.6,123.9375,19
1776830544.1763344,0.0,0,0,104.2,123.9375,19
1776830545.3750856,0.0,0,0,100.4,123.9375,19
1776830549.391056,0.0,0,0,92.4,123.9375,19
1776830552.5635285,0.0,0,0,108.4,123.9375,19
1776830554.9865391,0.0,0,0,103.4,123.9375,19
1776830559.3485358,0.0,0,0,99.7,123.9375,19
1776830560.2081492,0.0,0,0,91.1,123.9375,19
1776830565.3891313,0.0,0,0,105.7,123.9375,19
1776830565.5852523,0.0,0,0,101.2,123.9375,19
1776830570.837138,0.0,0,0,102.3,123.9375,19
1776830572.2975516,0.0,0,0,95.9,123.9375,19
1776830575.932522,0.0,0,0,102.9,123.9375,19
1776830579.511726,0.0,0,0,100.0,123.9375,19
1776830581.3432443,0.0,0,0,91.2,123.9375,19
1776830586.7065856,0.0,0,0,93.7,123.9375,19
1776830586.712616,0.0,0,0,104.6,123.9375,19
1776830591.9282105,0.0,0,0,100.2,123.9375,19
1776830592.9951007,0.0,0,0,90.4,123.9375,19
1776830597.3156407,0.0,0,0,99.9,123.9375,19
1776830599.3149588,0.0,0,0,103.2,123.9375,19
1776830602.6807187,0.0,0,0,101.5,123.9375,19
1776830606.141535,0.0,0,0,103.4,123.9375,19
1776830607.8175793,0.0,0,0,102.9,123.9375,19
1776830613.1055493,0.0,0,0,102.3,123.9375,19
1776830612.9051566,0.0,0,0,98.0,123.9375,19
1776830618.0752265,0.0,0,0,121.4,123.9375,19
1776830619.5949643,0.0,0,0,103.9,123.9375,19
1776830623.2061539,0.0,0,0,107.7,123.9375,19
1776830626.40958,0.0,0,0,105.0,123.9375,19
1776830628.6762238,0.0,0,0,164.1,123.9375,19
1776830633.098588,0.0,0,0,101.7,123.9375,19
1776830633.701909,0.0,0,0,95.1,123.9375,19
1776830639.1225507,0.0,0,0,104.4,123.9375,19
1776830639.759075,0.0,0,0,106.5,123.9375,19
1776830644.5915763,0.0,0,0,99.5,123.9375,19
1776830646.3051357,0.0,0,0,92.7,123.9375,19
1776830649.7569034,0.0,0,0,100.8,123.9375,19
1776830652.5040958,0.0,0,0,101.7,123.9375,19
1776830654.9016535,0.0,0,0,88.5,123.9375,19
1776830659.4354625,0.0,0,0,102.8,123.9375,19
1776830659.9032943,0.0,0,0,99.7,123.9375,19
1776830665.6340868,0.0,0,0,95.3,123.9375,19
1776830666.412542,0.0,0,0,98.0,123.9375,19
1776830671.1140847,0.0,0,0,99.9,123.9375,19
1776830671.9761722,0.0,0,0,107.1,123.9375,19
1776830676.5595872,0.0,0,0,190.9,123.9375,19
1776830678.8475473,0.0,0,0,97.2,123.9375,19
1776830681.84578,0.0,0,0,103.3,123.9375,19
1776830685.5313249,0.0,0,0,102.7,123.9375,19
1776830686.8978422,0.0,0,0,92.7,123.9375,19
1776830692.1960845,0.0,0,0,94.0,123.9375,19
1776830692.2752278,0.0,0,0,109.5,123.9375,19
1776830697.3585608,0.0,0,0,99.9,123.9375,19
1776830699.5056317,0.0,0,0,105.1,123.9375,19
1776830703.113544,0.0,0,0,98.8,123.9375,19
1776830706.552657,0.0,0,0,93.4,123.9375,19
1776830708.2622066,0.0,0,0,149.2,123.9375,19
1776830713.5000238,0.0,0,0,104.8,123.9375,19
1776830713.8022947,0.0,0,0,92.0,123.9375,19
1776830719.2290583,0.0,0,0,97.2,123.9375,19
1776830719.4570477,0.0,0,0,89.4,123.9375,19
1776830724.2518806,0.0,0,0,89.5,123.9375,19
1776830726.2281163,0.0,0,0,91.2,123.9375,19
1776830729.4590888,0.0,0,0,101.2,123.9375,19
1776830732.9934263,0.0,0,0,90.0,123.9375,19
1776830734.9799612,0.0,0,0,101.8,123.9375,19
1776830739.4640694,0.0,0,0,102.7,123.9375,19
1776830740.6577024,0.0,0,0,100.3,123.9375,19
1776830745.757534,0.0,0,0,93.4,123.9375,19
1776830745.9961307,0.0,0,0,119.4,123.9375,19
1776830751.2595594,0.0,0,0,106.7,123.9375,19
1776830751.9885669,0.0,0,0,90.1,123.9375,19
1776830756.296761,0.0,0,0,113.2,123.9375,19
1776830758.8630328,0.0,0,0,104.7,123.9375,19
1776830761.3815312,0.0,0,0,93.3,123.9375,19
1776830765.8077693,0.0,0,0,103.9,123.9375,19
1776830766.5536556,0.0,0,0,99.9,123.9375,19
1776830771.5434856,0.0,0,0,95.2,123.9375,19
1776830772.7275553,0.0,0,0,143.2,123.9375,19
1776830776.644088,0.0,0,0,105.1,123.9375,19
1776830780.4037235,0.0,0,0,101.6,123.9375,19
1776830782.1156335,0.0,0,0,101.6,123.9375,19
1776830786.8257194,0.0,0,0,89.5,123.9375,19
1776830787.513618,0.0,0,0,96.9,123.9375,19
1776830792.658682,0.0,0,0,92.7,123.9375,19
1776830793.0605662,0.0,0,0,101.5,123.9375,19
1776830798.0896704,0.0,0,0,97.7,123.9375,19
1776830799.079705,0.0,0,0,97.1,123.9375,19
1776830803.2735841,0.0,0,0,97.2,123.9375,19
1776830805.326537,0.0,0,0,98.6,123.9375,19
1776830808.3741546,0.0,0,0,104.2,123.9375,19
1776830811.7365816,0.0,0,0,100.1,123.9375,19
1776830813.866054,0.0,0,0,106.5,123.9375,19
1776830818.462031,0.0,0,0,102.0,123.9375,19
1776830819.4061139,0.0,0,0,99.6,123.9375,19
1776830824.752054,0.0,0,0,102.8,123.9375,19
1776830825.2640386,0.0,0,0,100.2,123.9375,19
1776830830.0565577,0.0,0,0,101.0,123.9375,19
1776830831.115706,0.0,0,0,112.6,123.9375,19
1776830835.3431127,0.0,0,0,94.1,123.9375,19
1776830837.6232343,0.0,0,0,100.9,123.9375,19
1776830840.5692184,0.0,0,0,100.0,123.9375,19
1776830844.1195269,0.0,0,0,102.2,123.9375,19
1776830845.7922904,0.0,0,0,105.5,123.9375,19
1776830851.0060277,0.0,0,0,110.3,123.9375,19
1776830851.0265932,0.0,0,0,97.7,123.9375,19
1776830855.9579313,0.0,0,0,105.2,123.9375,19
1776830858.3828056,0.0,0,0,87.9,123.9375,19
1776830861.1000469,0.0,0,0,88.9,123.9375,19
1776830865.4585905,0.0,0,0,103.6,123.9375,19
1776830866.3039784,0.0,0,0,106.1,123.9375,19
1776830871.7940238,0.0,0,0,127.4,123.9375,19
1776830872.1106048,0.0,0,0,151.6,123.9375,19
1776830877.2046316,0.0,0,0,111.1,123.9375,19
1776830877.8427544,0.0,0,0,104.0,123.9375,19
1776830882.632678,0.0,0,0,93.3,123.9375,19
1776830884.6056964,0.0,0,0,119.1,123.9375,19
1776830887.5275302,0.0,0,0,102.1,123.9375,19
1776830891.313294,0.0,0,0,102.0,123.9375,19
1776830892.7265992,0.0,0,0,101.4,123.9375,19
1776830897.6630797,0.0,0,0,105.0,123.9375,19
1776830898.400714,0.0,0,0,105.2,123.9375,19
1776830903.5175295,0.0,0,0,101.0,123.9375,19
1776830904.5771043,0.0,0,0,102.4,123.9375,19
1776830908.7503452,0.0,0,0,95.1,123.9375,19
1776830910.8066022,0.0,0,0,97.7,123.9375,19
1776830914.349545,0.0,0,0,101.5,123.9375,19
1776830917.9522147,0.0,0,0,104.1,123.9375,19
1776830919.5760565,0.0,0,0,97.2,123.9375,19
1776830924.6550484,0.0,0,0,106.7,123.9375,19
1776830924.5776446,0.0,0,0,110.6,123.9375,19
1776830929.9060583,0.0,0,0,105.9,123.9375,19
1776830931.4175837,0.0,0,0,101.5,123.9375,19
1776830935.297575,0.0,0,0,85.8,123.9375,19
1776830938.1212866,0.0,0,0,100.8,123.9375,19
1776830940.58649,0.0,0,0,95.5,123.9375,19
1776830944.7145748,0.0,0,0,101.8,123.9375,19
1776830945.8755887,0.0,0,0,157.7,123.9375,19
1776830951.0585332,0.0,0,0,99.7,123.9375,19
1776830951.463315,0.0,0,0,98.3,123.9375,19
1776830956.8630922,0.0,0,0,115.7,123.9375,19
1776830957.9220428,0.0,0,0,100.9,123.9375,19
1776830962.0206847,0.0,0,0,105.8,123.9375,19
1776830964.7730222,0.0,0,0,97.9,123.9375,19
1776830967.1572406,0.0,0,0,151.2,123.9375,19
1776830971.5625339,0.0,0,0,108.6,123.9375,19
1776830972.5958886,0.0,0,0,80.9,123.9375,19
1776830977.8311436,0.0,0,0,103.4,123.9375,19
1776830977.951611,0.0,0,0,111.0,123.9375,19
1776830982.981128,0.0,0,0,96.8,123.9375,19
1776830984.7907252,0.0,0,0,101.2,123.9375,19
1776830987.9401982,0.0,0,0,103.6,123.9375,19
1776830991.396099,0.0,0,0,110.8,123.9375,19
1776830993.5420363,0.0,0,0,110.7,123.9375,19
1776830997.5965874,0.0,0,0,106.9,123.9375,19
1776830998.6176267,0.0,0,0,98.5,123.9375,19
1776831003.674109,0.0,0,0,91.5,123.9375,19
1776831004.2320523,0.0,0,0,95.5,123.9375,19
1776831009.0235045,0.0,0,0,86.6,123.9375,19
1776831010.9465373,0.0,0,0,97.6,123.9375,19
1776831014.3455923,0.0,0,0,106.9,123.9375,19
1776831017.558424,0.0,0,0,95.5,123.9375,19
1776831019.9018295,0.0,0,0,75.0,123.9375,19
1776831024.1855826,0.0,0,0,105.9,123.9375,19
1776831025.2371433,0.0,0,0,95.1,123.9375,19
1776831030.623161,0.0,0,0,103.6,123.9375,19
1776831030.645558,0.0,0,0,102.9,123.9375,19
1776831035.6601295,0.0,0,0,89.4,123.9375,19
1776831037.0771039,0.0,0,0,94.8,123.9375,19
1776831041.2952874,0.0,0,0,88.7,123.9375,19
1776831044.059096,0.0,0,0,95.6,123.9375,19
1776831046.4822981,0.0,0,0,101.9,123.9375,19
1776831050.9769764,0.0,0,0,101.7,123.9375,19
1776831051.7657244,0.0,0,0,102.4,123.9375,19
1776831056.9737897,0.0,0,0,98.6,123.9375,19
1776831057.917568,0.0,0,0,107.1,123.9375,19
1776831062.4166756,0.0,0,0,102.6,123.9375,19
1776831064.7703345,0.0,0,0,96.6,123.9375,19
1776831067.736134,0.0,0,0,103.0,123.9375,19
1776831071.6483939,0.0,0,0,101.7,123.9375,19
1776831073.020511,0.0,0,0,103.5,123.9375,19
1776831078.0982754,0.0,0,0,104.3,123.9375,19
1776831078.207996,0.0,0,0,157.1,123.9375,19
1776831083.758397,0.0,0,0,128.3,123.9375,19
1776831085.6121616,0.0,0,0,101.6,123.9375,19
1776831089.092605,0.0,0,0,99.9,123.9375,19
1776831092.649806,0.0,0,0,100.9,123.9375,19
1776831094.0914674,0.0,0,0,129.4,123.9375,19
1776831098.9705637,0.0,0,0,124.2,123.9375,19
1776831099.4310646,0.0,0,0,101.3,123.9375,19
1776831104.9651012,0.0,0,0,100.0,123.953125,19
1776831105.8277898,0.0,0,0,180.4,123.953125,19
1776831110.0912297,0.0,0,0,95.5,123.953125,19
1776831112.7165823,0.0,0,0,91.5,123.953125,19
1776831115.2701478,0.0,0,0,92.8,123.953125,19
1776831119.4235954,0.0,0,0,100.6,123.953125,19
1776831120.8088999,0.0,0,0,167.3,123.953125,19
1776831125.8658328,0.0,0,0,95.6,123.953125,19
1776831125.8657053,0.0,0,0,97.6,123.953125,19
1776831131.171085,0.0,0,0,105.4,123.953125,19
1776831133.1675422,0.0,0,0,93.4,123.953125,19
1776831136.6133487,0.0,0,0,99.5,123.953125,19
1776831139.5006099,0.0,0,0,96.9,123.953125,19
1776831141.6658244,0.0,0,0,97.4,123.953125,19
1776831146.2785819,0.0,0,0,101.3,123.953125,19
1776831146.9766004,0.0,0,0,89.3,123.953125,19
1776831152.2665973,0.0,0,0,91.6,123.96484375,19
1776831152.949045,0.0,0,0,96.9,123.96484375,19
1776831157.3485556,0.0,0,0,107.8,123.96484375,19
1776831159.9325964,0.0,0,0,89.5,123.96484375,19
1776831162.7391734,0.0,0,0,90.0,123.96484375,19
1776831166.3340657,0.0,0,0,96.9,123.96484375,19
1776831167.8975663,0.0,0,0,94.4,123.96484375,19
1776831172.9610581,0.0,0,0,101.7,123.96484375,19
1776831173.704139,0.0,0,0,107.4,123.96484375,19
1776831178.4621472,0.0,0,0,101.3,123.97265625,19
1776831180.6469529,0.0,0,0,101.0,123.97265625,19
1776831183.5755782,0.0,0,0,97.0,123.97265625,19
1776831187.3740752,0.0,0,0,92.0,123.97265625,19
1776831188.5191722,0.0,0,0,105.1,123.97265625,19
1776831193.9359283,0.0,0,0,101.3,123.97265625,19
1776831194.5965018,0.0,0,0,90.1,123.97265625,19
1776831199.2026348,0.0,0,0,93.3,123.97265625,19
1776831201.2286127,0.0,0,0,100.0,123.97265625,19
1776831204.8781626,0.0,0,0,104.7,123.97265625,19
1776831208.2824914,0.0,0,0,100.7,123.97265625,19
1776831210.0755885,0.0,0,0,98.5,123.97265625,19
1776831214.8470697,0.0,0,0,108.5,123.97265625,19
1776831215.6405568,0.0,0,0,92.4,123.97265625,19
1776831220.9261243,0.0,0,0,117.2,123.97265625,19
1776831221.7995908,0.0,0,0,122.8,123.97265625,19
1776831226.338855,0.0,0,0,99.5,123.97265625,19
1776831227.7135754,0.0,0,0,101.8,123.97265625,19
1776831231.6458983,0.0,0,0,97.2,123.97265625,19
1776831233.8795233,0.0,0,0,125.9,123.97265625,19
1776831237.277361,0.0,0,0,99.0,123.97265625,19
1776831240.4371293,0.0,0,0,95.0,123.97265625,19
1776831242.633643,0.0,0,0,95.8,123.97265625,19
1776831246.9636817,0.0,0,0,100.7,123.97265625,19
1776831247.6366687,0.0,0,0,139.5,123.97265625,19
1776831252.8635764,0.0,0,0,136.5,123.97265625,19
1776831253.2705777,0.0,0,0,140.7,123.97265625,19
1776831258.0834785,0.0,0,0,107.3,123.97265625,19
1776831258.985968,0.0,0,0,106.8,123.97265625,19
1776831263.4616215,0.0,0,0,128.4,123.97265625,19
1776831265.534751,0.0,0,0,101.7,123.97265625,19
1776831268.7086446,0.0,0,0,92.9,123.97265625,19
1776831272.2661612,0.0,0,0,100.1,123.97265625,19
1776831274.0407965,0.0,0,0,92.7,123.97265625,19
1776831279.302224,0.0,0,0,102.5,123.97265625,19
1776831279.4763331,0.0,0,0,101.8,123.97265625,19
1776831284.8794868,0.0,0,0,149.0,123.97265625,19
1776831285.8140583,0.0,0,0,94.8,123.97265625,19
1776831290.263931,0.0,0,0,98.5,123.97265625,19
1776831291.910993,0.0,0,0,92.3,123.97265625,19
1776831295.8280172,0.0,0,0,91.0,123.97265625,19
1776831298.4681485,0.0,0,0,103.5,123.97265625,19
1776831300.9131677,0.0,0,0,99.1,123.97265625,19
1776831305.5042624,0.0,0,0,107.3,123.97265625,19
1776831306.2645555,0.0,0,0,97.6,123.97265625,19
1776831311.48354,0.0,0,0,129.3,123.97265625,19
1776831311.6346164,0.0,0,0,107.8,123.97265625,19
1776831316.8378491,0.0,0,0,100.7,123.97265625,19
1776831318.7824686,0.0,0,0,92.7,123.97265625,19
1776831321.8470862,0.0,0,0,104.1,123.97265625,19
1776831325.0474198,0.0,0,0,101.3,123.97265625,19
1776831327.0876017,0.0,0,0,95.5,123.97265625,19
1776831331.1751835,0.0,0,0,102.6,123.97265625,19
1776831332.6619616,0.0,0,0,112.6,123.97265625,19
1776831337.5481222,0.0,0,0,100.2,123.97265625,19
1776831338.0720987,0.0,0,0,156.9,123.97265625,19
1776831342.7268507,0.0,0,0,134.6,123.97265625,19
1776831344.031508,0.0,0,0,127.7,123.97265625,19
1776831348.20514,0.0,0,0,106.3,123.97265625,19
1776831350.866567,0.0,0,0,135.6,123.97265625,19
1776831353.2625868,0.0,0,0,99.9,123.97265625,19
1776831357.7056117,0.0,0,0,105.6,123.97265625,19
1776831358.4657862,0.0,0,0,100.3,123.97265625,19
1776831363.56556,0.0,0,0,98.1,123.97265625,19
1776831364.1340873,0.0,0,0,97.5,123.97265625,19
1776831368.7062244,0.0,0,0,99.2,123.97265625,19
1776831370.2108402,0.0,0,0,98.6,123.97265625,19
1776831374.095136,0.0,0,0,106.6,123.97265625,19
1776831376.6808271,0.0,0,0,102.0,123.97265625,19
1776831379.1866946,0.0,0,0,100.8,123.97265625,19
1776831383.0735865,0.0,0,0,99.4,123.97265625,19
1776831384.5871055,0.0,0,0,102.4,123.97265625,19
1776831389.7360961,0.0,0,0,106.1,123.97265625,19
1776831389.905055,0.0,0,0,88.9,123.97265625,19
1776831395.1815948,0.0,0,0,101.8,123.97265625,19
1776831396.4950476,0.0,0,0,107.8,123.97265625,19
1776831400.3065357,0.0,0,0,100.3,123.97265625,19
1776831403.1555414,0.0,0,0,104.8,123.97265625,19
1776831405.5418558,0.0,0,0,101.5,123.97265625,19
1776831409.711595,0.0,0,0,96.2,123.97265625,19
1776831410.4620073,0.0,0,0,100.2,123.97265625,19
1776831415.7645822,0.0,0,0,91.0,123.97265625,19
1776831416.31775,0.0,0,0,102.7,123.97265625,19
1776831421.362108,0.0,0,0,93.0,123.97265625,19
1776831422.5284612,0.0,0,0,99.3,123.97265625,19
1776831426.4691527,0.0,0,0,103.4,123.97265625,19
1776831429.2302647,0.0,0,0,90.9,123.97265625,19
1776831431.892352,0.0,0,0,103.5,123.97265625,19
1776831436.1905165,0.0,0,0,99.8,123.97265625,19
1776831437.1655521,0.0,0,0,90.6,123.97265625,19
1776831442.599618,0.0,0,0,93.9,123.97265625,19
1776831443.426835,0.0,0,0,93.2,123.97265625,19
1776831448.20054,0.0,0,0,101.5,123.97265625,19
1776831450.0690231,0.0,0,0,103.9,123.97265625,19
1776831453.5215437,0.0,0,0,147.9,123.97265625,19
1776831457.049503,0.0,0,0,124.8,123.97265625,19
1776831458.7265623,0.0,0,0,104.7,123.97265625,19
1776831463.4847732,0.0,0,0,97.0,123.97265625,19
1776831464.0895913,0.0,0,0,116.3,123.97265625,19
1776831469.2165911,0.0,0,0,103.4,123.97265625,19
1776831469.627985,0.0,0,0,102.6,123.97265625,19
1776831474.6560462,0.0,0,0,99.2,123.97265625,19
1776831476.8357015,0.0,0,0,108.5,123.97265625,19
1776831480.0268707,0.0,0,0,103.9,123.97265625,19
1776831483.4989905,0.0,0,0,87.2,123.97265625,19
1776831485.067425,0.0,0,0,98.6,123.97265625,19
1776831489.7985175,0.0,0,0,104.9,123.97265625,19
1776831490.534441,0.0,0,0,118.4,123.97265625,19
1776831495.884533,0.0,0,0,89.9,123.97265625,19
1776831496.1425228,0.0,0,0,107.6,123.97265625,19
1776831500.9705772,0.0,0,0,101.7,123.97265625,19
1776831502.490535,0.0,0,0,104.5,123.97265625,19
1776831506.217617,0.0,0,0,95.6,123.97265625,19
1776831508.9184332,0.0,0,0,98.8,123.97265625,19
1776831511.2701793,0.0,0,0,102.6,123.97265625,19
1776831515.3410423,0.0,0,0,99.9,123.97265625,19
1776831516.4641392,0.0,0,0,125.5,123.97265625,19
1776831521.7672033,0.0,0,0,97.4,123.97265625,19
1776831522.317343,0.0,0,0,106.1,123.97265625,19
1776831526.766062,0.0,0,0,101.2,123.97265625,19
1776831528.036355,0.0,0,0,96.3,123.97265625,19
1776831531.85311,0.0,0,0,99.9,123.97265625,19
1776831534.5462492,0.0,0,0,98.7,123.97265625,19
1776831536.9290783,0.0,0,0,96.0,123.97265625,19
1776831541.908624,0.0,0,0,101.3,123.97265625,19
1776831541.7418323,0.0,0,0,227.8,123.97265625,19
1776831547.0927026,0.0,0,0,100.1,123.97265625,19
1776831549.0915513,0.0,0,0,133.6,123.97265625,19
1776831552.1686292,0.0,0,0,104.0,123.97265625,19
1776831555.6657474,0.0,0,0,149.8,123.97265625,19
1776831557.5601845,0.0,0,0,89.1,123.97265625,19
1776831562.5515594,0.0,0,0,132.6,123.97265625,19
1776831563.1114845,0.0,0,0,103.0,123.97265625,19
1776831568.3304174,0.0,0,0,104.2,123.97265625,19
1776831569.426675,0.0,0,0,95.5,123.97265625,19
1776831573.417541,0.0,0,0,93.4,123.97265625,19
1776831575.6640942,0.0,0,0,109.9,123.97265625,19
1776831578.6941113,0.0,0,0,102.4,123.97265625,19
1776831582.534215,0.0,0,0,100.5,123.97265625,19
1776831583.9515567,0.0,0,0,153.4,123.97265625,19
1776831589.279763,0.0,0,0,117.5,123.97265625,19
1776831589.2001698,0.0,0,0,96.6,123.97265625,19
1776831594.2015624,0.0,0,0,95.5,123.97265625,19
1776831595.980719,0.0,0,0,102.4,123.97265625,19
1776831599.347058,0.0,0,0,102.3,123.97265625,19
1776831602.86208,0.0,0,0,93.7,123.97265625,19
1776831604.372615,0.0,0,0,95.0,123.97265625,19
1776831609.4192781,0.0,0,0,96.2,123.97265625,19
1776831609.5633779,0.0,0,0,97.8,123.97265625,19
1776831614.7426543,0.0,0,0,99.2,123.97265625,19
1776831616.386069,0.0,0,0,102.8,123.97265625,19
1776831620.2280784,0.0,0,0,97.9,123.97265625,19
1776831623.082854,0.0,0,0,101.4,123.97265625,19
1776831625.381175,0.0,0,0,109.2,123.97265625,19
1776831630.127597,0.0,0,0,105.8,123.97265625,19
1776831630.5871146,0.0,0,0,102.8,123.97265625,19
1776831635.7376287,0.0,0,0,108.7,123.97265625,19
1776831636.7165828,0.0,0,0,102.7,123.97265625,19
1776831641.254141,0.0,0,0,101.2,123.97265625,19
1776831643.0885806,0.0,0,0,97.7,123.97265625,19
1776831646.2120793,0.0,0,0,103.6,123.97265625,19
1776831649.503023,0.0,0,0,90.5,123.97265625,19
1776831651.64705,0.0,0,0,101.8,123.97265625,19
1776831655.961624,0.0,0,0,115.1,123.97265625,19
1776831657.143085,0.0,0,0,103.6,123.97265625,19
1776831662.361738,0.0,0,0,91.9,123.97265625,19
1776831662.6230214,0.0,0,0,99.8,123.97265625,19
1776831667.6555781,0.0,0,0,88.1,123.97265625,19
1776831669.449607,0.0,0,0,105.4,123.97265625,19
1776831672.8500881,0.0,0,0,100.4,123.97265625,19
1776831675.9625385,0.0,0,0,87.7,123.97265625,19
1776831678.6642206,0.0,0,0,96.0,123.97265625,19
1776831682.3185203,0.0,0,0,97.7,123.97265625,19
1776831683.932094,0.0,0,0,90.3,123.97265625,19
1776831688.6775906,0.0,0,0,95.0,123.97265625,19
1776831689.5505989,0.0,0,0,132.1,123.97265625,19
1776831694.495059,0.0,0,0,107.1,123.97265625,19
1776831695.0545619,0.0,0,0,107.4,123.97265625,19
1776831699.7597291,0.0,0,0,112.8,123.97265625,19
1776831702.07364,0.0,0,0,100.7,123.97265625,19
1776831704.9673164,0.0,0,0,107.2,123.97265625,19
1776831708.9295354,0.0,0,0,90.0,123.97265625,19
1776831710.0587895,0.0,0,0,159.6,123.97265625,19
1776831715.197513,0.0,0,0,99.6,123.97265625,19
1776831716.1149027,0.0,0,0,105.8,123.97265625,19
1776831720.5346074,0.0,0,0,106.6,123.97265625,19
1776831723.211943,0.0,0,0,105.1,123.97265625,19
1776831725.6085894,0.0,0,0,103.0,123.97265625,19
1776831729.5876963,0.0,0,0,106.8,123.97265625,19
1776831730.6988304,0.0,0,0,99.0,123.97265625,19
1776831735.9790025,0.0,0,0,94.1,123.97265625,19
1776831736.5381072,0.0,0,0,90.1,123.97265625,19
1776831741.1307368,0.0,0,0,93.5,123.97265625,19
1776831743.257386,0.0,0,0,99.8,123.97265625,19
1776831746.4978373,0.0,0,0,99.5,123.97265625,19
1776831749.618167,0.0,0,0,100.0,123.97265625,19
1776831751.6711519,0.0,0,0,102.4,123.97265625,19
1776831756.1600413,0.0,0,0,94.0,123.97265625,19
1776831756.7995698,0.0,0,0,140.2,123.97265625,19
1776831762.2765734,0.0,0,0,129.3,123.97265625,19
1776831763.4594176,0.0,0,0,97.8,123.97265625,19
1776831767.5653586,0.0,0,0,96.1,123.97265625,19
1776831770.3722045,0.0,0,0,98.9,123.97265625,19
1776831772.8097165,0.0,0,0,110.1,123.97265625,19
1776831777.012952,0.0,0,0,106.7,123.97265625,19
1776831777.92788,0.0,0,0,98.9,123.97265625,19
1776831783.0831437,0.0,0,0,97.0,123.97265625,19
1776831783.0501819,0.0,0,0,100.6,123.97265625,19
1776831788.3753738,0.0,0,0,95.4,123.97265625,19
1776831789.7641509,0.0,0,0,100.3,123.97265625,19
1776831793.8507462,0.0,0,0,98.6,123.97265625,19
1776831795.8849785,0.0,0,0,97.2,123.97265625,19
1776831799.0704265,0.0,0,0,96.4,123.97265625,19
1776831802.70015,0.0,0,0,102.2,123.97265625,19
1776831804.257642,0.0,0,0,106.6,123.97265625,19
1776831809.1592014,0.0,0,0,101.6,123.97265625,19
1776831809.4904368,0.0,0,0,95.3,123.97265625,19
1776831814.852757,0.0,0,0,106.2,123.97265625,19
1776831815.922713,0.0,0,0,98.0,123.97265625,19
1776831820.0901573,0.0,0,0,97.9,123.97265625,19
1776831822.6336825,0.0,0,0,101.7,123.97265625,19
1776831825.3874662,0.0,0,0,100.2,123.97265625,19
1776831829.2946818,0.0,0,0,105.2,123.97265625,19
1776831830.6371205,0.0,0,0,89.5,123.97265625,19
1776831835.6686475,0.0,0,0,112.0,123.97265625,19
1776831835.8271978,0.0,0,0,88.2,123.97265625,19
1776831841.0590582,0.0,0,0,109.3,123.97265625,19
1776831842.2606206,0.0,0,0,101.3,123.97265625,19
1776831845.9863603,0.0,0,0,90.3,123.97265625,19
1776831849.4553745,0.0,0,0,97.9,123.97265625,19
1776831850.9802039,0.0,0,0,118.0,123.97265625,19
1776831856.3436534,0.0,0,0,102.9,123.97265625,19
1776831856.5451057,0.0,0,0,96.1,123.97265625,19
1776831861.9082487,0.0,0,0,86.5,123.97265625,19
1776831863.2476885,0.0,0,0,98.0,123.97265625,19
1776831867.0806692,0.0,0,0,105.7,123.97265625,19
1776831869.6851585,0.0,0,0,101.8,123.97265625,19
1776831872.3566263,0.0,0,0,93.3,123.97265625,19
1776831876.1163282,0.0,0,0,100.5,123.97265625,19
1776831877.7749546,0.0,0,0,109.8,123.97265625,19
1776831882.6366434,0.0,0,0,97.3,123.97265625,19
1776831882.9679127,0.0,0,0,98.6,123.97265625,19
1776831888.7644074,0.0,0,0,97.7,123.97265625,19
1776831889.6872823,0.0,0,0,100.4,123.97265625,19
1776831894.0338223,0.0,0,0,98.6,123.97265625,19
1776831895.9871619,0.0,0,0,105.6,123.97265625,19
1776831899.2787478,0.0,0,0,102.0,123.97265625,19
1776831902.4514604,0.0,0,0,97.8,123.97265625,19
1776831904.5601904,0.0,0,0,120.0,123.97265625,19
1776831909.1431487,0.0,0,0,168.6,123.97265625,19
1776831909.767251,0.0,0,0,108.0,123.97265625,19
1776831914.948341,0.0,0,0,143.1,123.97265625,19
1776831915.8899636,0.0,0,0,109.0,123.97265625,19
1776831920.2196813,0.0,0,0,101.9,123.97265625,19
1776831922.5451865,0.0,0,0,102.7,123.97265625,19
1776831925.5382166,0.0,0,0,97.9,123.97265625,19
1776831928.8800929,0.0,0,0,88.7,123.97265625,19
1776831930.79787,0.0,0,0,105.8,123.97265625,19
1776831935.314223,0.0,0,0,92.7,123.97265625,19
1776831936.1081696,0.0,0,0,115.3,123.97265625,19
1776831941.5421968,0.0,0,0,100.0,123.97265625,19
1776831942.2325678,0.0,0,0,131.4,123.97265625,19
1776831947.011248,0.0,0,0,98.9,123.97265625,19
1776831948.8567033,0.0,0,0,103.8,123.97265625,19
1776831952.6625123,0.0,0,0,94.3,123.97265625,19
1776831955.5562844,0.0,0,0,101.9,123.97265625,19
1776831957.671663,0.0,0,0,103.0,123.97265625,19
1776831961.9316819,0.0,0,0,111.6,123.97265625,19
1776831962.7532706,0.0,0,0,91.6,123.97265625,19
1776831968.0017557,0.0,0,0,92.2,123.97265625,19
1776831968.5866833,0.0,0,0,99.5,123.97265625,19
1776831972.965144,0.0,0,0,104.2,123.97265625,19
1776831975.3031502,0.0,0,0,99.3,123.97265625,19
1776831978.426827,0.0,0,0,109.3,123.97265625,19
1776831981.6681447,0.0,0,0,96.6,123.97265625,19
1776831983.6374888,0.0,0,0,105.1,123.97265625,19
1776831988.7459793,0.0,0,0,107.9,123.97265625,19
1776831988.991739,0.0,0,0,99.5,123.97265625,19
1776831994.298503,0.0,0,0,100.2,123.97265625,19
1776831995.0802906,0.0,0,0,102.9,123.97265625,19
1776831999.4121752,0.0,0,0,104.7,123.97265625,19
1776832001.6205964,0.0,0,0,93.3,123.97265625,19
1776832004.933106,0.0,0,0,100.9,123.97265625,19
1776832008.2487044,0.0,0,0,106.4,123.97265625,19
1776832010.175432,0.0,0,0,102.8,123.97265625,19
1776832014.8932014,0.0,0,0,99.9,123.97265625,19
1776832015.616873,0.0,0,0,101.4,123.97265625,19
1776832020.5856948,0.0,0,0,92.4,123.97265625,19
1776832022.0226324,0.0,0,0,115.8,123.97265625,19
1776832025.9487755,0.0,0,0,87.3,123.97265625,19
1776832028.4341745,0.0,0,0,100.6,123.97265625,19
1776832030.9571579,0.0,0,0,97.4,123.97265625,19
1776832035.2164268,0.0,0,0,89.3,123.97265625,19
1776832035.9525065,0.0,0,0,103.4,123.97265625,19
1776832041.2530644,0.0,0,0,98.1,123.97265625,19
1776832042.2871287,0.0,0,0,91.2,123.97265625,19
1776832046.338379,0.0,0,0,127.2,123.97265625,19
1776832048.4961789,0.0,0,0,104.6,123.97265625,19
1776832051.7181854,0.0,0,0,98.8,123.97265625,19
1776832055.1531558,0.0,0,0,110.3,123.97265625,19
1776832057.0238163,0.0,0,0,117.1,123.97265625,19
1776832061.5444653,0.0,0,0,94.5,123.97265625,19
1776832062.205898,0.0,0,0,102.8,123.97265625,19
1776832067.7537017,0.0,0,0,103.5,123.97265625,19
1776832067.2835538,0.0,0,0,103.0,123.97265625,19
1776832072.5576665,0.0,0,0,104.6,123.97265625,19
1776832074.3707335,0.0,0,0,103.6,123.97265625,19
1776832077.815231,0.0,0,0,127.0,123.97265625,19
1776832080.852766,0.0,0,0,97.0,123.97265625,19
1776832082.8082533,0.0,0,0,99.5,123.97265625,19
1776832087.6821709,0.0,0,0,87.2,123.97265625,19
1776832088.2821689,0.0,0,0,99.3,123.97265625,19
1776832093.6306362,0.0,0,0,104.5,123.97265625,19
1776832094.3581486,0.0,0,0,93.2,123.97265625,19
1776832099.1106007,0.0,0,0,101.1,123.97265625,19
1776832101.4717124,0.0,0,0,94.4,123.97265625,19
1776832104.1457963,0.0,0,0,103.9,123.97265625,19
1776832108.2108073,0.0,0,0,88.6,123.97265625,19
1776832109.3493438,0.0,0,0,90.5,123.97265625,19
1776832114.4417305,0.0,0,0,99.6,123.97265625,19
1776832114.7544374,0.0,0,0,116.2,123.97265625,19
1776832119.4228654,0.0,0,0,97.3,123.97265625,19
1776832121.0761647,0.0,0,0,97.6,123.97265625,19
1776832124.4261594,0.0,0,0,108.7,123.97265625,19
1776832127.7861388,0.0,0,0,103.4,123.97265625,19
1776832129.9561386,0.0,0,0,104.8,123.97265625,19
1776832134.516181,0.0,0,0,101.1,123.97265625,19
1776832135.1243331,0.0,0,0,103.4,123.97265625,19
1776832140.4470778,0.0,0,0,115.2,123.97265625,19
1776832141.447703,0.0,0,0,117.6,123.97265625,19
1776832145.52672,0.0,0,0,101.5,123.97265625,19
1776832147.8922029,0.0,0,0,102.5,123.97265625,19
1776832150.6821444,0.0,0,0,92.7,123.97265625,19
1776832154.368672,0.0,0,0,110.6,123.97265625,19
1776832155.8811445,0.0,0,0,93.8,123.97265625,19
1776832161.0133007,0.0,0,0,93.7,123.97265625,19
1776832161.1971295,0.0,0,0,103.9,123.97265625,19
1776832166.1823294,0.0,0,0,104.0,123.97265625,19
1776832168.1273158,0.0,0,0,101.2,123.97265625,19
1776832171.7161674,0.0,0,0,99.6,123.97265625,19
1776832174.7401574,0.0,0,0,106.3,123.97265625,19
1776832176.650103,0.0,0,0,144.8,123.97265625,19
1776832181.0111988,0.0,0,0,111.7,123.97265625,19
1776832181.9045267,0.0,0,0,101.1,123.97265625,19
1776832187.1350002,0.0,0,0,101.7,123.97265625,19
1776832187.5724,0.0,0,0,108.3,123.97265625,19
1776832192.63921,0.0,0,0,111.7,123.97265625,19
1776832194.088323,0.0,0,0,99.1,123.97265625,19
1776832197.7821138,0.0,0,0,91.3,123.97265625,19
1776832200.2937226,0.0,0,0,102.8,123.97265625,19
1776832202.895135,0.0,0,0,110.7,123.97265625,19
1776832207.0006454,0.0,0,0,108.9,123.97265625,19
1776832208.2226934,0.0,0,0,100.2,123.97265625,19
1776832213.19216,0.0,0,0,109.7,123.97265625,19
1776832213.5047338,0.0,0,0,98.4,123.97265625,19
1776832218.2616758,0.0,0,0,101.2,123.97265625,19
1776832219.7911344,0.0,0,0,98.7,123.97265625,19
1776832223.3516552,0.0,0,0,101.0,123.97265625,19
1776832226.3320954,0.0,0,0,94.2,123.97265625,19
1776832228.6812694,0.0,0,0,89.7,123.97265625,19
1776832233.0081387,0.0,0,0,102.4,123.97265625,19
1776832234.0762017,0.0,0,0,99.0,123.97265625,19
1776832239.4309688,0.0,0,0,91.7,123.97265625,19
1776832239.2897193,0.0,0,0,98.6,123.97265625,19
1776832244.3181622,0.0,0,0,117.5,123.97265625,19
1776832245.9554288,0.0,0,0,122.8,123.97265625,19
1776832249.8398948,0.0,0,0,100.1,123.97265625,19
1776832253.1552668,0.0,0,0,96.0,123.97265625,19
1776832255.1969151,0.0,0,0,102.3,123.97265625,19
1776832259.5592344,0.0,0,0,95.1,123.97265625,19
1776832260.518593,0.0,0,0,95.4,123.97265625,19
1776832265.900789,0.0,0,0,97.3,123.97265625,19
1776832266.5902429,0.0,0,0,103.9,123.97265625,19
1776832271.037059,0.0,0,0,104.4,123.97265625,19
1776832273.224006,0.0,0,0,97.2,123.97265625,19
1776832276.2747953,0.0,0,0,92.2,123.97265625,19
1776832279.5762258,0.0,0,0,100.0,123.97265625,19
1776832281.2091854,0.0,0,0,99.8,123.97265625,19
1776832285.9616387,0.0,0,0,100.8,123.97265625,19
1776832286.396132,0.0,0,0,99.9,123.97265625,19
1776832291.9199653,0.0,0,0,94.8,123.97265625,19
1776832292.404151,0.0,0,0,90.1,123.97265625,19
1776832296.9827092,0.0,0,0,103.8,123.97265625,19
1776832298.6760108,0.0,0,0,93.3,123.97265625,19
1776832302.1038976,0.0,0,0,103.2,123.97265625,19
1776832304.9321723,0.0,0,0,97.0,123.97265625,19
1776832307.0712929,0.0,0,0,119.8,123.97265625,19
1776832311.429191,0.0,0,0,106.1,123.97265625,19
1776832312.2566059,0.0,0,0,105.6,123.97265625,19
1776832317.3942246,0.0,0,0,103.5,123.97265625,19
1776832318.1361177,0.0,0,0,103.8,123.97265625,19
1776832322.665735,0.0,0,0,91.2,123.97265625,19
1776832324.4001932,0.0,0,0,110.3,123.97265625,19
1776832328.0252693,0.0,0,0,96.1,123.97265625,19
1776832330.9829237,0.0,0,0,99.6,123.97265625,19
1776832333.3307152,0.0,0,0,105.4,123.97265625,19
1776832337.8771036,0.0,0,0,107.9,123.97265625,19
1776832338.6793425,0.0,0,0,111.9,123.97265625,19
1776832344.018162,0.0,0,0,107.4,123.97265625,19
1776832345.0407794,0.0,0,0,88.9,123.97265625,19
1776832349.5887194,0.0,0,0,102.5,123.97265625,19
1776832351.4371183,0.0,0,0,107.7,123.97265625,19
1776832354.6428947,0.0,0,0,103.8,123.97265625,19
1776832358.2513154,0.0,0,0,91.2,123.97265625,19
1776832360.0526888,0.0,0,0,92.6,123.97265625,19
1776832364.6941926,0.0,0,0,97.6,123.97265625,19
1776832365.2130969,0.0,0,0,102.7,123.97265625,19
1776832370.7672706,0.0,0,0,91.2,123.97265625,19
1776832371.3406863,0.0,0,0,103.9,123.97265625,19
1776832376.0994482,0.0,0,0,101.7,123.97265625,19
1776832377.225209,0.0,0,0,103.0,123.97265625,19
1776832381.2667592,0.0,0,0,103.8,123.97265625,19
1776832383.785268,0.0,0,0,108.3,123.97265625,19
1776832386.575879,0.0,0,0,98.7,123.97265625,19
1776832391.2698832,0.0,0,0,103.9,123.97265625,19
1776832391.978134,0.0,0,0,102.6,123.97265625,19
1776832397.2003498,0.0,0,0,103.1,123.97265625,19
1776832397.9907632,0.0,0,0,105.4,123.97265625,19
1776832402.5583298,0.0,0,0,100.0,123.97265625,19
1776832404.4665718,0.0,0,0,106.1,123.97265625,19
1776832408.034281,0.0,0,0,97.7,123.97265625,19
1776832411.1764812,0.0,0,0,95.0,123.97265625,19
1776832413.555794,0.0,0,0,109.4,123.97265625,19
1776832417.3719378,0.0,0,0,95.9,123.97265625,19
1776832418.814157,0.0,0,0,99.8,123.97265625,19
1776832423.7022715,0.0,0,0,102.9,123.97265625,19
1776832424.4082286,0.0,0,0,89.3,123.97265625,19
1776832429.9599066,0.0,0,0,100.8,123.97265625,19
1776832429.9597683,0.0,0,0,105.9,123.97265625,19
1776832435.12972,0.0,0,0,121.2,123.97265625,19
1776832436.6352713,0.0,0,0,99.4,123.97265625,19
1776832440.2460406,0.0,0,0,91.1,123.97265625,19
1776832443.4882774,0.0,0,0,103.1,123.97265625,19
1776832445.3858304,0.0,0,0,106.7,123.97265625,19
1776832449.8185315,0.0,0,0,104.3,123.97265625,19
1776832450.519065,0.0,0,0,103.6,123.97265625,19
1776832455.639434,0.0,0,0,93.9,123.97265625,19
1776832456.4151464,0.0,0,0,106.7,123.97265625,19
1776832461.0104332,0.0,0,0,97.5,123.97265625,19
1776832462.8015304,0.0,0,0,96.4,123.97265625,19
1776832466.2104576,0.0,0,0,87.7,123.97265625,19
1776832469.4352884,0.0,0,0,93.5,123.97265625,19
1776832471.7342408,0.0,0,0,107.4,123.97265625,19
1776832476.7161367,0.0,0,0,114.1,123.97265625,19
1776832476.9364853,0.0,0,0,97.4,123.97265625,19
1776832482.496533,0.0,0,0,102.0,123.97265625,19
1776832483.1955252,0.0,0,0,116.6,123.97265625,19
1776832487.3230057,0.0,0,0,109.8,60.6015625,14
1776832487.9178638,0.0,0,0,106.8,123.97265625,19
1776832488.067276,0.0,0,0,127.0,61.0390625,22
1776832490.0341353,0.0,0,0,106.2,123.97265625,19
1776832493.4344456,0.0,0,0,87.5,123.97265625,19
1776832493.422606,0.0,0,0,99.8,61.11328125,22
1776832493.9455297,0.0,0,0,112.5,61.11328125,22
1776832496.3295465,0.0,0,0,107.6,123.97265625,19
1776832498.516514,0.0,0,0,100.0,61.125,22
1776832498.6858191,0.0,0,0,90.0,123.97265625,19
1776832500.6180015,0.0,0,0,88.3,61.140625,22
1776832503.404791,0.0,0,0,100.9,123.97265625,19
1776832503.8378146,0.0,0,0,108.5,123.97265625,19
1776832503.854589,0.0,0,0,107.5,61.1484375,22
1776832507.1576686,0.0,0,0,104.5,61.1484375,22
1776832508.8884432,0.0,0,0,103.7,61.1796875,22
1776832508.9234984,0.0,0,0,93.5,123.97265625,19
1776832509.9765198,0.0,0,0,100.2,123.97265625,19
1776832513.7323606,0.0,0,0,106.1,61.1796875,22
1776832513.946917,0.0,0,0,98.7,61.1796875,22
1776832514.2907915,0.0,0,0,96.0,123.97265625,19
1776832516.225459,0.0,0,0,103.2,123.97265625,19
1776832517.971849,0.0,0,0,101.3,60.359375,11
1776832519.3215466,0.0,0,0,95.9,123.97265625,19
1776832518.980888,0.0,0,0,103.6,60.84765625,22
1776832519.321573,0.0,0,0,105.5,61.2578125,24
1776832519.985525,0.0,0,0,98.3,61.2578125,24
1776832522.712601,0.0,0,0,102.9,123.97265625,19
1776832524.3022838,0.0,0,0,94.5,61.0546875,22
1776832524.4069445,0.0,0,0,108.0,61.33984375,24
1776832524.4129853,0.0,0,0,99.2,123.97265625,19
1776832525.1791096,0.0,0,0,97.1,61.05859375,22
1776832526.723603,0.0,0,0,101.1,61.33984375,24
1776832529.3460128,0.0,0,0,117.4,123.97265625,19
1776832529.3677335,0.0,0,0,123.9,61.109375,22
1776832529.6556182,0.0,0,0,104.8,123.97265625,19
1776832529.8723707,0.0,0,0,106.8,61.38671875,24
1776832532.222543,0.0,0,0,153.3,61.23046875,22
1776832533.2305949,0.0,0,0,97.5,61.4296875,24
1776832534.6502428,0.0,0,0,99.1,61.2578125,22
1776832535.05631,0.0,0,0,99.8,61.46484375,24
1776832535.2660758,0.0,0,0,98.6,123.97265625,19
1776832535.9181547,0.0,0,0,102.8,123.97265625,19
1776832539.0267735,0.0,0,0,145.3,61.2578125,22
1776832539.722455,0.0,0,0,93.4,61.46484375,24
1776832539.7690525,0.0,0,0,120.4,61.26171875,22
1776832540.7056167,0.0,0,0,94.6,61.46484375,24
1776832540.8807163,0.0,0,0,96.7,123.97265625,19
1776832542.42545,0.0,0,0,93.5,123.97265625,19
1776832544.9989555,0.0,0,0,96.4,61.33203125,22
1776832545.5626807,0.0,0,0,103.2,61.33203125,22
1776832546.2371008,0.0,0,0,108.7,123.97265625,19
1776832546.2060509,0.0,0,0,108.3,61.4921875,24
1776832546.1906748,0.0,0,0,102.5,61.4921875,24
1776832549.1594532,0.0,0,0,111.2,123.97265625,19
1776832550.5315151,0.0,0,0,93.4,61.41015625,24
1776832551.533791,0.0,0,0,108.2,123.97265625,19
1776832551.6972482,0.0,0,0,107.2,61.44140625,21
1776832552.1872344,0.0,0,0,63.8,61.44140625,21
1776832552.6518614,0.0,0,0,102.3,61.41015625,24
1776832555.4815657,0.0,0,0,133.2,123.97265625,19
1776832555.6139112,0.0,0,0,99.2,61.421875,24
1776832556.8237307,0.0,0,0,99.4,123.18359375,19
1776832557.3158908,0.0,0,0,101.3,61.46484375,21
1776832558.5200198,0.0,0,0,102.4,61.46484375,21
1776832559.4537752,0.0,0,0,110.6,61.421875,24
1776832560.7884655,0.0,0,0,102.6,61.42578125,24
1776832562.0210235,0.0,0,0,112.9,123.18359375,19
1776832562.1597242,0.0,0,0,90.7,123.18359375,19
1776832562.7975273,0.0,0,0,91.6,61.46484375,21
1776832565.1865315,0.0,0,0,95.2,61.49609375,21
1776832566.2246592,0.0,0,0,104.4,61.4375,24
1776832565.9047685,0.0,0,0,96.5,61.4375,24
1776832567.1929219,0.0,0,0,101.0,123.18359375,19
1776832568.1925974,0.0,0,0,134.8,61.62109375,21
1776832568.5973952,0.0,0,0,100.8,123.18359375,19
1776832569.7603755,0.0,0,0,93.2,60.4921875,12
1776832570.731594,0.0,0,0,101.9,61.05078125,22
1776832571.2775283,0.0,0,0,98.8,61.4453125,24
1776832572.69199,0.0,0,0,94.0,123.18359375,19
1776832572.4151025,0.0,0,0,100.4,61.62109375,21
1776832572.8152783,0.0,0,0,106.0,61.4453125,24
1776832573.3031228,0.0,0,0,101.3,61.625,21
1776832575.9055917,0.0,0,0,108.6,61.22265625,22
1776832576.083049,0.0,0,0,96.9,123.18359375,19
1776832576.2859614,0.0,0,0,96.8,61.4609375,24
1776832576.5763955,0.0,0,0,122.1,61.22265625,22
1776832578.4515233,0.0,0,0,103.6,61.7578125,21
1776832578.1659572,0.0,0,0,155.1,123.18359375,19
1776832579.331591,0.0,0,0,95.6,61.4453125,21
1776832581.1852503,0.0,0,0,99.2,61.27734375,22
1776832581.108779,0.0,0,0,102.9,61.76953125,21
1776832581.819972,0.0,0,0,100.5,61.4453125,21
1776832582.3933809,0.0,0,0,110.2,123.18359375,19
1776832583.6431377,0.0,0,0,102.9,61.76953125,21
1776832583.5685937,0.0,0,0,94.9,123.18359375,19
1776832583.8457584,0.0,0,0,90.0,61.30859375,22
1776832586.4729352,0.0,0,0,107.4,61.31640625,22
1776832586.7643523,0.0,0,0,102.5,61.44921875,21
1776832587.1060138,0.0,0,0,93.2,61.44921875,21
1776832588.64882,0.0,0,0,97.2,123.18359375,19
1776832588.8925724,0.0,0,0,105.3,123.18359375,19
1776832588.8632777,0.0,0,0,95.4,61.796875,21
1776832589.347982,0.0,0,0,95.6,61.796875,21
1776832590.9556475,0.0,0,0,122.6,61.31640625,22
1776832591.7743542,0.0,0,0,90.0,61.31640625,22
1776832592.0087037,0.0,0,0,96.9,61.46484375,21
1776832594.096621,0.0,0,0,102.1,61.796875,21
1776832594.048775,0.0,0,0,150.6,61.4765625,21
1776832594.4772615,0.0,0,0,96.2,123.18359375,19
1776832594.8238518,0.0,0,0,101.7,123.18359375,19
1776832595.7846074,0.0,0,0,100.5,61.796875,21
1776832596.8121302,0.0,0,0,98.7,61.37109375,22
1776832597.2279952,0.0,0,0,98.4,61.49609375,21
1776832597.4244184,0.0,0,0,99.1,61.37109375,22
1776832599.3195531,0.0,0,0,102.9,61.82421875,21
1776832599.490602,0.0,0,0,96.9,123.18359375,19
1776832600.889201,0.0,0,0,64.7,123.18359375,19
1776832600.9117627,0.0,0,0,81.5,61.49609375,21
1776832602.3203187,0.0,0,0,81.5,61.82421875,21
1776832602.2575805,0.0,0,0,102.7,61.421875,24
1776832602.7104075,0.0,0,0,102.5,61.5234375,21
1776832603.6611936,0.0,0,0,98.4,61.421875,24
1776832604.3831236,0.0,0,0,136.6,61.83203125,21
1776832604.5320506,0.0,0,0,103.6,123.18359375,19
1776832607.5531526,0.0,0,0,97.2,61.5234375,21
1776832607.591222,0.0,0,0,103.3,61.44921875,24
1776832607.799978,0.0,0,0,93.7,61.5234375,21
1776832608.8812113,0.0,0,0,122.6,123.18359375,19
1776832609.059935,0.0,0,0,102.2,61.83203125,21
1776832609.8583212,0.0,0,0,109.8,123.18359375,19
1776832609.843643,0.0,0,0,97.5,61.83203125,21
1776832610.448162,0.0,0,0,94.1,61.44921875,24
1776832612.9951112,0.0,0,0,91.9,61.4609375,24
1776832613.394499,0.0,0,0,149.0,61.52734375,21
1776832614.0374558,0.0,0,0,96.4,61.52734375,21
1776832615.0385706,0.0,0,0,102.1,123.18359375,19
1776832615.4362473,0.0,0,0,62.6,61.86328125,21
1776832615.5294952,0.0,0,0,106.3,123.18359375,19
1776832616.2764297,0.0,0,0,109.6,61.86328125,21
1776832616.820307,0.0,0,0,106.0,61.50390625,24
1776832618.3922968,0.0,0,0,110.3,61.51953125,24
1776832618.5401907,0.0,0,0,115.5,61.5390625,21
1776832620.5896192,0.0,0,0,94.2,123.18359375,19
1776832620.820963,0.0,0,0,88.7,61.84375,19
1776832621.4668467,0.0,0,0,102.6,61.5390625,21
1776832622.2884154,0.0,0,0,107.4,123.18359375,19
1776832622.2873933,0.0,0,0,114.1,61.84375,19
1776832623.6074636,0.0,0,0,101.3,61.51953125,24
1776832623.948321,0.0,0,0,94.1,61.55078125,21
1776832625.873666,0.0,0,0,104.9,123.18359375,19
1776832626.448555,0.0,0,0,91.4,61.87109375,19
1776832628.028211,0.0,0,0,104.1,61.5546875,21
1776832628.691587,0.0,0,0,105.3,61.87109375,19
1776832628.7319286,0.0,0,0,97.0,61.52734375,24
1776832629.094898,0.0,0,0,99.7,123.18359375,19
1776832629.26772,0.0,0,0,101.8,61.58984375,21
1776832630.237907,0.0,0,0,99.1,61.46484375,21
1776832631.0283642,0.0,0,0,96.7,123.18359375,19
1776832631.636213,0.0,0,0,99.9,61.8828125,19
1776832633.884633,0.0,0,0,101.8,61.46484375,21
1776832634.341215,0.0,0,0,105.3,60.43359375,13
1776832634.559362,0.0,0,0,99.1,61.58984375,21
1776832634.6530707,0.0,0,0,101.2,61.58984375,21
1776832635.231953,0.0,0,0,102.5,60.9765625,22
1776832636.571224,0.0,0,0,100.6,123.18359375,19
1776832636.7283773,0.0,0,0,104.3,61.8828125,19
1776832636.703038,0.0,0,0,98.5,123.18359375,19
1776832636.8486652,0.0,0,0,99.7,61.8828125,19
1776832637.1915479,0.0,0,0,143.4,61.46484375,21
1776832639.0314684,0.0,0,0,107.1,61.46484375,21
1776832639.6586187,0.0,0,0,138.7,61.58984375,21
1776832640.7172725,0.0,0,0,103.8,61.21484375,22
1776832642.1412973,0.0,0,0,136.5,61.8828125,19
1776832641.8655882,0.0,0,0,108.1,61.21875,22
1776832642.2531598,0.0,0,0,99.7,123.18359375,19
1776832642.1471703,0.0,0,0,102.2,61.58984375,21
1776832643.2179184,0.0,0,0,109.2,61.8828125,19
1776832643.769545,0.0,0,0,86.9,123.18359375,19
1776832644.1976712,0.0,0,0,94.5,61.46484375,21
1776832644.6366646,0.0,0,0,103.9,61.46484375,21
1776832644.7162268,0.0,0,0,145.3,61.59375,21
1776832646.0817258,0.0,0,0,107.6,61.25,22
1776832647.319622,0.0,0,0,96.1,61.8828125,19
1776832647.7288501,0.0,0,0,102.6,123.18359375,19
1776832649.1593654,0.0,0,0,108.7,61.59375,21
1776832649.4475083,0.0,0,0,103.7,61.46875,21
1776832649.7269452,0.0,0,0,100.7,123.18359375,19
1776832649.8651915,0.0,0,0,93.3,61.59375,21
1776832650.4472187,0.0,0,0,108.1,61.46875,21
1776832650.898827,0.0,0,0,96.8,61.8828125,19
1776832651.6481647,0.0,0,0,101.9,61.26953125,22
1776832652.0037322,0.0,0,0,87.5,61.26953125,22
1776832652.8326542,0.0,0,0,95.5,123.18359375,19
1776832653.1273067,0.0,0,0,89.0,61.8828125,19
1776832654.4991646,0.0,0,0,97.0,61.46875,21
1776832655.15948,0.0,0,0,106.1,61.57421875,19
1776832655.9272714,0.0,0,0,105.2,61.57421875,19
1776832656.1903358,0.0,0,0,92.4,123.18359375,19
1776832657.157439,0.0,0,0,97.1,61.8828125,19
1776832657.14242,0.0,0,0,101.9,61.28125,22
1776832657.3256388,0.0,0,0,98.2,61.46875,21
1776832657.921317,0.0,0,0,102.6,123.18359375,19
1776832658.3822572,0.0,0,0,97.9,61.8984375,19
1776832659.03872,0.0,0,0,95.2,61.28125,22
1776832659.5894058,0.0,0,0,100.2,61.47265625,21
1776832660.2027256,0.0,0,0,98.2,61.578125,19
1776832662.5403638,0.0,0,0,123.7,61.33203125,22
1776832662.5579524,0.0,0,0,82.6,61.578125,19
1776832663.5529444,0.0,0,0,141.2,61.91015625,19
1776832663.6442068,0.0,0,0,132.9,123.18359375,19
1776832663.9329925,0.0,0,0,99.6,61.91015625,19
1776832664.115392,0.0,0,0,91.4,61.48046875,21
1776832664.9337475,0.0,0,0,107.2,61.48046875,21
1776832665.1278133,0.0,0,0,100.7,123.18359375,19
1776832665.3753426,0.0,0,0,107.0,61.640625,19
1776832666.8569987,0.0,0,0,98.3,61.3828125,24
1776832667.8600755,0.0,0,0,105.4,61.3828125,24
1776832668.9171395,0.0,0,0,95.2,61.921875,19
1776832669.0682561,0.0,0,0,92.4,123.18359375,19
1776832669.8105354,0.0,0,0,99.9,61.640625,19
1776832670.4458256,0.0,0,0,103.5,61.48046875,21
1776832670.6058974,0.0,0,0,118.1,61.48046875,21
1776832670.643771,0.0,0,0,96.9,61.640625,19
1776832672.1800125,0.0,0,0,105.5,61.921875,19
1776832672.3757255,0.0,0,0,101.9,123.18359375,19
1776832672.9886656,0.0,0,0,99.2,61.390625,24
1776832673.893123,0.0,0,0,113.4,61.921875,19
1776832674.196353,0.0,0,0,114.0,61.390625,24
1776832674.5145178,0.0,0,0,111.9,123.18359375,19
1776832675.6602128,0.0,0,0,74.7,61.48046875,21
1776832676.0438411,0.0,0,0,99.5,61.6484375,19
1776832676.9728613,0.0,0,0,102.7,61.48046875,21
1776832677.7400808,0.0,0,0,104.3,61.6484375,19
1776832678.3759997,0.0,0,0,93.1,61.39453125,24
1776832678.975862,0.0,0,0,104.0,61.921875,19
1776832679.3605676,0.0,0,0,95.9,61.921875,19
1776832679.650021,0.0,0,0,99.2,123.18359375,19
1776832680.375606,0.0,0,0,74.1,123.18359375,19
1776832680.902025,0.0,0,0,83.5,61.48046875,21
1776832681.3279169,0.0,0,0,89.5,61.65234375,19
1776832682.5625849,0.0,0,0,98.9,61.39453125,24
1776832683.5812137,0.0,0,0,108.7,61.48046875,21
1776832683.735577,0.0,0,0,110.1,61.39453125,24
1776832684.497259,0.0,0,0,109.9,61.9296875,19
1776832684.7533479,0.0,0,0,108.8,123.18359375,19
1776832685.9230173,0.0,0,0,93.6,61.48046875,21
1776832686.426737,0.0,0,0,98.8,61.65234375,19
1776832686.6689825,0.0,0,0,105.6,61.9296875,19
1776832687.17858,0.0,0,0,89.6,61.65234375,19
1776832687.0990143,0.0,0,0,138.3,123.18359375,19
1776832688.5528786,0.0,0,0,93.5,60.41015625,12
1776832688.9017487,0.0,0,0,98.6,61.39453125,24
1776832689.721347,0.0,0,0,102.3,61.93359375,19
1776832689.7423513,0.0,0,0,103.4,60.9375,22
1776832690.1233966,0.0,0,0,115.8,61.39453125,24
1776832690.2043781,0.0,0,0,103.6,123.18359375,19
1776832690.6817312,0.0,0,0,102.8,61.48046875,21
1776832691.008274,0.0,0,0,99.9,61.48046875,21
1776832691.7717817,0.0,0,0,92.4,61.65234375,19
1776832693.3042521,0.0,0,0,75.2,61.93359375,19
1776832693.6583729,0.0,0,0,100.8,61.65234375,19
1776832693.8466117,0.0,0,0,118.4,123.18359375,19
1776832694.266046,0.0,0,0,101.9,61.3359375,21
1776832694.9333136,0.0,0,0,103.5,61.03125,22
1776832694.8143556,0.0,0,0,92.0,61.93359375,19
1776832695.1651044,0.0,0,0,124.4,123.18359375,19
1776832696.1567743,0.0,0,0,145.1,61.03515625,22
1776832696.3133073,0.0,0,0,166.9,61.484375,21
1776832696.7963665,0.0,0,0,95.5,61.65625,19
1776832696.8826966,0.0,0,0,95.6,61.484375,21
1776832697.9554908,0.0,0,0,99.6,61.33984375,21
1776832699.325067,0.0,0,0,95.6,61.34375,21
1776832700.1082852,0.0,0,0,98.3,61.93359375,19
1776832700.0105493,0.0,0,0,97.9,61.08203125,22
1776832700.1194005,0.0,0,0,98.3,61.93359375,19
1776832700.4779108,0.0,0,0,97.7,123.18359375,19
1776832700.406851,0.0,0,0,115.4,123.18359375,19
1776832701.1650274,0.0,0,0,99.4,61.65625,19
1776832701.8390687,0.0,0,0,99.1,61.5078125,21
1776832702.184309,0.0,0,0,119.5,61.65625,19
1776832702.5100696,0.0,0,0,102.2,61.1328125,22
1776832703.2725084,0.0,0,0,99.3,61.48828125,19
1776832704.8575397,0.0,0,0,72.3,61.35546875,21
1776832705.2081668,0.0,0,0,92.0,61.94921875,19
1776832705.1792202,0.0,0,0,98.5,61.35546875,21
1776832705.723161,0.0,0,0,102.9,123.18359375,19
1776832705.7216692,0.0,0,0,116.8,61.1328125,22
1776832706.5912735,0.0,0,0,85.3,61.94921875,19
1776832706.741238,0.0,0,0,98.0,123.18359375,19
1776832707.4082282,0.0,0,0,107.9,61.48828125,19
1776832707.8316607,0.0,0,0,88.0,61.65625,19
1776832709.2365491,0.0,0,0,96.0,61.65625,19
1776832709.8236084,0.0,0,0,98.2,61.35546875,21
1776832709.6445334,0.0,0,0,141.8,61.1328125,22
1776832710.1436946,0.0,0,0,107.2,61.48828125,19
1776832710.7139115,0.0,0,0,104.5,61.94921875,19
1776832711.0638273,0.0,0,0,101.3,61.13671875,22
1776832711.275459,0.0,0,0,102.1,123.18359375,19
1776832711.6002398,0.0,0,0,97.1,61.35546875,21
1776832713.0563178,0.0,0,0,84.8,61.65625,19
1776832712.8118346,0.0,0,0,97.5,61.48828125,19
1776832713.1681564,0.0,0,0,101.9,123.18359375,19
1776832713.419767,0.0,0,0,110.6,61.94921875,19
1776832715.2706845,0.0,0,0,82.4,61.359375,21
1776832715.8459632,0.0,0,0,103.3,61.94921875,19
1776832715.8864243,0.0,0,0,99.1,61.65625,19
1776832716.3388183,0.0,0,0,102.2,61.13671875,22
1776832716.8734555,0.0,0,0,106.6,61.48828125,19
1776832716.8563576,0.0,0,0,100.9,123.18359375,19
1776832717.2646627,0.0,0,0,102.7,61.14453125,22
1776832717.984881,0.0,0,0,99.1,61.49609375,19
1776832718.5644975,0.0,0,0,100.2,61.65625,19
1776832718.8815053,0.0,0,0,98.0,61.359375,21
1776832720.9996386,0.0,0,0,100.3,61.94921875,19
1776832720.6274328,0.0,0,0,117.1,61.37109375,21
1776832721.6236405,0.0,0,0,102.3,61.94921875,19
1776832721.6428678,0.0,0,0,95.4,61.2265625,24
1776832722.2429957,0.0,0,0,94.7,123.18359375,19
1776832722.6286643,0.0,0,0,102.4,123.18359375,19
1776832722.895221,0.0,0,0,103.9,61.703125,19
1776832723.0589535,0.0,0,0,99.8,61.49609375,19
1776832723.3115149,0.0,0,0,109.1,61.49609375,19
1776832723.7310297,0.0,0,0,103.6,61.703125,19
1776832725.7966154,0.0,0,0,98.5,61.37109375,21
1776832725.6624665,0.0,0,0,99.3,61.37109375,21
1776832725.9187298,0.0,0,0,136.0,61.953125,19
1776832727.1108284,0.0,0,0,103.8,123.18359375,19
1776832727.0324335,0.0,0,0,99.6,61.2265625,24
1776832726.9126449,0.0,0,0,108.6,61.2265625,24
1776832728.0886173,0.0,0,0,100.2,61.953125,19
1776832728.2663822,0.0,0,0,87.2,61.546875,19
1776832728.9858816,0.0,0,0,100.8,123.18359375,19
1776832729.0188498,0.0,0,0,99.2,61.73046875,19
1776832729.9302323,0.0,0,0,99.4,61.546875,19
1776832730.8912904,0.0,0,0,93.9,61.73046875,19
1776832730.8744838,0.0,0,0,106.1,61.40234375,21
1776832731.0906556,0.0,0,0,84.0,62.02734375,19
1776832732.1098306,0.0,0,0,93.2,61.26953125,24
1776832732.262989,0.0,0,0,108.8,123.18359375,19
1776832732.5241766,0.0,0,0,99.5,61.40234375,21
1776832733.5803723,0.0,0,0,98.9,61.55859375,19
1776832733.6773462,0.0,0,0,105.1,61.3125,24
1776832734.3936708,0.0,0,0,100.9,61.7578125,19
1776832734.6207197,0.0,0,0,102.9,62.02734375,19
1776832735.192731,0.0,0,0,98.2,123.18359375,19
1776832736.1831894,0.0,0,0,114.4,62.02734375,19
1776832736.397368,0.0,0,0,99.9,61.40625,21
1776832736.22392,0.0,0,0,104.1,61.55859375,19
1776832737.277112,0.0,0,0,106.9,61.34375,24
1776832737.5742826,0.0,0,0,105.1,123.18359375,19
1776832737.6557133,0.0,0,0,81.8,61.7578125,19
1776832739.135551,0.0,0,0,99.5,61.40625,21
1776832739.0817802,0.0,0,0,107.5,61.5625,19
1776832739.436443,0.0,0,0,102.5,61.7578125,19
1776832740.498044,0.0,0,0,146.9,61.34375,24
1776832740.9200478,0.0,0,0,98.1,62.03125,19
1776832741.5221639,0.0,0,0,94.8,61.40625,21
1776832741.7416277,0.0,0,0,93.9,62.03125,19
1776832741.980255,0.0,0,0,95.8,123.18359375,19
1776832742.8212945,0.0,0,0,100.9,61.5625,19
1776832742.5814028,0.0,0,0,88.8,61.34375,24
1776832742.8030534,0.0,0,0,97.3,123.18359375,19
1776832744.2821562,0.0,0,0,102.2,61.5625,19
1776832744.4658134,0.0,0,0,90.1,61.7578125,19
1776832744.6091485,0.0,0,0,103.5,61.7578125,19
1776832746.210868,0.0,0,0,93.7,61.41015625,21
1776832747.1798296,0.0,0,0,105.7,61.41015625,21
1776832747.322439,0.0,0,0,98.8,62.03125,19
1776832747.6139433,0.0,0,0,103.7,61.34375,24
1776832747.9060051,0.0,0,0,89.7,123.18359375,19
1776832747.914029,0.0,0,0,88.7,61.27734375,21
1776832748.5598872,0.0,0,0,138.1,123.18359375,19
1776832748.727536,0.0,0,0,103.5,62.03125,19
1776832749.292918,0.0,0,0,96.2,61.5625,19
1776832749.599368,0.0,0,0,108.0,61.5625,19
1776832750.061825,0.0,0,0,100.0,61.7578125,19
1776832751.4519773,0.0,0,0,100.6,61.7578125,19
1776832752.4188015,0.0,0,0,93.6,62.046875,19
1776832752.7557645,0.0,0,0,100.3,61.41015625,21
1776832753.0512302,0.0,0,0,97.9,123.18359375,19
1776832753.3385174,0.0,0,0,106.2,61.41015625,21
1776832753.5131476,0.0,0,0,101.0,61.2890625,21
1776832754.1836927,0.0,0,0,79.6,61.2890625,21
1776832754.881089,0.0,0,0,92.4,61.57421875,19
1776832755.0957506,0.0,0,0,104.1,123.18359375,19
1776832755.464066,0.0,0,0,78.2,61.7578125,19
1776832755.4356787,0.0,0,0,62.4,62.05078125,19
1776832756.1538706,0.0,0,0,107.7,61.57421875,19
1776832757.857333,0.0,0,0,94.3,61.7578125,19
1776832757.9018085,0.0,0,0,104.2,62.05078125,19
1776832758.1041272,0.0,0,0,105.1,61.41015625,21
1776832758.445936,0.0,0,0,106.9,123.18359375,19
1776832759.0004969,0.0,0,0,93.6,61.2890625,21
1776832759.8818965,0.0,0,0,93.2,61.4140625,21
1776832760.1398025,0.0,0,0,98.6,61.57421875,19
1776832760.5205996,0.0,0,0,104.9,61.7578125,19
1776832761.344693,0.0,0,0,104.5,61.2890625,21
1776832763.1310165,0.0,0,0,99.1,61.57421875,19
1776832763.3144016,0.0,0,0,100.9,61.4140625,21
1776832763.3347986,0.0,0,0,85.0,123.18359375,19
1776832763.925532,0.0,0,0,100.2,61.2890625,21
1776832764.8987098,0.0,0,0,61.2,61.7578125,19
1776832765.7435296,0.0,0,0,92.6,123.18359375,19
1776832765.7301958,0.0,0,0,105.1,61.578125,19
1776832766.092963,0.0,0,0,103.9,61.7578125,19
1776832766.3654976,0.0,0,0,86.6,61.4140625,21
1776832767.860441,0.0,0,0,96.7,61.296875,21
1776832768.7077634,0.0,0,0,98.3,123.18359375,19
1776832768.5613074,0.0,0,0,103.5,61.39453125,19
1776832769.4333003,0.0,0,0,107.4,61.30078125,21
1776832770.8837168,0.0,0,0,102.3,61.578125,19
1776832771.3354394,0.0,0,0,104.1,61.765625,19
1776832772.104155,0.0,0,0,100.4,61.578125,19
1776832773.9514499,0.0,0,0,90.9,61.40234375,19
1776832774.4272,0.0,0,0,92.4,61.30078125,21
1776832775.0534046,0.0,0,0,91.8,61.30078125,21
1776832775.6812234,0.0,0,0,98.7,61.41796875,19
1776832776.4809582,0.0,0,0,103.0,61.7734375,19
1776832776.4289262,0.0,0,0,97.6,61.59765625,19
1776832778.210772,0.0,0,0,93.6,61.7734375,19
1776832779.065784,0.0,0,0,100.9,61.42578125,19
1776832780.274011,0.0,0,0,83.7,61.375,21
1776832781.595555,0.0,0,0,99.1,61.796875,19
1776832781.670874,0.0,0,0,101.8,61.3828125,21
1776832782.5268276,0.0,0,0,151.2,61.42578125,19
1776832784.4287355,0.0,0,0,159.1,61.44921875,19
1776832784.5149267,0.0,0,0,95.1,61.8203125,19
1776832785.554821,0.0,0,0,121.1,61.38671875,21
1776832787.2217875,0.0,0,0,98.0,61.828125,19
1776832789.0861747,0.0,0,0,122.7,61.44921875,19
1776832789.529406,0.0,0,0,100.4,61.44921875,19
1776832789.7192395,0.0,0,0,96.5,61.38671875,21
1776832790.6421623,0.0,0,0,93.3,61.38671875,21
1776832791.1708834,0.0,0,0,102.5,61.828125,19
1776832792.3643012,0.0,0,0,106.4,61.828125,19
1776832794.4547858,0.0,0,0,105.3,61.46484375,19
1776832795.8664403,0.0,0,0,103.2,61.390625,21
1776832796.4735656,0.0,0,0,98.7,61.390625,21
1776832796.4715087,0.0,0,0,92.3,61.46484375,19
1776832797.7199965,0.0,0,0,91.5,61.828125,19
1776832798.8738565,0.0,0,0,103.3,61.828125,19
1776832799.9078813,0.0,0,0,102.4,61.46484375,19
1776832801.1199772,0.0,0,0,100.0,61.390625,21
1776832802.0626252,0.0,0,0,91.7,61.390625,21
1776832802.6970294,0.0,0,0,99.6,61.46484375,19
1776832802.800819,0.0,0,0,103.9,61.828125,19
1776832805.3752668,0.0,0,0,98.8,61.828125,19
1776832805.245573,0.0,0,0,100.6,61.46875,19
1776832806.2668202,0.0,0,0,107.0,61.39453125,21
1776832808.1053424,0.0,0,0,99.1,61.8359375,19
1776832808.3220725,0.0,0,0,100.6,61.39453125,21
1776832809.5326295,0.0,0,0,109.7,61.4765625,19
1776832810.2958436,0.0,0,0,99.4,61.4765625,19
1776832811.4187698,0.0,0,0,96.2,61.3984375,21
1776832812.370881,0.0,0,0,96.1,61.8359375,19
1776832813.478442,0.0,0,0,103.6,61.8359375,19
1776832814.9831302,0.0,0,0,94.9,61.3984375,21
1776832816.4046814,0.0,0,0,105.2,61.3984375,21
1776832818.9186301,0.0,0,0,102.0,61.9375,20
1776832818.7922661,0.0,0,0,100.4,61.9375,20
1776832820.9388103,0.0,0,0,133.3,61.3984375,21
1776832821.509851,0.0,0,0,98.2,61.3984375,21
1776832824.0829396,0.0,0,0,99.7,61.94140625,20
1776832825.445915,0.0,0,0,104.5,61.94140625,20
1776832826.7876475,0.0,0,0,100.1,61.390625,19
1776832827.378714,0.0,0,0,100.3,61.390625,19
1776832829.5251887,0.0,0,0,100.1,61.9453125,20
1776832831.7001696,0.0,0,0,101.9,61.97265625,20
1776832831.8603804,0.0,0,0,96.5,61.41015625,19
1776832833.7043016,0.0,0,0,100.3,61.41015625,19
1776832835.0731914,0.0,0,0,100.0,62.0078125,20
1776832837.0009625,0.0,0,0,106.5,61.46484375,19
1776832838.5277367,0.0,0,0,107.9,62.0078125,20
1776832839.9877975,0.0,0,0,100.0,61.46484375,19
1776832840.233623,0.0,0,0,104.8,62.01171875,20
1776832842.2581298,0.0,0,0,143.5,61.484375,19
1776832845.0984442,0.0,0,0,87.3,62.01171875,20
1776832845.459523,0.0,0,0,106.9,62.01171875,20
1776832846.1626887,0.0,0,0,98.5,61.484375,19
1776832847.729831,0.0,0,0,100.4,61.49609375,19
1776832850.7334604,0.0,0,0,90.1,62.015625,20
1776832851.4388041,0.0,0,0,108.9,62.015625,20
1776832852.3449488,0.0,0,0,90.9,61.49609375,19
1776832852.7646878,0.0,0,0,95.3,61.49609375,19
1776832856.28927,0.0,0,0,100.6,62.01953125,20
1776832858.0144587,0.0,0,0,106.8,62.01953125,20
1776832858.26777,0.0,0,0,105.7,61.515625,19
1776832859.023396,0.0,0,0,110.0,61.53125,19
1776832861.718752,0.0,0,0,99.5,62.0234375,20
1776832863.642411,0.0,0,0,59.4,61.55078125,19
1776832865.403975,0.0,0,0,93.7,61.55078125,19
1776832865.9039354,0.0,0,0,96.8,62.02734375,20
1776832866.798844,0.0,0,0,93.9,62.02734375,20
1776832868.950793,0.0,0,0,107.3,61.55078125,19
1776832871.9930716,0.0,0,0,101.0,62.02734375,20
1776832872.2291222,0.0,0,0,101.8,62.02734375,20
1776832872.7234423,0.0,0,0,86.2,61.55078125,19
1776832873.8932102,0.0,0,0,103.8,61.55078125,19
1776832877.3839884,0.0,0,0,104.6,62.02734375,20
1776832878.5084834,0.0,0,0,89.5,62.03125,20
1776832879.1021461,0.0,0,0,95.2,61.55078125,19
1776832878.9987953,0.0,0,0,95.2,61.55078125,19
1776832882.3859215,0.0,0,0,92.7,62.03125,20
1776832884.62172,0.0,0,0,106.1,62.03125,20
1776832884.659834,0.0,0,0,99.0,61.55078125,19
1776832885.9980977,0.0,0,0,103.7,61.55078125,19
1776832887.9541352,0.0,0,0,95.8,62.0390625,20
1776832889.8800108,0.0,0,0,95.0,61.55078125,19
1776832890.741318,0.0,0,0,95.7,62.0390625,20
1776832892.3019466,0.0,0,0,93.4,61.55078125,19
1776832893.2199557,0.0,0,0,98.4,62.046875,20
1776832894.870567,0.0,0,0,104.4,61.5546875,19
1776832897.045873,0.0,0,0,100.6,62.05078125,20
1776832898.5541267,0.0,0,0,111.2,62.0625,20
1776832898.8109448,0.0,0,0,95.4,61.5546875,19
1776832900.1456778,0.0,0,0,113.1,61.55859375,19
1776832903.005837,0.0,0,0,92.8,62.0625,20
1776832903.8528013,0.0,0,0,99.2,62.078125,20
1776832905.216128,0.0,0,0,99.7,61.5625,19
1776832905.7669415,0.0,0,0,106.0,61.56640625,19
1776832909.1008434,0.0,0,0,110.3,62.078125,20
1776832909.1862986,0.0,0,0,106.0,62.078125,20
1776832911.250187,0.0,0,0,103.9,61.62890625,19
1776832911.4547238,0.0,0,0,150.5,61.62890625,19
1776832914.3379238,0.0,0,0,128.0,62.10546875,20
1776832916.0099955,0.0,0,0,137.5,62.10546875,20
1776832916.6412191,0.0,0,0,97.1,61.62890625,19
1776832917.9802918,0.0,0,0,106.2,61.62890625,19
1776832919.3560598,0.0,0,0,129.8,62.08984375,19
1776832921.8964527,0.0,0,0,100.1,61.62890625,19
1776832922.3805943,0.0,0,0,99.6,62.08984375,19
1776832924.4781258,0.0,0,0,102.8,61.62890625,19
1776832924.7702203,0.0,0,0,98.1,62.10546875,19
1776832927.0076725,0.0,0,0,109.9,61.62890625,19
1776832928.9550962,0.0,0,0,100.4,62.109375,19
1776832930.324527,0.0,0,0,93.2,62.125,19
1776832931.0345192,0.0,0,0,99.0,61.62890625,19
1776832932.1121757,0.0,0,0,104.7,61.62890625,19
1776832935.35226,0.0,0,0,97.4,62.125,19
1776832935.3446145,0.0,0,0,95.9,62.125,19
1776832937.1349328,0.0,0,0,95.5,61.65234375,19
1776832937.5823958,0.0,0,0,102.4,61.65234375,19
1776832940.4802265,0.0,0,0,101.4,62.13671875,19
1776832941.5353014,0.0,0,0,106.8,62.13671875,19
1776832942.643622,0.0,0,0,101.9,61.68359375,19
1776832943.879782,0.0,0,0,100.9,61.68359375,19
1776832945.493003,0.0,0,0,101.8,62.14453125,19
1776832947.684172,0.0,0,0,96.9,62.14453125,19
1776832947.8224366,0.0,0,0,91.0,61.703125,19
1776832950.284923,0.0,0,0,109.7,61.703125,19
1776832950.6301956,0.0,0,0,115.9,62.1484375,19
1776832953.0832253,0.0,0,0,133.6,61.70703125,19
1776832954.344303,0.0,0,0,99.5,62.1484375,19
1776832955.7907643,0.0,0,0,107.1,62.15234375,19
1776832956.3197272,0.0,0,0,109.3,61.70703125,19
1776832958.0570865,0.0,0,0,97.1,61.70703125,19
1776832961.0212831,0.0,0,0,97.3,62.16015625,19
1776832961.2176402,0.0,0,0,76.8,62.16015625,19
1776832962.940267,0.0,0,0,106.3,61.70703125,19
1776832963.117196,0.0,0,0,94.8,61.70703125,19
1776832966.314435,0.0,0,0,103.8,62.16015625,19
1776832967.442989,0.0,0,0,106.0,62.16015625,19
1776832968.3001032,0.0,0,0,152.7,61.72265625,19
1776832968.9715204,0.0,0,0,100.7,61.72265625,19
1776832971.3953564,0.0,0,0,96.5,62.16015625,19
1776832973.6707942,0.0,0,0,110.0,61.7890625,19
1776832973.9666207,0.0,0,0,103.3,62.16015625,19
1776832975.0334296,0.0,0,0,96.5,61.7890625,19
1776832976.7477772,0.0,0,0,108.7,62.16015625,19
1776832979.1814237,0.0,0,0,104.3,61.7890625,19
1776832980.3056192,0.0,0,0,192.0,62.16015625,19
1776832981.4294977,0.0,0,0,105.1,61.7890625,19
1776832981.855004,0.0,0,0,95.1,62.1640625,19
1776832984.2854974,0.0,0,0,106.1,61.7890625,19
1776832986.5038593,0.0,0,0,144.5,62.1640625,19
1776832987.0624964,0.0,0,0,103.8,62.1640625,19
1776832987.4495509,0.0,0,0,272.1,61.7890625,19
1776832989.768226,0.0,0,0,102.1,61.88671875,20
1776832992.2771602,0.0,0,0,95.8,62.1640625,19
1776832992.6294136,0.0,0,0,104.1,62.1640625,19
1776832993.6963425,0.0,0,0,91.3,61.88671875,20
1776832994.9931061,0.0,0,0,101.3,61.88671875,20
1776832997.8240676,0.0,0,0,102.6,62.1796875,19
1776832998.8909974,0.0,0,0,94.9,62.1796875,19
1776832999.8401284,0.0,0,0,105.8,61.88671875,20
1776833000.5584927,0.0,0,0,100.1,61.88671875,20
1776833003.000891,0.0,0,0,103.4,62.2421875,19
1776833005.263436,0.0,0,0,95.7,62.2421875,19
1776833005.6812296,0.0,0,0,103.7,61.88671875,20
1776833006.3428895,0.0,0,0,117.9,61.88671875,20
1776833008.5798633,0.0,0,0,103.9,62.2421875,19
1776833010.8670685,0.0,0,0,100.4,61.88671875,20
1776833012.1995049,0.0,0,0,96.8,62.2421875,19
1776833013.413582,0.0,0,0,102.2,61.88671875,20
1776833013.5971935,0.0,0,0,90.9,62.24609375,19
1776833016.2222703,0.0,0,0,111.8,61.88671875,20
1776833018.9354622,0.0,0,0,88.0,62.24609375,19
1776833019.1687768,0.0,0,0,104.0,62.24609375,19
1776833019.611493,0.0,0,0,93.3,61.88671875,20
1776833021.5198817,0.0,0,0,99.5,61.890625,20
1776833024.3029146,0.0,0,0,105.1,62.25,19
1776833024.749106,0.0,0,0,91.9,62.25,19
1776833025.6765027,0.0,0,0,100.3,61.890625,20
1776833026.661078,0.0,0,0,88.3,61.890625,20
1776833029.3673942,0.0,0,0,95.8,62.25,19
1776833030.7638266,0.0,0,0,95.6,62.25,19
1776833031.7776096,0.0,0,0,104.8,61.89453125,20
1776833032.393055,0.0,0,0,89.5,61.89453125,20
1776833034.4280808,0.0,0,0,133.7,62.25390625,19
1776833037.1683755,0.0,0,0,93.1,61.91015625,20
1776833037.2798467,0.0,0,0,102.1,62.25390625,19
1776833038.2888987,0.0,0,0,101.9,61.91015625,20
1776833039.5224063,0.0,0,0,95.0,62.265625,19
1776833042.5023708,0.0,0,0,103.2,61.9140625,20
1776833044.0270126,0.0,0,0,109.5,62.265625,19
1776833044.5455775,0.0,0,0,97.6,61.9140625,20
1776833044.5765748,0.0,0,0,101.8,62.265625,19
1776833047.7840571,0.0,0,0,96.5,61.91796875,20
1776833049.7328734,0.0,0,0,88.9,62.29296875,19
1776833050.9737606,0.0,0,0,161.8,61.91796875,20
1776833051.9324281,0.0,0,0,96.5,62.30859375,19
1776833053.0317469,0.0,0,0,107.2,61.92578125,20
1776833054.9453912,0.0,0,0,98.0,62.30859375,19
1776833057.691136,0.0,0,0,106.9,61.92578125,20
1776833058.2418628,0.0,0,0,105.0,62.30859375,19
1776833058.2451117,0.0,0,0,99.6,61.92578125,20
1776833060.0456402,0.0,0,0,104.5,62.3828125,19
1776833063.313706,0.0,0,0,105.2,61.94140625,20
1776833063.6736476,0.0,0,0,98.4,61.94140625,20
1776833064.6291697,0.0,0,0,98.9,62.3828125,19
1776833065.1665378,0.0,0,0,104.5,62.3828125,19
1776833068.4160347,0.0,0,0,109.0,61.9453125,20
1776833069.358101,0.0,0,0,99.4,61.9453125,20
1776833070.5980072,0.0,0,0,102.7,62.41015625,19
1776833071.1197004,0.0,0,0,89.9,62.41015625,19
1776833073.585212,0.0,0,0,90.6,61.96484375,20
1776833075.7097166,0.0,0,0,103.2,61.96484375,20
1776833075.8471692,0.0,0,0,108.7,62.4140625,19
1776833077.6874094,0.0,0,0,82.6,62.4140625,19
1776833078.8118103,0.0,0,0,102.7,61.97265625,20
1776833081.2152896,0.0,0,0,90.5,62.4140625,19
1776833081.9779713,0.0,0,0,101.8,61.98046875,20
1776833083.7831748,0.0,0,0,105.9,62.421875,19
1776833084.2584329,0.0,0,0,96.8,61.98046875,20
1776833086.2985537,0.0,0,0,88.6,62.43359375,19
1776833088.297864,0.0,0,0,101.6,61.98046875,20
1776833089.307413,0.0,0,0,125.7,61.98046875,20
1776833090.0782208,0.0,0,0,95.2,62.43359375,19
1776833091.5918367,0.0,0,0,95.3,62.46484375,19
1776833094.6073852,0.0,0,0,108.1,61.9609375,19
1776833094.8276289,0.0,0,0,105.9,61.9609375,19
1776833096.5475626,0.0,0,0,94.9,62.46484375,19
1776833096.9194133,0.0,0,0,131.9,62.46484375,19
1776833099.8610134,0.0,0,0,112.2,61.96875,19
1776833100.7609634,0.0,0,0,102.6,61.96875,19
1776833102.2486284,0.0,0,0,139.5,62.5078125,19
1776833102.8808854,0.0,0,0,98.2,62.5078125,19
1776833104.9800577,0.0,0,0,90.7,61.98828125,19
1776833107.0348184,0.0,0,0,101.7,61.98828125,19
1776833107.6049025,0.0,0,0,137.3,62.53125,19
1776833109.3969443,0.0,0,0,96.6,62.53125,19
1776833110.052746,0.0,0,0,95.2,61.99609375,19
1776833112.7097692,0.0,0,0,158.0,62.546875,19
1776833113.6902373,0.0,0,0,106.5,62.0078125,19
1776833115.4965005,0.0,0,0,100.9,62.61328125,19
1776833115.5959468,0.0,0,0,99.7,62.0078125,19
1776833118.0987067,0.0,0,0,105.6,62.65234375,21
1776833119.7325459,0.0,0,0,107.6,62.0078125,19
1776833120.6958013,0.0,0,0,100.0,62.0078125,19
1776833121.9065309,0.0,0,0,102.6,62.65234375,21
1776833123.4962833,0.0,0,0,91.1,62.65234375,21
1776833125.861702,0.0,0,0,101.0,62.0078125,19
1776833126.7969763,0.0,0,0,103.7,62.0078125,19
1776833128.5555103,0.0,0,0,102.7,62.65234375,21
1776833128.9437308,0.0,0,0,102.0,62.65234375,21
1776833131.396331,0.0,0,0,92.6,62.07421875,19
1776833133.1242366,0.0,0,0,101.1,62.07421875,19
1776833134.2139356,0.0,0,0,93.6,62.6640625,21
1776833134.8192556,0.0,0,0,147.8,62.6640625,21
1776833136.660931,0.0,0,0,96.3,62.078125,19
1776833139.7265892,0.0,0,0,95.3,62.69921875,21
1776833140.082531,0.0,0,0,93.7,62.078125,19
1776833141.3345811,0.0,0,0,106.9,62.69921875,21
1776833141.9038026,0.0,0,0,103.0,62.078125,19
1776833145.3845537,0.0,0,0,103.1,62.703125,21
1776833146.3960006,0.0,0,0,100.5,62.078125,19
1776833147.0437896,0.0,0,0,100.0,62.078125,19
1776833147.4183989,0.0,0,0,103.8,62.703125,21
1776833150.481088,0.0,0,0,101.4,62.76953125,21
1776833152.242517,0.0,0,0,100.7,62.1171875,19
1776833152.8892498,0.0,0,0,108.9,62.1171875,19
1776833153.6198525,0.0,0,0,98.5,62.76953125,21
1776833155.9956563,0.0,0,0,130.7,62.7734375,21
1776833157.3988247,0.0,0,0,94.8,62.1171875,19
1776833158.8730805,0.0,0,0,94.5,62.140625,19
1776833159.737418,0.0,0,0,197.7,62.7734375,21
1776833160.982913,0.0,0,0,101.1,62.7734375,21
1776833162.814393,0.0,0,0,99.8,62.140625,19
1776833165.6497245,0.0,0,0,106.2,62.140625,19
1776833165.9409616,0.0,0,0,105.7,62.7734375,21
1776833166.2391453,0.0,0,0,93.1,62.7734375,21
1776833168.0572145,0.0,0,0,105.9,62.140625,19
1776833171.3407476,0.0,0,0,100.8,62.7734375,21
1776833172.6225653,0.0,0,0,94.3,62.7734375,21
1776833172.860247,0.0,0,0,260.8,62.140625,19
1776833173.25943,0.0,0,0,88.8,62.140625,19
1776833176.3265824,0.0,0,0,105.8,62.7734375,21
1776833178.6752198,0.0,0,0,99.8,62.7734375,21
1776833178.6716318,0.0,0,0,105.4,62.140625,19
1776833179.1073,0.0,0,0,101.3,62.140625,19
1776833181.8921683,0.0,0,0,100.4,62.7734375,21
1776833183.8315492,0.0,0,0,93.6,62.140625,19
1776833184.8869543,0.0,0,0,107.4,62.7734375,21
1776833185.54321,0.0,0,0,102.4,62.140625,19
1776833187.0436516,0.0,0,0,89.3,62.7734375,21
1776833188.9426348,0.0,0,0,104.2,62.140625,19
1776833191.055466,0.0,0,0,105.0,62.734375,19
1776833191.6732624,0.0,0,0,99.9,62.140625,19
1776833192.4746346,0.0,0,0,86.9,62.734375,19
1776833194.3871205,0.0,0,0,113.6,62.14453125,19
1776833197.112064,0.0,0,0,103.3,62.734375,19
1776833197.7620995,0.0,0,0,91.5,62.734375,19
1776833198.251448,0.0,0,0,99.8,62.14453125,19
1776833199.654998,0.0,0,0,85.1,62.1484375,19
1776833202.900006,0.0,0,0,105.2,62.734375,19
1776833203.1019104,0.0,0,0,100.7,62.734375,19
1776833204.5226412,0.0,0,0,127.3,62.1484375,19
1776833204.8143735,0.0,0,0,129.1,62.1484375,19
1776833208.4760957,0.0,0,0,99.4,62.734375,19
1776833209.745759,0.0,0,0,91.5,62.7421875,19
1776833210.3088286,0.0,0,0,104.4,62.16796875,19
1776833211.0871322,0.0,0,0,120.8,62.16796875,19
1776833213.8678987,0.0,0,0,102.9,62.7421875,19
1776833215.6364875,0.0,0,0,96.3,62.16796875,19
1776833215.8030038,0.0,0,0,85.3,62.7421875,19
1776833217.1557326,0.0,0,0,97.8,62.16796875,19
1776833219.1467478,0.0,0,0,110.1,62.7421875,19
1776833220.8216503,0.0,0,0,99.9,62.17578125,19
1776833222.1135788,0.0,0,0,102.7,62.7421875,19
1776833223.4239278,0.0,0,0,99.9,62.17578125,19
1776833224.331582,0.0,0,0,154.1,62.76171875,19
1776833226.2527306,0.0,0,0,99.5,62.1796875,19
1776833228.1991115,0.0,0,0,118.0,62.765625,19
1776833229.5166123,0.0,0,0,113.8,62.765625,19
1776833230.3430982,0.0,0,0,97.7,62.1796875,19
1776833231.7132208,0.0,0,0,94.7,62.18359375,19
1776833234.2244792,0.0,0,0,106.6,62.765625,19
1776833234.6786995,0.0,0,0,106.0,62.765625,19
1776833236.6090484,0.0,0,0,102.2,62.18359375,19
1776833236.9910882,0.0,0,0,106.0,62.18359375,19
1776833240.2356813,0.0,0,0,86.8,62.8046875,19
1776833240.3903115,0.0,0,0,98.4,62.8046875,19
1776833242.4697556,0.0,0,0,97.7,62.20703125,19
1776833243.110852,0.0,0,0,104.7,62.20703125,19
1776833245.361415,0.0,0,0,104.8,62.81640625,19
1776833246.250757,0.0,0,0,81.5,62.81640625,19
1776833247.992127,0.0,0,0,98.0,62.2109375,19
1776833249.5554752,0.0,0,0,91.6,62.2109375,19
1776833250.8951411,0.0,0,0,101.0,62.8203125,19
1776833252.7648923,0.0,0,0,101.4,62.8203125,19
1776833253.2601862,0.0,0,0,92.0,62.2109375,19
1776833255.8790157,0.0,0,0,99.7,62.22265625,19
1776833256.0069327,0.0,0,0,98.0,62.8359375,19
1776833258.5740037,0.0,0,0,98.1,62.2265625,19
1776833259.2954514,0.0,0,0,104.3,62.84765625,19
1776833261.2428255,0.0,0,0,100.3,62.86328125,19
1776833262.1471221,0.0,0,0,93.6,62.2265625,19
1776833263.944891,0.0,0,0,92.3,62.2265625,19
1776833265.6031187,0.0,0,0,96.8,62.86328125,19
1776833266.3947673,0.0,0,0,98.9,62.86328125,19
1776833268.2334273,0.0,0,0,103.6,62.2265625,19
1776833269.3679867,0.0,0,0,106.2,62.2265625,19
1776833271.6472676,0.0,0,0,91.1,62.86328125,19
1776833271.886452,0.0,0,0,88.4,62.86328125,19
1776833274.5607476,0.0,0,0,96.4,62.23046875,19
1776833275.0249228,0.0,0,0,121.8,62.23046875,19
1776833277.1586125,0.0,0,0,106.3,62.90625,19
1776833277.6371398,0.0,0,0,101.0,62.90625,19
1776833280.1649365,0.0,0,0,105.7,62.234375,19
1776833281.2944865,0.0,0,0,79.2,62.234375,19
1776833282.408637,0.0,0,0,95.9,62.90625,19
1776833283.8741589,0.0,0,0,93.5,62.90625,19
1776833285.2252216,0.0,0,0,95.3,62.2421875,19
1776833287.8220208,0.0,0,0,99.2,62.90625,19
1776833288.3037927,0.0,0,0,87.4,62.30859375,21
1776833290.1146686,0.0,0,0,88.1,62.90625,19
1776833290.6148539,0.0,0,0,107.8,62.32421875,21
1776833292.9094589,0.0,0,0,102.6,62.921875,19
1776833294.6859276,0.0,0,0,101.6,62.32421875,21
1776833295.9922538,0.0,0,0,106.3,62.33203125,21
1776833296.0324774,0.0,0,0,146.9,62.921875,19
1776833298.236471,0.0,0,0,101.8,62.921875,19
1776833301.2557912,0.0,0,0,101.7,62.33203125,21
1776833301.716753,0.0,0,0,104.7,62.33203125,21
1776833302.7467027,0.0,0,0,98.1,62.921875,19
1776833303.267303,0.0,0,0,92.8,62.921875,19
1776833307.0418606,0.0,0,0,98.4,62.37109375,21
1776833307.800556,0.0,0,0,91.9,62.37109375,21
1776833308.9066818,0.0,0,0,104.2,62.92578125,19
1776833309.2868237,0.0,0,0,98.5,62.92578125,19
1776833312.3281531,0.0,0,0,101.3,62.375,21
1776833314.0240843,0.0,0,0,177.6,62.375,21
1776833314.4018517,0.0,0,0,104.5,62.95703125,19
1776833315.8293583,0.0,0,0,107.8,62.95703125,19
1776833317.2796814,0.0,0,0,112.0,62.375,21
1776833319.4955397,0.0,0,0,99.0,63.0234375,19
1776833320.7311437,0.0,0,0,104.7,62.375,21
1776833322.0740812,0.0,0,0,189.3,63.0234375,19
1776833322.3712006,0.0,0,0,98.2,62.3984375,21
1776833325.0127954,0.0,0,0,101.4,63.0234375,19
1776833327.6770575,0.0,0,0,96.2,62.3984375,21
1776833327.887964,0.0,0,0,100.0,62.3984375,21
1776833328.7259989,0.0,0,0,106.2,63.0234375,19
1776833330.4527044,0.0,0,0,107.6,63.0234375,19
1776833332.8788147,0.0,0,0,93.5,62.40625,21
1776833334.745574,0.0,0,0,83.8,62.41796875,21
1776833335.7153306,0.0,0,0,139.6,63.0234375,19
1776833335.9614863,0.0,0,0,89.8,63.0234375,19
1776833337.999726,0.0,0,0,90.6,62.42578125,21
1776833340.7386818,0.0,0,0,88.2,63.0234375,19
1776833341.2569542,0.0,0,0,95.6,62.42578125,21
1776833341.6496317,0.0,0,0,92.3,63.0234375,19
1776833343.18257,0.0,0,0,99.5,62.42578125,21
1776833345.828761,0.0,0,0,98.8,63.0234375,19
1776833347.7320573,0.0,0,0,111.6,62.42578125,21
1776833348.2795491,0.0,0,0,103.1,62.42578125,21
1776833349.1895685,0.0,0,0,96.7,63.0234375,19
1776833350.8969595,0.0,0,0,96.0,63.0234375,19
1776833353.4261773,0.0,0,0,107.7,62.49609375,21
1776833354.1725934,0.0,0,0,102.5,62.49609375,21
1776833355.602621,0.0,0,0,103.5,63.0234375,19
1776833356.0581038,0.0,0,0,108.3,63.0234375,19
1776833358.7649677,0.0,0,0,103.9,62.46875,19
1776833360.456383,0.0,0,0,96.8,62.46875,19
1776833361.2926466,0.0,0,0,102.1,63.10546875,19
1776833362.142346,0.0,0,0,91.8,63.10546875,19
1776833363.9671116,0.0,0,0,102.7,62.484375,19
1776833366.3133688,0.0,0,0,106.0,63.10546875,19
1776833366.5258079,0.0,0,0,103.8,62.49609375,19
1776833368.5954483,0.0,0,0,94.3,63.10546875,19
1776833369.5693288,0.0,0,0,103.3,62.49609375,19
1776833371.418334,0.0,0,0,107.9,63.10546875,19
1776833372.6409771,0.0,0,0,103.0,62.49609375,19
1776833374.934038,0.0,0,0,104.9,63.10546875,19
1776833374.8711865,0.0,0,0,106.8,62.50390625,19
1776833376.9091816,0.0,0,0,96.0,63.109375,19
1776833379.0646884,0.0,0,0,98.7,62.50390625,19
1776833380.4623623,0.0,0,0,94.9,62.50390625,19
1776833381.0644383,0.0,0,0,96.5,63.109375,19
1776833382.3698857,0.0,0,0,94.6,63.109375,19
1776833385.6342618,0.0,0,0,154.9,62.50390625,19
1776833385.6829047,0.0,0,0,123.7,62.50390625,19
1776833387.3039699,0.0,0,0,97.9,63.109375,19
1776833387.6158984,0.0,0,0,103.0,63.109375,19
1776833391.1793275,0.0,0,0,90.5,62.50390625,19
1776833391.907468,0.0,0,0,90.7,62.50390625,19
1776833393.0006185,0.0,0,0,97.7,63.109375,19
1776833393.7784069,0.0,0,0,106.6,63.109375,19
1776833396.0798125,0.0,0,0,185.1,62.51171875,19
1776833398.10325,0.0,0,0,104.9,63.11328125,19
1776833398.5505142,0.0,0,0,93.9,62.57421875,19
1776833400.272591,0.0,0,0,101.6,63.1171875,19
1776833401.4918303,0.0,0,0,110.2,62.57421875,19
1776833403.1525588,0.0,0,0,132.3,63.1171875,19
1776833404.715585,0.0,0,0,80.9,62.57421875,19
1776833406.5093148,0.0,0,0,87.5,62.578125,19
1776833406.9375448,0.0,0,0,99.8,63.1171875,19
1776833408.4372182,0.0,0,0,99.2,63.1171875,19
1776833411.8167574,0.0,0,0,101.6,62.578125,19
1776833411.8686986,0.0,0,0,107.9,62.578125,19
1776833413.688136,0.0,0,0,103.3,63.1171875,19
1776833413.5889676,0.0,0,0,97.8,63.1171875,19
1776833416.9370832,0.0,0,0,115.6,62.58203125,19
1776833417.965312,0.0,0,0,101.3,62.58203125,19
1776833418.881834,0.0,0,0,96.6,63.1171875,19
1776833419.4489343,0.0,0,0,115.2,63.1171875,19
1776833422.4618118,0.0,0,0,103.8,62.5859375,19
1776833424.0142589,0.0,0,0,116.6,63.1171875,19
1776833424.1306996,0.0,0,0,104.7,62.5859375,19
1776833425.505603,0.0,0,0,90.2,63.1171875,19
1776833427.545746,0.0,0,0,91.3,62.5859375,19
1776833429.1192112,0.0,0,0,99.9,63.1171875,19
1776833430.407122,0.0,0,0,100.8,62.58984375,19
1776833432.1342142,0.0,0,0,104.8,63.1171875,19
1776833432.935108,0.0,0,0,85.5,62.65234375,19
1776833434.6433716,0.0,0,0,105.6,63.1171875,19
1776833437.3867414,0.0,0,0,108.0,62.65234375,19
1776833438.2953846,0.0,0,0,105.0,62.65234375,19
1776833439.2163267,0.0,0,0,96.6,63.1171875,19
1776833439.7685046,0.0,0,0,117.0,63.1171875,19
1776833443.3661134,0.0,0,0,90.7,62.65234375,19
1776833444.0078893,0.0,0,0,99.8,62.65234375,19
1776833444.7831724,0.0,0,0,93.6,63.1171875,19
1776833445.9627,0.0,0,0,98.9,63.1171875,19
1776833448.8050826,0.0,0,0,94.0,62.703125,19
1776833449.8591075,0.0,0,0,99.3,62.703125,19
1776833450.014844,0.0,0,0,89.9,63.1171875,19
1776833452.4125628,0.0,0,0,97.7,63.1171875,19
1776833454.1753147,0.0,0,0,96.5,62.7109375,19
1776833455.5107746,0.0,0,0,97.3,63.1171875,19
1776833456.5735812,0.0,0,0,103.6,62.7109375,19
1776833459.3916128,0.0,0,0,145.0,63.1171875,19
1776833459.6290855,0.0,0,0,102.7,62.71484375,19
1776833460.8894465,0.0,0,0,105.9,63.1171875,19
1776833463.322659,0.0,0,0,95.8,62.73046875,19
1776833464.9789643,0.0,0,0,104.5,62.74609375,19
1776833465.8578432,0.0,0,0,121.8,63.1171875,19
1776833466.206303,0.0,0,0,105.9,63.1171875,19
1776833469.6957614,0.0,0,0,157.1,62.74609375,19
1776833470.210401,0.0,0,0,96.1,62.74609375,19
1776833471.287769,0.0,0,0,96.0,63.1171875,19
1776833472.2240856,0.0,0,0,101.7,63.1171875,19
1776833475.4473038,0.0,0,0,96.6,62.74609375,19
1776833476.1117542,0.0,0,0,99.5,62.74609375,19
1776833476.7889462,0.0,0,0,100.6,63.1171875,19
1776833479.186253,0.0,0,0,99.7,63.1171875,19
1776833480.6483543,0.0,0,0,109.9,62.7890625,19
1776833481.7661893,0.0,0,0,101.1,62.7890625,19
1776833482.3381975,0.0,0,0,109.6,63.1171875,19
1776833485.3711505,0.0,0,0,95.6,63.1171875,19
1776833486.0869744,0.0,0,0,110.0,62.79296875,19
1776833487.4241278,0.0,0,0,137.0,63.1171875,19
1776833488.3215454,0.0,0,0,96.2,62.79296875,19
1776833491.2217839,0.0,0,0,99.8,62.796875,19
1776833492.1464877,0.0,0,0,106.0,63.1171875,19
1776833492.5250635,0.0,0,0,96.7,63.1171875,19
1776833494.5349283,0.0,0,0,100.9,62.796875,19
1776833496.75399,0.0,0,0,106.0,62.81640625,19
1776833497.5660121,0.0,0,0,99.5,63.1171875,19
1776833498.8112197,0.0,0,0,100.4,63.1171875,19
1776833501.7045188,0.0,0,0,105.6,62.81640625,19
1776833501.8874786,0.0,0,0,119.5,62.81640625,19
1776833503.081113,0.0,0,0,88.1,63.1171875,19
1776833505.7448096,0.0,0,0,87.8,63.1171875,19
1776833507.108246,0.0,0,0,99.0,62.81640625,19
1776833507.5235386,0.0,0,0,90.8,62.81640625,19
1776833508.4418185,0.0,0,0,109.2,63.1171875,19
1776833511.8313868,0.0,0,0,99.5,63.12109375,19
1776833512.094471,0.0,0,0,101.4,62.83984375,19
1776833513.3595948,0.0,0,0,96.8,62.83984375,19
1776833513.9044137,0.0,0,0,104.7,63.140625,19
1776833517.1140287,0.0,0,0,100.7,62.84375,19
1776833518.0147736,0.0,0,0,99.1,63.140625,19
1776833519.3307352,0.0,0,0,167.5,63.140625,19
1776833520.223086,0.0,0,0,93.1,62.84375,19
1776833522.8032918,0.0,0,0,103.9,62.84765625,19
1776833524.640073,0.0,0,0,105.3,63.265625,19
1776833525.1575615,0.0,0,0,91.0,63.265625,19
1776833526.4715562,0.0,0,0,98.2,62.84765625,19
1776833527.7538676,0.0,0,0,83.4,62.84765625,19
1776833529.8626468,0.0,0,0,113.2,63.265625,19
1776833531.5682302,0.0,0,0,101.5,63.265625,19
1776833532.8120506,0.0,0,0,106.1,62.84765625,19
1776833532.920687,0.0,0,0,96.1,62.84765625,19
1776833535.1185348,0.0,0,0,94.9,63.265625,19
1776833537.8646324,0.0,0,0,101.3,62.84765625,19
1776833538.2026665,0.0,0,0,106.6,63.265625,19
1776833539.1165056,0.0,0,0,112.8,62.84765625,19
1776833540.3234282,0.0,0,0,109.2,63.265625,19
1776833543.1146665,0.0,0,0,104.6,62.84765625,19
1776833544.9098673,0.0,0,0,102.4,63.265625,19
1776833545.6195014,0.0,0,0,128.6,63.265625,19
1776833545.5668118,0.0,0,0,163.1,62.84765625,19
1776833548.261864,0.0,0,0,98.3,62.87109375,19
1776833550.67256,0.0,0,0,97.1,63.265625,19
1776833551.208662,0.0,0,0,90.1,63.265625,19
1776833552.4266593,0.0,0,0,90.2,62.87109375,19
1776833553.6110218,0.0,0,0,96.7,62.87109375,19
1776833556.2444506,0.0,0,0,93.7,63.265625,19
1776833557.5005965,0.0,0,0,86.3,63.265625,19
1776833558.6636784,0.0,0,0,100.2,62.87109375,19
1776833559.089185,0.0,0,0,102.7,62.87109375,19
1776833561.4158628,0.0,0,0,107.2,63.265625,19
1776833564.0611613,0.0,0,0,98.8,62.87109375,19
1776833564.1048272,0.0,0,0,92.7,63.265625,19
1776833565.2688246,0.0,0,0,98.9,62.87109375,19
1776833566.6236162,0.0,0,0,98.6,63.265625,19
1776833569.2774882,0.0,0,0,101.9,62.87109375,19
1776833570.276273,0.0,0,0,107.2,63.265625,19
1776833571.9466405,0.0,0,0,100.2,62.87109375,19
1776833572.0448844,0.0,0,0,101.4,63.265625,19
1776833574.3035252,0.0,0,0,101.6,62.87109375,19
1776833576.66876,0.0,0,0,109.2,63.265625,19
1776833577.2020214,0.0,0,0,88.5,63.265625,19
1776833578.6680837,0.0,0,0,99.2,62.87109375,19
1776833579.3514814,0.0,0,0,119.9,62.87109375,19
1776833582.2384448,0.0,0,0,104.7,63.265625,19
1776833583.1655512,0.0,0,0,102.5,63.265625,19
1776833584.6623793,0.0,0,0,97.2,62.87109375,19
1776833584.9153907,0.0,0,0,102.8,62.87109375,19
1776833587.286505,0.0,0,0,91.0,63.265625,19
1776833589.4344535,0.0,0,0,108.4,63.265625,19
1776833589.8735876,0.0,0,0,108.6,62.95703125,19
1776833590.6265633,0.0,0,0,105.7,62.95703125,19
1776833592.3466525,0.0,0,0,98.6,63.265625,19
1776833595.0043209,0.0,0,0,105.5,62.95703125,19
1776833595.8930488,0.0,0,0,103.4,63.265625,19
1776833597.7191958,0.0,0,0,101.6,62.95703125,19
1776833597.9342682,0.0,0,0,89.6,63.265625,19
1776833600.1471848,0.0,0,0,100.1,62.95703125,19
1776833602.1738212,0.0,0,0,102.6,63.265625,19
1776833603.1701097,0.0,0,0,113.0,63.265625,19
1776833603.9287102,0.0,0,0,106.7,62.95703125,19
1776833605.4739668,0.0,0,0,109.5,62.95703125,19
1776833608.5955472,0.0,0,0,105.7,63.265625,19
1776833608.8523438,0.0,0,0,100.1,63.265625,19
1776833610.4553947,0.0,0,0,132.7,62.95703125,19
1776833611.1106791,0.0,0,0,100.0,62.95703125,19
1776833613.6652853,0.0,0,0,90.5,63.265625,19
1776833615.398126,0.0,0,0,98.5,63.265625,19
1776833616.1731236,0.0,0,0,131.4,62.95703125,19
1776833616.9550142,0.0,0,0,82.0,62.95703125,19
1776833618.6331444,0.0,0,0,99.8,63.265625,19
1776833621.5087147,0.0,0,0,93.7,62.95703125,19
1776833621.7730033,0.0,0,0,120.2,63.265625,19
1776833623.7237325,0.0,0,0,96.2,62.95703125,19
1776833623.842572,0.0,0,0,102.4,63.265625,19
1776833626.76521,0.0,0,0,87.3,62.95703125,19
1776833628.3977716,0.0,0,0,145.5,63.265625,19
1776833629.091332,0.0,0,0,97.8,63.265625,19
1776833630.3399017,0.0,0,0,98.5,62.95703125,19
1776833632.0768087,0.0,0,0,109.8,62.95703125,19
1776833634.2389994,0.0,0,0,98.7,63.265625,19
1776833634.763436,0.0,0,0,103.9,63.265625,19
1776833637.0621016,0.0,0,0,102.0,62.95703125,19
1776833637.2422988,0.0,0,0,91.5,62.95703125,19
1776833639.4956944,0.0,0,0,101.5,63.265625,19
1776833640.7785864,0.0,0,0,86.3,63.265625,19
1776833642.193806,0.0,0,0,104.8,62.95703125,19
1776833643.5506992,0.0,0,0,103.8,62.95703125,19
1776833644.5816224,0.0,0,0,98.6,63.265625,19
1776833647.075142,0.0,0,0,98.6,63.265625,19
1776833647.2589068,0.0,0,0,98.5,62.95703125,19
1776833649.7506096,0.0,0,0,84.2,63.265625,19
1776833650.1224203,0.0,0,0,104.0,62.95703125,19
1776833652.7363684,0.0,0,0,124.5,62.95703125,19
1776833654.96923,0.0,0,0,106.8,63.265625,19
1776833655.0860598,0.0,0,0,94.1,63.265625,19
1776833656.503523,0.0,0,0,91.9,62.95703125,19
1776833657.8856866,0.0,0,0,103.7,62.95703125,19
1776833660.2679195,0.0,0,0,155.1,63.265625,19
1776833661.847587,0.0,0,0,91.8,63.265625,19
1776833662.971935,0.0,0,0,102.0,62.95703125,19
1776833663.3653002,0.0,0,0,155.5,62.95703125,19
1776833665.7863848,0.0,0,0,102.3,63.265625,19
1776833668.3990273,0.0,0,0,103.7,63.265625,19
1776833668.614739,0.0,0,0,95.7,62.95703125,19
1776833669.1671991,0.0,0,0,103.8,62.95703125,19
1776833671.4088843,0.0,0,0,102.6,63.265625,19
1776833673.8704355,0.0,0,0,100.9,62.95703125,19
1776833674.9139984,0.0,0,0,95.9,63.265625,19
1776833675.8333468,0.0,0,0,106.8,62.95703125,19
1776833676.6198204,0.0,0,0,116.6,63.265625,19
1776833679.0962653,0.0,0,0,99.6,62.95703125,19
1776833681.2876654,0.0,0,0,98.2,63.265625,19
1776833681.940451,0.0,0,0,103.1,63.265625,19
1776833682.005875,0.0,0,0,91.0,62.95703125,19
1776833684.503165,0.0,0,0,106.2,62.95703125,19
1776833687.186186,0.0,0,0,95.6,63.265625,19
1776833688.0174165,0.0,0,0,86.5,63.265625,19
1776833688.3606272,0.0,0,0,107.1,62.95703125,19
1776833690.0825243,0.0,0,0,102.1,62.95703125,19
1776833692.16438,0.0,0,0,101.2,63.265625,19
1776833695.0503771,0.0,0,0,104.3,63.265625,19
1776833695.5935192,0.0,0,0,168.1,62.95703125,19
1776833695.5021207,0.0,0,0,103.2,62.95703125,19
1776833697.7188857,0.0,0,0,97.4,63.265625,19
1776833700.893935,0.0,0,0,105.5,62.95703125,19
1776833701.3446884,0.0,0,0,107.9,63.27734375,19
1776833702.6095219,0.0,0,0,75.7,62.95703125,19
1776833703.0924196,0.0,0,0,127.7,63.27734375,19
1776833705.9932554,0.0,0,0,103.1,62.95703125,19
1776833708.2767828,0.0,0,0,95.2,63.27734375,19
1776833708.427848,0.0,0,0,99.7,63.27734375,19
1776833709.2814639,0.0,0,0,79.1,62.95703125,19
1776833711.1724095,0.0,0,0,98.2,62.95703125,19
1776833714.090312,0.0,0,0,94.3,63.27734375,19
1776833714.4136624,0.0,0,0,100.4,63.27734375,19
1776833715.8693202,0.0,0,0,100.9,62.95703125,19
1776833716.239052,0.0,0,0,93.5,62.95703125,19
1776833718.9623744,0.0,0,0,105.1,63.27734375,19
1776833720.2452116,0.0,0,0,95.4,63.27734375,19
1776833721.5701597,0.0,0,0,126.0,62.95703125,19
1776833722.3274062,0.0,0,0,130.0,62.95703125,19
1776833724.2962322,0.0,0,0,102.2,63.27734375,19
1776833726.6273513,0.0,0,0,89.8,63.27734375,19
1776833726.992932,0.0,0,0,100.2,62.95703125,19
1776833728.709499,0.0,0,0,98.5,62.95703125,19
1776833729.5790756,0.0,0,0,97.5,63.27734375,19
1776833732.2590003,0.0,0,0,100.3,62.95703125,19
1776833734.3692424,0.0,0,0,100.5,63.27734375,19
1776833734.764823,0.0,0,0,101.6,63.27734375,19
1776833735.3409534,0.0,0,0,93.6,62.95703125,19
1776833737.3439882,0.0,0,0,104.0,62.95703125,19
1776833740.3649802,0.0,0,0,97.4,63.27734375,19
1776833740.907663,0.0,0,0,100.0,63.27734375,19
1776833741.9514937,0.0,0,0,86.9,62.95703125,19
1776833742.3545215,0.0,0,0,135.5,62.95703125,19
1776833745.6331286,0.0,0,0,99.6,63.27734375,19
1776833747.2261736,0.0,0,0,103.5,63.27734375,19
1776833747.9480398,0.0,0,0,100.2,62.95703125,19
1776833748.4122522,0.0,0,0,106.9,62.95703125,19
1776833750.7848682,0.0,0,0,124.9,63.27734375,19
1776833752.8937075,0.0,0,0,107.3,62.95703125,19
1776833754.1167505,0.0,0,0,97.0,63.27734375,19
1776833755.2490168,0.0,0,0,104.0,62.95703125,19
1776833756.204105,0.0,0,0,100.2,63.27734375,19
1776833758.101339,0.0,0,0,100.5,62.95703125,19
1776833760.0873356,0.0,0,0,107.7,63.27734375,19
1776833761.1718442,0.0,0,0,127.2,63.27734375,19
1776833762.4822242,0.0,0,0,131.4,62.95703125,19
1776833763.7191525,0.0,0,0,93.2,62.95703125,19
1776833766.7953565,0.0,0,0,103.1,63.27734375,19
1776833767.0387402,0.0,0,0,100.0,63.27734375,19
1776833768.909862,0.0,0,0,105.7,62.95703125,19
1776833769.1592574,0.0,0,0,98.7,62.95703125,19
1776833772.0477133,0.0,0,0,90.4,63.27734375,19
1776833773.4442437,0.0,0,0,97.2,63.27734375,19
1776833774.3287222,0.0,0,0,99.9,62.95703125,19
1776833775.770811,0.0,0,0,93.9,62.95703125,19
1776833777.5738904,0.0,0,0,101.5,63.27734375,19
1776833779.2381434,0.0,0,0,93.6,62.95703125,19
1776833779.8338792,0.0,0,0,192.6,63.27734375,19
1776833782.3718097,0.0,0,0,89.9,62.95703125,19
1776833782.7414064,0.0,0,0,99.1,63.27734375,19
1776833784.2525058,0.0,0,0,96.4,62.95703125,19
1776833786.2895548,0.0,0,0,82.9,63.27734375,19
1776833788.1524763,0.0,0,0,103.2,63.27734375,19
1776833788.7143443,0.0,0,0,100.8,62.95703125,19
1776833789.3288953,0.0,0,0,99.9,62.95703125,19
1776833792.6976097,0.0,0,0,101.2,63.27734375,19
1776833793.2814243,0.0,0,0,119.6,63.27734375,19
1776833794.9717233,0.0,0,0,102.7,62.95703125,19
1776833795.3493235,0.0,0,0,99.7,62.95703125,19
1776833798.8495946,0.0,0,0,103.3,63.28125,19
1776833799.1374984,0.0,0,0,101.7,63.28125,19
1776833800.1633732,0.0,0,0,191.2,62.95703125,19
1776833802.031365,0.0,0,0,102.6,62.95703125,19
1776833804.0472307,0.0,0,0,106.2,63.28125,19
1776833805.4026735,0.0,0,0,91.6,62.95703125,19
1776833805.7206001,0.0,0,0,99.0,63.28125,19
1776833808.04471,0.0,0,0,100.0,62.95703125,19
1776833809.3034034,0.0,0,0,105.0,63.28125,19
1776833810.7829354,0.0,0,0,102.6,62.95703125,19
1776833812.1409032,0.0,0,0,108.1,63.28125,19
1776833814.4751081,0.0,0,0,103.7,63.28125,19
1776833814.9782758,0.0,0,0,96.2,62.95703125,19
1776833815.7226052,0.0,0,0,88.8,62.95703125,19
1776833818.4769666,0.0,0,0,103.8,63.28125,19
1776833819.9262478,0.0,0,0,101.3,63.28125,19
1776833820.897535,0.0,0,0,87.0,62.95703125,19
1776833821.2821925,0.0,0,0,97.9,62.95703125,19
1776833825.0839176,0.0,0,0,101.6,63.28125,19
1776833825.417251,0.0,0,0,164.2,63.28125,19
1776833826.0852382,0.0,0,0,99.8,62.95703125,19
1776833827.430533,0.0,0,0,94.0,62.95703125,19
1776833830.9136064,0.0,0,0,98.3,63.28125,19
1776833831.4645371,0.0,0,0,96.4,62.95703125,19
1776833832.3791277,0.0,0,0,99.1,63.28125,19
1776833834.6144266,0.0,0,0,102.7,62.95703125,19
1776833836.062167,0.0,0,0,98.6,63.28125,19
1776833836.8248703,0.0,0,0,103.1,62.95703125,19
1776833838.7299268,0.0,0,0,100.5,63.28125,19
1776833841.1499014,0.0,0,0,104.3,63.28125,19
1776833841.0617647,0.0,0,0,100.2,62.95703125,19
1776833842.2261622,0.0,0,0,122.8,62.95703125,19
1776833845.406965,0.0,0,0,88.9,63.28125,19
1776833846.3902543,0.0,0,0,100.4,63.28125,19
1776833847.679637,0.0,0,0,99.8,62.95703125,19
1776833847.6616046,0.0,0,0,102.9,62.95703125,19
1776833851.7594295,0.0,0,0,101.8,63.28125,19
1776833851.8332474,0.0,0,0,96.2,63.28125,19
1776833852.9479504,0.0,0,0,101.6,62.95703125,19
1776833854.6877599,0.0,0,0,104.7,62.95703125,19
1776833856.916736,0.0,0,0,103.2,63.28125,19
1776833858.341539,0.0,0,0,103.4,62.95703125,19
1776833858.1932347,0.0,0,0,103.9,63.28125,19
1776833861.011778,0.0,0,0,103.8,62.95703125,19
1776833862.3035517,0.0,0,0,91.8,63.28125,19
1776833863.576637,0.0,0,0,103.8,62.95703125,19
1776833865.3686452,0.0,0,0,97.9,63.28125,19
1776833867.3845787,0.0,0,0,105.5,62.95703125,19
1776833867.4705763,0.0,0,0,107.3,63.28125,19
1776833868.7787616,0.0,0,0,106.4,62.95703125,19
1776833871.7310057,0.0,0,0,97.0,63.28125,19
1776833872.738836,0.0,0,0,102.3,63.28125,19
1776833874.1133423,0.0,0,0,108.4,62.95703125,19
1776833874.1583614,0.0,0,0,99.9,62.95703125,19
1776833878.0060663,0.0,0,0,100.7,63.28125,19
1776833878.6636233,0.0,0,0,117.1,63.28125,19
1776833879.5252957,0.0,0,0,103.6,62.95703125,19
1776833880.3074422,0.0,0,0,102.1,62.95703125,19
1776833883.4280384,0.0,0,0,103.7,63.28125,19
1776833884.9746728,0.0,0,0,105.0,63.28125,19
1776833885.5387468,0.0,0,0,99.9,62.95703125,19
1776833886.8795207,0.0,0,0,87.8,62.95703125,19
1776833888.801854,0.0,0,0,100.5,63.28125,19
1776833890.8877118,0.0,0,0,87.8,62.95703125,19
1776833894.1756055,0.0,0,0,98.2,63.28125,19
1776833894.4754124,0.0,0,0,121.2,63.28125,19
1776833894.3890476,0.0,0,0,81.2,62.95703125,19
1776833896.3075776,0.0,0,0,102.3,62.95703125,19
1776833899.2515419,0.0,0,0,105.1,63.28125,19
1776833900.4785514,0.0,0,0,106.3,62.95703125,19
1776833901.311315,0.0,0,0,86.4,62.95703125,19
1776833902.0060549,0.0,0,0,79.8,63.28125,19
1776833904.4395492,0.0,0,0,79.1,63.28125,19
1776833906.82899,0.0,0,0,93.5,62.95703125,19
1776833906.8516312,0.0,0,0,96.8,62.95703125,19
1776833908.2000413,0.0,0,0,106.4,63.28125,19
1776833909.793732,0.0,0,0,96.4,63.28125,19
1776833912.2449327,0.0,0,0,103.8,62.95703125,19
1776833913.1983771,0.0,0,0,104.0,62.95703125,19
1776833914.7966938,0.0,0,0,105.5,63.28125,19
1776833914.9565701,0.0,0,0,82.7,63.28125,19
1776833917.4407816,0.0,0,0,97.3,62.95703125,19
1776833919.9448664,0.0,0,0,99.7,62.95703125,19
1776833920.1966772,0.0,0,0,139.1,63.28125,19
1776833921.3387246,0.0,0,0,88.9,63.28125,19
1776833922.5939233,0.0,0,0,102.3,62.95703125,19
1776833925.6864953,0.0,0,0,85.8,63.28125,19
1776833926.4832382,0.0,0,0,100.0,62.9609375,19
1776833927.6144457,0.0,0,0,116.5,63.28125,19
1776833927.950786,0.0,0,0,100.2,62.9609375,19
1776833930.6786056,0.0,0,0,98.9,63.28125,19
1776833933.111363,0.0,0,0,89.7,62.9609375,19
1776833933.249215,0.0,0,0,101.2,62.9609375,19
1776833934.262176,0.0,0,0,106.3,63.28125,19
1776833935.9614894,0.0,0,0,88.0,63.28125,19
1776833938.3641644,0.0,0,0,95.2,62.9609375,19
1776833939.8501105,0.0,0,0,89.6,62.9609375,19
1776833940.6109726,0.0,0,0,97.4,63.28125,19
1776833941.237581,0.0,0,0,96.1,63.28125,19
1776833943.3601081,0.0,0,0,93.2,62.9609375,19
1776833946.096761,0.0,0,0,94.3,62.9609375,19
1776833946.7523062,0.0,0,0,107.6,63.28125,19
1776833946.7410207,0.0,0,0,122.7,63.28125,19
1776833948.5200372,0.0,0,0,90.8,62.9609375,19
1776833951.857741,0.0,0,0,100.2,63.28125,19
1776833952.951184,0.0,0,0,150.0,62.9609375,19
1776833953.0282588,0.0,0,0,89.1,63.28125,19
1776833953.8179235,0.0,0,0,101.0,62.9609375,19
1776833957.2250056,0.0,0,0,101.4,63.28125,19
1776833958.8428257,0.0,0,0,116.0,62.9609375,19
1776833959.067686,0.0,0,0,77.5,63.28125,19
1776833959.577225,0.0,0,0,86.5,62.9609375,19
1776833962.288351,0.0,0,0,116.7,63.28125,19
1776833964.0386539,0.0,0,0,94.7,62.9609375,19
1776833965.5140336,0.0,0,0,104.1,63.28125,19
1776833966.9321995,0.0,0,0,108.5,62.9609375,19
1776833967.4577343,0.0,0,0,94.2,63.28125,19
1776833969.4832938,0.0,0,0,148.7,62.9609375,19
1776833971.8305326,0.0,0,0,85.7,63.28125,19
1776833972.6382613,0.0,0,0,90.5,63.28125,19
1776833974.460824,0.0,0,0,90.2,62.9609375,19
1776833974.7430136,0.0,0,0,99.1,62.9609375,19
1776833978.015293,0.0,0,0,108.5,63.28125,19
1776833978.2214587,0.0,0,0,104.6,63.28125,19
1776833979.9978247,0.0,0,0,94.8,62.9609375,19
1776833981.0322335,0.0,0,0,130.2,62.9609375,19
1776833983.2773814,0.0,0,0,104.7,63.28125,19
1776833984.684086,0.0,0,0,112.3,63.28125,19
1776833985.1937208,0.0,0,0,80.7,62.9609375,19
1776833987.4044914,0.0,0,0,76.0,62.9609375,19
1776833988.5434,0.0,0,0,73.4,63.28125,19
1776833990.4136717,0.0,0,0,144.6,62.9609375,19
1776833990.7530613,0.0,0,0,106.7,63.28125,19
1776833993.764768,0.0,0,0,98.8,63.28125,19
1776833994.236497,0.0,0,0,125.3,62.9609375,19
1776833995.53206,0.0,0,0,100.7,62.9609375,19
1776833997.3996484,0.0,0,0,87.8,63.28125,19
1776833999.009822,0.0,0,0,104.2,63.28125,19
1776834000.3802214,0.0,0,0,121.8,62.9609375,19
1776834000.9414058,0.0,0,0,110.0,62.9609375,19
1776834004.0112576,0.0,0,0,111.6,63.28125,19
1776834004.0576806,0.0,0,0,104.0,63.28125,19
1776834006.223029,0.0,0,0,103.5,62.96484375,19
1776834006.6457143,0.0,0,0,103.5,62.96484375,19
1776834009.1402454,0.0,0,0,104.9,63.28125,19
1776834010.592448,0.0,0,0,95.6,63.28125,19
1776834011.4945047,0.0,0,0,110.5,62.96484375,19
1776834012.7788565,0.0,0,0,98.3,62.96484375,19
1776834014.5623395,0.0,0,0,102.1,63.28125,19
1776834016.6243086,0.0,0,0,98.7,63.28125,19
1776834016.7790368,0.0,0,0,98.5,62.96484375,19
1776834018.9667394,0.0,0,0,105.0,62.96484375,19
1776834020.0258112,0.0,0,0,104.2,63.28125,19
1776834022.4852226,0.0,0,0,101.8,62.96484375,19
1776834023.0111356,0.0,0,0,102.7,63.28125,19
1776834024.9955986,0.0,0,0,100.6,62.96484375,19
1776834025.5053747,0.0,0,0,101.4,63.28125,19
1776834027.8618937,0.0,0,0,97.0,62.96484375,19
1776834029.121919,0.0,0,0,103.7,63.28125,19
1776834030.5823715,0.0,0,0,99.4,63.28125,19
1776834031.5243177,0.0,0,0,89.1,62.96484375,19
1776834033.0055182,0.0,0,0,109.0,62.96484375,19
1776834035.198898,0.0,0,0,95.2,63.28125,19
1776834035.6778142,0.0,0,0,96.0,63.28125,19
1776834037.5705774,0.0,0,0,97.2,62.96484375,19
1776834038.5791087,0.0,0,0,89.7,62.96484375,19
1776834040.9265797,0.0,0,0,100.9,63.28125,19
1776834042.3339038,0.0,0,0,102.2,63.28125,19
1776834043.9495354,0.0,0,0,102.2,62.96484375,19
1776834044.2272143,0.0,0,0,104.1,62.96484375,19
1776834046.1125968,0.0,0,0,98.2,63.28125,19
1776834048.254259,0.0,0,0,91.9,63.28125,19
1776834048.9679782,0.0,0,0,92.8,62.96484375,19
1776834049.672587,0.0,0,0,93.2,62.96484375,19
1776834051.5843534,0.0,0,0,95.3,63.28125,19
1776834054.1386895,0.0,0,0,102.2,62.96484375,19
1776834054.9671946,0.0,0,0,91.7,63.28125,19
1776834055.9876487,0.0,0,0,105.4,62.96484375,19
1776834056.6118639,0.0,0,0,98.6,63.28125,19
1776834059.41088,0.0,0,0,108.5,62.96484375,19
1776834061.016501,0.0,0,0,101.4,63.28125,19
1776834061.6277378,0.0,0,0,100.5,63.28125,19
1776834062.4040334,0.0,0,0,106.0,62.96484375,19
1776834064.630732,0.0,0,0,99.8,62.96484375,19
1776834067.1784387,0.0,0,0,102.1,63.28125,19
1776834067.4818301,0.0,0,0,100.2,63.28125,19
1776834068.410336,0.0,0,0,99.7,62.96484375,19
1776834069.6711156,0.0,0,0,100.3,62.96484375,19
1776834072.1738086,0.0,0,0,100.8,63.28125,19
1776834073.9137528,0.0,0,0,96.4,63.28125,19
1776834074.721796,0.0,0,0,107.6,62.96484375,19
1776834074.6444764,0.0,0,0,103.9,62.96484375,19
1776834077.393151,0.0,0,0,109.4,63.28125,19
1776834080.2157376,0.0,0,0,101.2,62.96484375,19
1776834080.3252811,0.0,0,0,102.9,63.28125,19
1776834080.8772478,0.0,0,0,125.4,62.96484375,19
1776834082.906291,0.0,0,0,105.7,63.28125,19
1776834085.3057141,0.0,0,0,93.0,62.96484375,19
1776834086.9639087,0.0,0,0,105.1,63.28125,19
1776834087.5384984,0.0,0,0,111.8,62.96484375,19
1776834088.0518477,0.0,0,0,93.1,63.28125,19
1776834090.5051205,0.0,0,0,99.2,62.96484375,19
1776834093.3824801,0.0,0,0,98.5,63.28125,19
1776834093.404055,0.0,0,0,107.4,63.28125,19
1776834093.542256,0.0,0,0,107.8,62.96484375,19
1776834095.8576384,0.0,0,0,99.1,62.96484375,19
1776834098.854173,0.0,0,0,101.7,63.28125,19
1776834099.437045,0.0,0,0,142.6,63.28125,19
1776834100.1062465,0.0,0,0,99.9,62.96484375,19
1776834101.0159173,0.0,0,0,90.1,62.96484375,19
1776834103.9983432,0.0,0,0,102.2,63.28125,19
1776834105.6344342,0.0,0,0,115.5,63.28125,19
1776834106.1865761,0.0,0,0,116.7,62.96484375,19
1776834106.8792622,0.0,0,0,98.7,62.96484375,19
1776834109.3706002,0.0,0,0,101.1,63.28125,19
1776834111.53349,0.0,0,0,101.1,62.96484375,19
1776834111.7672162,0.0,0,0,93.3,63.28125,19
1776834113.3121839,0.0,0,0,99.9,62.96484375,19
1776834114.2333093,0.0,0,0,96.4,63.28125,19
1776834116.8509228,0.0,0,0,100.4,62.96484375,19
1776834117.8107119,0.0,0,0,137.8,63.28125,19
1776834119.5997865,0.0,0,0,97.9,62.96484375,19
1776834119.8170075,0.0,0,0,103.8,63.28125,19
1776834121.9224203,0.0,0,0,101.5,62.96484375,19
1776834124.6094754,0.0,0,0,112.8,63.28125,19
1776834125.167732,0.0,0,0,100.2,63.28125,19
1776834125.7173827,0.0,0,0,98.4,62.96484375,19
1776834127.4382648,0.0,0,0,95.5,62.96484375,19
1776834130.3794665,0.0,0,0,100.5,63.28125,19
1776834130.8804905,0.0,0,0,91.5,63.28125,19
1776834132.289553,0.0,0,0,89.1,62.96484375,19
1776834132.596277,0.0,0,0,101.0,62.96484375,19
1776834135.4355526,0.0,0,0,103.4,63.28125,19
1776834136.8886182,0.0,0,0,99.1,63.28125,19
1776834137.7720668,0.0,0,0,143.8,62.96484375,19
1776834138.6343055,0.0,0,0,108.4,62.96484375,19
1776834140.4895158,0.0,0,0,104.1,63.28125,19
1776834143.1881459,0.0,0,0,101.2,62.96484375,19
1776834143.2825677,0.0,0,0,95.2,63.28125,19
1776834145.0329733,0.0,0,0,99.6,62.96484375,19
1776834145.7775097,0.0,0,0,98.1,63.28125,19
1776834148.1672337,0.0,0,0,95.7,62.96484375,19
1776834149.1940362,0.0,0,0,105.1,63.28125,19
1776834150.9903336,0.0,0,0,96.6,63.28125,19
1776834151.248284,0.0,0,0,85.5,63.109375,19
1776834153.3733747,0.0,0,0,93.8,88.60546875,19
1776834155.354928,0.0,0,0,91.2,63.28125,19
1776834156.0623307,0.0,0,0,103.6,63.28125,19
1776834157.2972252,0.0,0,0,111.3,117.12109375,19
1776834158.6512837,0.0,0,0,104.3,117.12109375,19
1776834161.221969,0.0,0,0,88.7,63.3046875,19
1776834161.9367075,0.0,0,0,100.8,63.3046875,19
1776834163.8215127,0.0,0,0,201.2,117.12109375,19
1776834163.9782567,0.0,0,0,221.0,117.12109375,19
1776834166.7730968,0.0,0,0,109.6,63.3046875,19
1776834168.057901,0.0,0,0,89.4,63.3046875,19
1776834169.067837,0.0,0,0,108.0,117.12109375,19
1776834170.3544152,0.0,0,0,93.6,117.12109375,19
1776834171.8753695,0.0,0,0,100.3,63.3046875,19
1776834174.2209918,0.0,0,0,105.3,63.3046875,19
1776834174.3801234,0.0,0,0,94.1,117.12109375,19
1776834177.0640173,0.0,0,0,88.9,63.3046875,19
1776834177.0686963,0.0,0,0,92.7,117.12109375,19
1776834179.7287948,0.0,0,0,98.1,117.12109375,19
1776834180.1395712,0.0,0,0,99.8,63.3046875,19
1776834182.2781637,0.0,0,0,88.9,63.3046875,19
1776834183.2446775,0.0,0,0,91.2,117.12109375,19
1776834184.9534283,0.0,0,0,101.8,117.12109375,19
1776834186.1178367,0.0,0,0,97.8,63.3046875,19
1776834187.5961125,0.0,0,0,91.7,63.3046875,19
1776834189.9568105,0.0,0,0,136.5,117.12109375,19
1776834190.419609,0.0,0,0,99.0,117.12109375,19
1776834192.5403628,0.0,0,0,105.5,63.3046875,19
1776834192.844362,0.0,0,0,101.6,63.3046875,19
1776834195.5031478,0.0,0,0,99.4,117.17578125,19
1776834196.280203,0.0,0,0,102.1,117.17578125,19
1776834197.8364568,0.0,0,0,97.0,63.3046875,19
1776834198.7200072,0.0,0,0,113.1,63.3046875,19
1776834200.7857718,0.0,0,0,103.8,117.17578125,19
1776834202.7242565,0.0,0,0,106.1,117.17578125,19
1776834202.9068344,0.0,0,0,83.3,63.3046875,19
1776834204.7782514,0.0,0,0,102.5,63.3046875,19
1776834206.2706392,0.0,0,0,108.4,117.17578125,19
1776834208.0711894,0.0,0,0,92.1,63.3046875,19
1776834208.9038324,0.0,0,0,105.7,117.17578125,19
1776834211.1268933,0.0,0,0,97.7,63.3046875,19
1776834211.7727337,0.0,0,0,88.8,117.17578125,19
1776834213.1621766,0.0,0,0,94.7,63.3046875,19
1776834215.4878995,0.0,0,0,92.7,117.17578125,19
1776834217.314122,0.0,0,0,98.1,63.3046875,19
1776834217.0179195,0.0,0,0,101.1,117.17578125,19
1776834218.194514,0.0,0,0,98.2,63.3046875,19
1776834221.6935296,0.0,0,0,88.4,117.17578125,19
1776834222.1540034,0.0,0,0,95.0,117.17578125,19
1776834223.3966448,0.0,0,0,100.5,63.3046875,19
1776834223.6660488,0.0,0,0,106.5,63.3046875,19
1776834227.2254975,0.0,0,0,94.6,117.234375,19
1776834228.2509506,0.0,0,0,103.0,117.234375,19
1776834228.7995892,0.0,0,0,103.3,63.3046875,19
1776834230.4219904,0.0,0,0,110.4,63.3046875,19
1776834232.362066,0.0,0,0,96.3,117.234375,19
1776834234.0060332,0.0,0,0,92.4,63.3046875,19
1776834234.1389487,0.0,0,0,89.6,117.234375,19
1776834236.5789833,0.0,0,0,143.8,63.3046875,19
1776834237.535581,0.0,0,0,100.3,117.234375,19
1776834239.352935,0.0,0,0,101.0,63.3046875,19
1776834240.8831809,0.0,0,0,107.0,117.234375,19
1776834242.6218612,0.0,0,0,105.3,63.3046875,19
1776834243.0382602,0.0,0,0,99.3,117.234375,19
1776834244.372987,0.0,0,0,123.0,63.3046875,19
1776834247.0369477,0.0,0,0,105.9,117.234375,19
1776834248.0945103,0.0,0,0,120.0,117.234375,19
1776834249.1531787,0.0,0,0,92.5,63.3046875,19
1776834249.4787738,0.0,0,0,103.9,63.3046875,19
1776834253.2414682,0.0,0,0,112.9,117.23828125,19
1776834253.8403673,0.0,0,0,98.5,117.23828125,19
1776834255.1325922,0.0,0,0,103.5,63.3046875,19
1776834255.344958,0.0,0,0,77.9,63.3046875,19
1776834258.5210755,0.0,0,0,88.2,117.23828125,19
1776834260.2456157,0.0,0,0,97.6,63.3046875,19
1776834260.2929258,0.0,0,0,99.8,117.23828125,19
1776834261.7339063,0.0,0,0,156.2,63.3046875,19
1776834263.6656885,0.0,0,0,95.6,117.23828125,19
1776834265.5375113,0.0,0,0,108.4,63.3046875,19
1776834266.724953,0.0,0,0,120.4,117.23828125,19
1776834268.1434739,0.0,0,0,77.6,63.3046875,19
1776834269.0162613,0.0,0,0,100.1,117.23828125,19
1776834270.5865922,0.0,0,0,105.1,63.3046875,19
1776834273.425303,0.0,0,0,102.2,117.23828125,19
1776834274.231535,0.0,0,0,96.7,117.23828125,19
1776834274.800732,0.0,0,0,104.7,63.3046875,19
1776834275.7761214,0.0,0,0,86.9,63.3046875,19
1776834279.2293386,0.0,0,0,99.5,117.3125,19
1776834280.205891,0.0,0,0,196.6,117.3125,19
1776834281.073612,0.0,0,0,124.4,63.3046875,19
1776834281.7467928,0.0,0,0,103.6,63.3046875,19
1776834284.7080028,0.0,0,0,82.7,117.3125,19
1776834286.1621501,0.0,0,0,146.6,63.36328125,19
1776834286.3337018,0.0,0,0,81.4,117.3125,19
1776834288.110621,0.0,0,0,91.6,63.36328125,19
1776834289.7780323,0.0,0,0,128.3,117.3125,19
1776834291.3134453,0.0,0,0,95.4,63.36328125,19
1776834293.2031324,0.0,0,0,102.1,117.3125,19
1776834294.1915295,0.0,0,0,106.4,63.36328125,19
1776834295.0403583,0.0,0,0,98.6,117.3125,19
1776834296.3041236,0.0,0,0,102.7,63.36328125,19
1776834299.6042507,0.0,0,0,103.3,117.3125,19
1776834300.5127447,0.0,0,0,73.2,117.3125,19
1776834300.6035013,0.0,0,0,98.0,63.36328125,19
1776834301.6300993,0.0,0,0,111.5,63.36328125,19
1776834305.668146,0.0,0,0,87.4,117.3125,19
1776834306.7047641,0.0,0,0,99.9,63.36328125,19
1776834308.1227722,0.0,0,0,94.7,117.3125,19
1776834308.7586,0.0,0,0,103.9,63.36328125,19
1776834311.0746071,0.0,0,0,102.2,117.3125,19
1776834311.7651823,0.0,0,0,107.0,63.36328125,19
1776834314.5093458,0.0,0,0,105.9,117.3125,19
1776834315.5732782,0.0,0,0,108.0,63.37109375,19
1776834316.4645226,0.0,0,0,100.7,117.3125,19
1776834317.3926785,0.0,0,0,95.0,63.4375,19
1776834321.3663232,0.0,0,0,160.3,117.3125,19
1776834321.800099,0.0,0,0,98.7,117.3125,19
1776834322.1240659,0.0,0,0,104.1,63.4375,19
1776834322.620513,0.0,0,0,93.4,63.4375,19
1776834326.985313,0.0,0,0,98.1,117.3125,19
1776834327.720406,0.0,0,0,96.7,117.3125,19
1776834328.218593,0.0,0,0,98.0,63.4375,19
1776834329.438149,0.0,0,0,107.9,63.4375,19
1776834332.2849307,0.0,0,0,99.7,117.3125,19
1776834333.40275,0.0,0,0,106.2,63.44140625,19
1776834333.7556834,0.0,0,0,95.0,117.3125,19
1776834336.116543,0.0,0,0,97.2,63.44140625,19
1776834337.735643,0.0,0,0,100.1,117.3125,19
1776834338.9727113,0.0,0,0,95.3,63.44140625,19
1776834340.2909973,0.0,0,0,98.2,117.3125,19
1776834342.714553,0.0,0,0,107.0,117.3125,19
1776834343.200118,0.0,0,0,95.3,63.44140625,19
1776834344.0931277,0.0,0,0,95.8,63.4453125,19
1776834346.6337047,0.0,0,0,102.7,117.3125,19
1776834347.9982183,0.0,0,0,95.9,117.3125,19
1776834349.587875,0.0,0,0,103.7,63.4453125,19
1776834349.7248864,0.0,0,0,103.4,63.4453125,19
1776834352.8665729,0.0,0,0,102.3,117.3125,19
1776834353.1738586,0.0,0,0,115.8,117.3125,19
1776834354.8309312,0.0,0,0,97.8,63.4453125,19
1776834356.0840046,0.0,0,0,108.4,63.4453125,19
1776834358.3272505,0.0,0,0,110.6,117.3125,19
1776834359.0509787,0.0,0,0,119.1,117.3125,19
1776834360.254238,0.0,0,0,88.4,63.4453125,19
1776834362.4992378,0.0,0,0,103.6,63.4453125,19
1776834363.9340851,0.0,0,0,108.2,117.3125,19
1776834365.4446263,0.0,0,0,92.0,63.4453125,19
1776834365.8790917,0.0,0,0,174.9,117.3125,19
1776834368.195176,0.0,0,0,102.9,63.4453125,19
1776834369.096343,0.0,0,0,98.9,117.3125,19
1776834370.650953,0.0,0,0,90.8,63.4453125,19
1776834372.4771695,0.0,0,0,105.7,117.3125,19
1776834374.3889,0.0,0,0,93.3,117.3125,19
1776834374.383841,0.0,0,0,89.9,63.4453125,19
1776834375.9944026,0.0,0,0,191.4,63.4453125,19
1776834378.799516,0.0,0,0,100.8,117.3125,19
1776834379.6605563,0.0,0,0,96.4,117.3125,19
1776834381.341711,0.0,0,0,144.8,63.4453125,19
1776834381.699618,0.0,0,0,95.5,63.4453125,19
1776834385.0351462,0.0,0,0,87.4,117.3125,19
1776834385.5522776,0.0,0,0,145.4,117.3125,19
1776834386.4902844,0.0,0,0,103.8,63.4453125,19
1776834388.5962696,0.0,0,0,99.3,63.4453125,19
1776834390.248758,0.0,0,0,99.5,117.3125,19
1776834391.537784,0.0,0,0,106.0,63.4453125,19
1776834391.9802487,0.0,0,0,112.7,117.3125,19
1776834395.3277738,0.0,0,0,104.6,63.4453125,19
1776834395.6892276,0.0,0,0,90.5,117.3125,19
1776834396.8492582,0.0,0,0,98.9,63.4453125,19
1776834398.6364853,0.0,0,0,102.2,117.3125,19
1776834401.1496882,0.0,0,0,128.3,117.3125,19
1776834402.3716137,0.0,0,0,91.1,63.4453125,19
1776834402.7420456,0.0,0,0,96.5,63.4453125,19
1776834406.1300635,0.0,0,0,93.6,117.3125,19
1776834406.1897414,0.0,0,0,107.1,117.3125,19
1776834407.867291,0.0,0,0,96.8,63.4453125,19
1776834409.9530017,0.0,0,0,96.7,63.4453125,19
1776834411.562503,0.0,0,0,90.7,117.3125,19
1776834412.6402524,0.0,0,0,88.7,117.3125,19
1776834413.207973,0.0,0,0,83.9,63.4453125,19
1776834416.9172578,0.0,0,0,74.7,117.3125,19
1776834417.5484347,0.0,0,0,75.6,63.4453125,19
1776834418.6311884,0.0,0,0,85.5,63.4453125,19
1776834420.0796368,0.0,0,0,88.1,117.3125,19
1776834422.6049318,0.0,0,0,99.4,117.3125,19
1776834424.209619,0.0,0,0,95.9,63.4453125,19
1776834424.408906,0.0,0,0,109.2,63.4453125,19
1776834427.4881723,0.0,0,0,96.7,117.3125,19
1776834427.729999,0.0,0,0,101.8,117.3125,19
1776834429.4413948,0.0,0,0,106.9,63.4453125,19
1776834431.9692693,0.0,0,0,83.3,63.4453125,19
1776834433.0555284,0.0,0,0,106.8,117.3125,19
1776834434.53759,0.0,0,0,88.6,63.4453125,19
1776834435.105664,0.0,0,0,105.1,117.3125,19
1776834438.435555,0.0,0,0,107.8,117.3125,19
1776834438.8567953,0.0,0,0,52.3,63.4453125,19
1776834440.25183,0.0,0,0,101.8,63.4453125,19
1776834442.726358,0.0,0,0,105.5,117.3125,19
1776834443.9665065,0.0,0,0,103.3,117.3125,19
1776834445.4947338,0.0,0,0,93.8,63.4453125,19
1776834445.9525511,0.0,0,0,94.8,63.4453125,19
1776834449.6846411,0.0,0,0,120.7,117.3125,19
1776834449.782139,0.0,0,0,100.0,117.3125,19
1776834451.0561998,0.0,0,0,97.0,63.4453125,19
1776834453.3597069,0.0,0,0,99.9,63.4453125,19
1776834454.8226051,0.0,0,0,100.5,117.3125,19
1776834456.547352,0.0,0,0,98.8,63.4453125,19
1776834457.1791844,0.0,0,0,160.4,117.3125,19
1776834460.2973578,0.0,0,0,84.9,117.3125,19
1776834460.440445,0.0,0,0,102.2,63.4453125,19
1776834461.7247517,0.0,0,0,108.7,63.4453125,19
1776834464.2133565,0.0,0,0,73.0,117.3125,19
1776834465.3611732,0.0,0,0,98.6,117.3125,19
1776834467.299545,0.0,0,0,72.9,63.4453125,19
1776834467.3524792,0.0,0,0,90.1,63.4453125,19
1776834470.4816625,0.0,0,0,98.1,117.3125,19
1776834471.5066032,0.0,0,0,101.6,117.3125,19
1776834472.26645,0.0,0,0,94.3,63.4453125,19
1776834474.7262568,0.0,0,0,98.5,63.4453125,19
1776834475.5263872,0.0,0,0,105.1,117.3125,19
1776834477.4367452,0.0,0,0,122.5,63.4453125,19
1776834478.2361715,0.0,0,0,93.2,117.3125,19
1776834481.1256144,0.0,0,0,88.0,117.3125,19
1776834482.2069092,0.0,0,0,100.4,63.4453125,19
1776834482.5037706,0.0,0,0,99.7,63.4453125,19
1776834484.993148,0.0,0,0,138.2,117.3125,19
1776834486.6567242,0.0,0,0,81.3,117.3125,19
1776834487.8584807,0.0,0,0,122.4,63.4453125,19
1776834489.4581084,0.0,0,0,57.4,63.4453125,19
1776834491.9134583,0.0,0,0,105.2,117.3125,19
1776834492.7873044,0.0,0,0,94.5,63.4453125,19
1776834493.0773332,0.0,0,0,87.8,117.3125,19
1776834497.1815422,0.0,0,0,87.0,117.3125,19
1776834497.277859,0.0,0,0,100.4,63.4453125,19
1776834498.3719668,0.0,0,0,96.6,63.4453125,19
1776834500.8670552,0.0,0,0,110.8,117.3125,19
1776834502.7635555,0.0,0,0,98.1,117.3125,19
1776834503.5656166,0.0,0,0,97.3,63.4453125,19
1776834504.6830423,0.0,0,0,132.1,63.4453125,19
1776834507.620178,0.0,0,0,97.5,117.3125,19
1776834508.3003156,0.0,0,0,100.7,117.3125,19
1776834508.7974584,0.0,0,0,101.1,63.4453125,19
1776834511.479399,0.0,0,0,91.8,63.4453125,19
1776834513.6106324,0.0,0,0,101.8,117.3125,19
1776834514.161387,0.0,0,0,98.5,117.3125,19
1776834514.2219446,0.0,0,0,98.3,63.4453125,19
1776834518.491142,0.0,0,0,105.1,63.4453125,19
1776834518.747857,0.0,0,0,103.7,117.3125,19
1776834519.573048,0.0,0,0,99.0,63.4453125,19
1776834521.1801682,0.0,0,0,91.4,117.3125,19
1776834524.2271726,0.0,0,0,107.2,117.3125,19
1776834524.850223,0.0,0,0,92.0,63.4453125,19
1776834526.1112266,0.0,0,0,96.9,63.4453125,19
1776834528.7241879,0.0,0,0,108.5,117.3125,19
1776834529.72056,0.0,0,0,90.9,117.3125,19
1776834530.2219124,0.0,0,0,103.7,63.4453125,19
1776834533.1505635,0.0,0,0,91.7,63.4453125,19
1776834534.803273,0.0,0,0,76.6,117.3125,19
1776834535.3881361,0.0,0,0,99.0,63.4453125,19
1776834536.6350615,0.0,0,0,99.1,117.3125,19
1776834540.2466507,0.0,0,0,102.0,117.3125,19
1776834540.14815,0.0,0,0,79.4,63.4453125,19
1776834540.9477098,0.0,0,0,100.9,63.4453125,19
1776834543.769505,0.0,0,0,108.6,117.3125,19
1776834545.5277562,0.0,0,0,148.9,117.3125,19
1776834546.1211069,0.0,0,0,105.2,63.4453125,19
1776834547.0137787,0.0,0,0,83.8,63.4453125,19
1776834550.3526895,0.0,0,0,108.0,117.3125,19
1776834550.8919754,0.0,0,0,99.7,117.3125,19
1776834551.38261,0.0,0,0,97.1,63.4453125,19
1776834553.7775137,0.0,0,0,105.3,63.4453125,19
1776834555.9527242,0.0,0,0,210.9,117.3125,19
1776834556.7269564,0.0,0,0,94.9,117.3125,19
1776834557.0394523,0.0,0,0,99.0,63.4453125,19
1776834560.2927756,0.0,0,0,79.3,63.4453125,19
1776834561.1363103,0.0,0,0,96.9,117.3125,19
1776834562.5891533,0.0,0,0,106.3,63.4453125,19
1776834563.9281034,0.0,0,0,100.6,117.3125,19
1776834566.4769275,0.0,0,0,103.8,117.3125,19
1776834567.0700257,0.0,0,0,97.2,63.4453125,19
1776834567.8655796,0.0,0,0,78.4,63.4453125,19
1776834571.0081768,0.0,0,0,99.7,117.3125,19
1776834571.5683608,0.0,0,0,101.1,117.3125,19
1776834573.3120992,0.0,0,0,89.4,63.4453125,19
1776834574.0123487,0.0,0,0,104.6,63.4453125,19
1776834576.7730901,0.0,0,0,105.3,117.3125,19
1776834578.331,0.0,0,0,93.8,117.3125,19
1776834579.090317,0.0,0,0,93.0,63.4453125,19
1776834581.0922625,0.0,0,0,87.8,63.4453125,19
1776834581.9088101,0.0,0,0,92.0,117.3125,19
1776834584.499836,0.0,0,0,101.1,63.4453125,19
1776834585.682498,0.0,0,0,104.8,117.3125,19
1776834587.3106594,0.0,0,0,106.0,117.3125,19
1776834588.177761,0.0,0,0,109.6,63.4453125,19
1776834589.6121135,0.0,0,0,94.3,63.4453125,19
1776834592.621232,0.0,0,0,94.5,117.3125,19
1776834592.8376336,0.0,0,0,104.8,117.3125,19
1776834594.7399158,0.0,0,0,105.7,63.4453125,19
1776834595.2184587,0.0,0,0,89.1,63.4453125,19
1776834597.9125202,0.0,0,0,99.4,117.3125,19
1776834599.3730612,0.0,0,0,100.0,117.3125,19
1776834600.2098312,0.0,0,0,87.7,63.4453125,19
1776834601.993629,0.0,0,0,99.3,63.4453125,19
1776834603.0204027,0.0,0,0,98.1,117.3125,19
1776834605.5704548,0.0,0,0,85.4,63.4453125,19
1776834605.9937408,0.0,0,0,108.4,117.3125,19
1776834608.186354,0.0,0,0,107.9,117.3125,19
1776834609.702829,0.0,0,0,108.3,63.4453125,19
1776834610.9936721,0.0,0,0,92.6,63.4453125,19
1776834613.0233085,0.0,0,0,89.9,117.3125,19
1776834613.4455302,0.0,0,0,104.5,117.3125,19
1776834616.2945588,0.0,0,0,87.3,63.4453125,19
1776834616.3564236,0.0,0,0,95.7,63.4453125,19
1776834619.085093,0.0,0,0,97.7,117.3125,19
1776834619.5533664,0.0,0,0,104.0,117.3125,19
1776834621.8848202,0.0,0,0,88.2,63.4453125,19
1776834623.2363591,0.0,0,0,92.0,63.4453125,19
1776834624.420707,0.0,0,0,97.6,117.3125,19
1776834626.2840385,0.0,0,0,92.2,117.3125,19
1776834627.4372787,0.0,0,0,111.1,63.4453125,19
1776834629.9725063,0.0,0,0,96.6,117.3125,19
1776834630.809562,0.0,0,0,92.8,63.4453125,19
1776834632.5814016,0.0,0,0,103.7,63.4453125,19
1776834633.2144878,0.0,0,0,100.6,117.3125,19
1776834635.2118816,0.0,0,0,104.8,117.3125,19
1776834637.391025,0.0,0,0,100.1,63.4453125,19
1776834638.0046763,0.0,0,0,132.7,63.4453125,19
1776834640.1893702,0.0,0,0,103.1,117.3125,19
1776834640.590937,0.0,0,0,101.6,117.3125,19
1776834643.3259683,0.0,0,0,107.6,63.4453125,19
1776834643.9123979,0.0,0,0,106.9,63.4453125,19
1776834646.7148366,0.0,0,0,111.2,117.3125,19
1776834647.2513807,0.0,0,0,102.0,117.3125,19
1776834648.83302,0.0,0,0,95.6,63.4453125,19
1776834651.2089076,0.0,0,0,96.3,63.4453125,19
1776834651.7725835,0.0,0,0,91.0,117.3203125,19
1776834654.4203134,0.0,0,0,90.6,63.4453125,19
1776834654.407804,0.0,0,0,156.2,117.3203125,19
1776834657.0185058,0.0,0,0,100.3,117.3203125,19
1776834658.1476,0.0,0,0,104.6,63.4453125,19
1776834659.810672,0.0,0,0,92.7,63.4453125,19
1776834661.756117,0.0,0,0,118.5,117.3203125,19
1776834662.0835073,0.0,0,0,107.3,117.3203125,19
1776834665.0928514,0.0,0,0,93.2,63.4453125,19
1776834665.3933325,0.0,0,0,93.8,63.4453125,19
1776834667.5917177,0.0,0,0,95.1,117.3203125,19
1776834669.1459885,0.0,0,0,102.1,117.3203125,19
1776834670.39432,0.0,0,0,105.1,63.58984375,19
1776834671.6218648,0.0,0,0,99.4,63.59765625,19
1776834672.7398078,0.0,0,0,89.2,117.3203125,19
1776834675.9194505,0.0,0,0,124.6,117.61328125,19
1776834676.1695297,0.0,0,0,100.4,117.3203125,19
1776834677.9531846,0.0,0,0,90.5,117.3203125,19
1776834678.8104544,0.0,0,0,95.5,117.61328125,19
1776834681.0219574,0.0,0,0,96.1,117.61328125,19
1776834683.2881472,0.0,0,0,92.2,117.3203125,19
1776834683.5332484,0.0,0,0,119.1,117.3203125,19
1776834685.174168,0.0,0,0,102.0,117.61328125,19
1776834686.3585901,0.0,0,0,111.1,117.61328125,19
1776834688.900344,0.0,0,0,107.5,117.3203125,19
1776834690.4695523,0.0,0,0,90.3,117.3203125,19
1776834691.6729393,0.0,0,0,110.2,117.61328125,19
1776834691.9919195,0.0,0,0,103.7,117.61328125,19
1776834694.082749,0.0,0,0,101.0,117.3203125,19
1776834696.7176845,0.0,0,0,89.8,117.61328125,19
1776834697.9044106,0.0,0,0,95.6,117.3203125,19
1776834699.0000877,0.0,0,0,100.3,117.61328125,19
1776834699.649533,0.0,0,0,97.6,117.3203125,19
1776834701.887708,0.0,0,0,95.8,117.61328125,19
1776834704.9661207,0.0,0,0,99.2,117.3203125,19
1776834705.039472,0.0,0,0,112.3,117.3203125,19
1776834706.7120693,0.0,0,0,131.1,117.61328125,19
1776834707.1886206,0.0,0,0,94.5,117.61328125,19
1776834710.1102233,0.0,0,0,97.7,117.3203125,19
1776834712.5204725,0.0,0,0,118.9,117.328125,19
1776834712.5816715,0.0,0,0,96.0,117.61328125,19
1776834714.0068424,0.0,0,0,134.2,117.61328125,19
1776834715.389048,0.0,0,0,102.1,117.328125,19
1776834717.6910393,0.0,0,0,90.8,117.61328125,19
1776834719.659643,0.0,0,0,129.0,117.328125,19
1776834720.6776526,0.0,0,0,106.7,117.328125,19
1776834721.4242256,0.0,0,0,99.8,117.61328125,19
1776834722.817076,0.0,0,0,92.4,117.61328125,19
1776834726.1397147,0.0,0,0,95.5,117.328125,19
1776834726.6532254,0.0,0,0,92.2,117.328125,19
1776834727.9622087,0.0,0,0,100.5,117.61328125,19
1776834728.6447232,0.0,0,0,114.7,117.61328125,19
1776834731.4425776,0.0,0,0,90.5,117.37890625,19
1776834732.8976412,0.0,0,0,106.8,117.37890625,19
1776834733.036756,0.0,0,0,95.5,117.61328125,19
1776834734.8804991,0.0,0,0,97.3,117.61328125,19
1776834736.879447,0.0,0,0,176.1,117.38671875,19
1776834738.1956227,0.0,0,0,144.3,117.61328125,19
1776834741.045086,0.0,0,0,99.4,117.38671875,19
1776834741.755316,0.0,0,0,99.7,117.61328125,19
1776834742.004746,0.0,0,0,106.9,117.38671875,19
1776834743.8223774,0.0,0,0,116.0,117.61328125,19
1776834747.6424766,0.0,0,0,95.8,117.38671875,19
1776834748.3410115,0.0,0,0,98.8,117.38671875,19
1776834748.6030958,0.0,0,0,101.9,117.61328125,19
1776834748.8806236,0.0,0,0,88.7,117.61328125,19
1776834752.7804027,0.0,0,0,98.4,117.38671875,19
1776834754.2166789,0.0,0,0,115.1,117.61328125,19
1776834755.3817117,0.0,0,0,105.2,117.38671875,19
1776834757.3962336,0.0,0,0,100.5,117.61328125,19
1776834758.0182931,0.0,0,0,96.4,117.390625,19
1776834759.3780506,0.0,0,0,98.9,117.61328125,19
1776834762.2232046,0.0,0,0,92.4,117.39453125,19
1776834763.487127,0.0,0,0,104.7,117.39453125,19
1776834764.054271,0.0,0,0,101.0,117.61328125,19
1776834764.7567468,0.0,0,0,118.2,117.61328125,19
1776834768.6556892,0.0,0,0,96.1,117.40625,19
1776834769.6407168,0.0,0,0,124.9,117.40625,19
1776834770.34482,0.0,0,0,102.9,117.6640625,19
1776834770.9156353,0.0,0,0,100.4,117.6640625,19
1776834774.0819693,0.0,0,0,88.3,117.40625,19
1776834775.8661551,0.0,0,0,101.7,117.6640625,19
1776834776.6534977,0.0,0,0,93.2,117.41015625,19
1776834777.9209163,0.0,0,0,96.3,117.6640625,19
1776834779.1802044,0.0,0,0,88.2,117.41015625,19
1776834781.2864804,0.0,0,0,74.0,117.6640625,19
1776834783.146736,0.0,0,0,85.1,117.41015625,19
1776834784.3370147,0.0,0,0,99.9,117.41015625,19
1776834785.2379694,0.0,0,0,107.0,117.6640625,19
1776834786.5422044,0.0,0,0,107.7,117.6640625,19
1776834789.701446,0.0,0,0,119.6,117.41015625,19
1776834789.9031143,0.0,0,0,76.5,117.41015625,19
1776834791.5020218,0.0,0,0,92.9,117.6640625,19
1776834791.9914625,0.0,0,0,97.1,117.6640625,19
1776834794.9362576,0.0,0,0,101.8,117.41796875,19
1776834796.144004,0.0,0,0,93.3,117.41796875,19
1776834796.9878378,0.0,0,0,91.3,117.6640625,19
1776834797.9515252,0.0,0,0,93.9,117.6640625,19
1776843341.2847238,0.0,0,0,103.2,216.1484375,31
1776843342.9721594,0.0,0,0,88.6,216.69140625,41
1776843347.9586437,0.0,0,0,103.3,216.62890625,38
1776843348.6867268,0.0,0,0,101.3,216.62890625,38
1776843354.3642566,0.0,0,0,98.3,216.7265625,38
1776843354.980742,0.0,0,0,104.3,216.7265625,38
1776843360.198613,0.0,0,0,101.7,216.6640625,35
1776843360.779592,0.0,0,0,101.5,216.6640625,35
1776843365.62681,0.0,0,0,91.4,216.66796875,35
1776843367.278501,0.0,0,0,103.1,216.66796875,35
1776843370.854165,0.0,0,0,102.7,216.66796875,35
1776843373.6752472,0.0,0,0,93.3,216.703125,34
1776843376.5563498,0.0,0,0,115.9,216.703125,34
1776843380.0673366,0.0,0,0,139.8,216.703125,34
1776843381.804407,0.0,0,0,108.5,216.703125,34
1776843386.287915,0.0,0,0,95.6,216.703125,34
1776843388.2323577,0.0,0,0,141.5,216.703125,34
1776843392.498848,0.0,0,0,96.4,216.70703125,34
1776843394.1594746,0.0,0,0,98.7,216.70703125,34
1776843399.0007157,0.0,0,0,106.6,216.70703125,34
1776843399.7209318,0.0,0,0,101.5,216.70703125,34
1776843405.4028265,0.0,0,0,84.5,216.7109375,34
1776843406.2508898,0.0,0,0,223.3,216.7109375,34
1776843411.650781,0.0,0,0,99.4,216.7109375,34
1776843411.6628096,0.0,0,0,109.4,216.7109375,34
1776843418.2683172,0.0,0,0,134.6,216.9296875,34
1776843418.8907647,0.0,0,0,93.7,216.9296875,34
1776843423.8699658,0.0,0,0,100.7,216.9296875,34
1776843424.89992,0.0,0,0,84.7,216.9296875,34
1776843428.8827813,0.0,0,0,104.2,216.93359375,34
1776843431.6581197,0.0,0,0,97.7,216.93359375,34
1776843434.2905405,0.0,0,0,101.1,216.7734375,29
1776843438.544715,0.0,0,0,94.7,216.7734375,29
1776843440.5597703,0.0,0,0,100.8,216.77734375,29
1776843445.4335737,0.0,0,0,116.6,216.77734375,29
1776843446.3369222,0.0,0,0,101.3,216.77734375,29
1776843452.186777,0.0,0,0,100.1,216.78515625,29
1776843452.9762876,0.0,0,0,151.7,216.78515625,29
1776843459.3550766,0.0,0,0,118.9,216.8125,29
1776843459.2325673,0.0,0,0,88.7,216.8125,29
1776843464.5771945,0.0,0,0,92.6,216.85546875,29
1776843466.173398,0.0,0,0,87.5,216.85546875,29
1776843470.9510846,0.0,0,0,97.7,216.87109375,29
1776843473.3469377,0.0,0,0,88.3,216.87109375,29
1776843476.0023997,0.0,0,0,87.1,216.890625,29
1776843480.465375,0.0,0,0,99.3,216.89453125,29
1776843481.7744124,0.0,0,0,104.9,216.90234375,29
1776843487.6448786,0.0,0,0,106.9,216.90234375,29
1776843488.0129783,0.0,0,0,89.1,216.90234375,29
1776843493.9750602,0.0,0,0,101.5,216.91015625,29
1776843494.551685,0.0,0,0,116.2,216.91015625,29
1776843499.9942162,0.0,0,0,102.3,216.9765625,29
1776843501.1453269,0.0,0,0,92.7,216.9765625,29
1776843505.933103,0.0,0,0,99.5,216.98046875,29
1776843508.3012059,0.0,0,0,87.0,216.98046875,29
1776843512.5922072,0.0,0,0,116.2,216.98046875,29
1776843515.583803,0.0,0,0,91.3,216.98046875,29
1776843519.5606585,0.0,0,0,94.4,216.98046875,29
1776843522.306974,0.0,0,0,100.8,216.98046875,29
1776843526.2601006,0.0,0,0,96.3,216.98046875,29
1776843529.485379,0.0,0,0,104.0,216.98046875,29
1776843531.8039305,0.0,0,0,83.2,216.98828125,29
1776843536.7760243,0.0,0,0,99.2,217.0,29
1776843539.3323781,0.0,0,0,96.1,217.0,29
1776843543.92198,0.0,0,0,86.8,217.0,29
1776843546.454195,0.0,0,0,96.7,217.015625,29
1776843551.6977382,0.0,0,0,108.0,217.015625,29
1776843551.9147286,0.0,0,0,88.3,217.015625,29
1776843557.5554945,0.0,0,0,96.0,217.03125,29
1776843558.7266567,0.0,0,0,97.5,217.03125,29
1776843563.0762832,0.0,0,0,139.6,217.03125,29
1776843566.1285655,0.0,0,0,102.7,217.03125,29
1776843568.9240217,0.0,0,0,113.0,217.04296875,29
1776843573.2976513,0.0,0,0,102.4,217.04296875,29
1776843574.3112726,0.0,0,0,93.2,217.04296875,29
1776843579.6145823,0.0,0,0,258.7,217.0625,29
1776843580.151247,0.0,0,0,149.4,217.0625,29
1776843585.6564455,0.0,0,0,93.5,217.0625,29
1776843587.4700255,0.0,0,0,100.3,217.0625,29
1776843591.506899,0.0,0,0,103.6,217.0625,29
1776843594.3907392,0.0,0,0,121.6,217.0625,29
1776843597.3566823,0.0,0,0,114.7,217.0625,29
1776843602.039875,0.0,0,0,74.0,217.39453125,30
1776843602.3548913,0.0,0,0,93.7,217.39453125,30
1776843608.0661886,0.0,0,0,91.8,217.42578125,30
1776843609.6701162,0.0,0,0,117.0,217.42578125,30
1776843614.4689584,0.0,0,0,96.8,217.51171875,30
1776843615.861056,0.0,0,0,87.2,217.51171875,30
1776843619.6667154,0.0,0,0,113.6,217.515625,30
1776843623.1333418,0.0,0,0,101.3,217.515625,30
1776843625.2221596,0.0,0,0,101.1,217.515625,30
1776843630.1763752,0.0,0,0,93.5,217.515625,30
1776843630.9709034,0.0,0,0,88.4,217.515625,30
1776843637.1308331,0.0,0,0,88.4,217.515625,30
1776843637.172346,0.0,0,0,92.1,217.515625,30
1776843643.2981777,0.0,0,0,102.5,217.578125,30
1776843643.816467,0.0,0,0,97.1,217.578125,30
1776843648.7245731,0.0,0,0,100.6,217.578125,30
1776843651.0546966,0.0,0,0,106.3,217.578125,30
1776843654.0035112,0.0,0,0,107.9,217.578125,30
1776843657.670773,0.0,0,0,83.4,217.578125,30
1776843661.0178223,0.0,0,0,97.7,217.578125,30
1776843665.3587606,0.0,0,0,101.9,217.578125,30
1776843665.9933798,0.0,0,0,95.7,217.578125,30
1776843671.70101,0.0,0,0,107.8,217.578125,30
1776843672.1225872,0.0,0,0,113.7,217.578125,30
1776843677.6820612,0.0,0,0,96.0,217.65625,30
1776843678.11759,0.0,0,0,92.0,217.65625,30
1776843682.7683215,0.0,0,0,104.9,217.65625,30
1776843684.9583526,0.0,0,0,100.5,217.65625,30
1776843688.5867636,0.0,0,0,103.5,217.65625,30
1776843691.9520268,0.0,0,0,100.6,217.6875,31
1776843694.9391842,0.0,0,0,98.9,217.6875,31
1776843698.8951213,0.0,0,0,99.1,217.6875,31
1776843701.0796082,0.0,0,0,98.1,217.6484375,30
1776843705.5770893,0.0,0,0,111.7,217.6484375,30
1776843706.4823434,0.0,0,0,84.7,217.6484375,30
1776843713.072502,0.0,0,0,103.9,217.6484375,30
1776843713.1972961,0.0,0,0,98.0,217.6484375,30
1776843719.6604333,0.0,0,0,89.2,217.6484375,30
1776843719.9656897,0.0,0,0,96.7,217.6484375,30
1776843726.0167847,0.0,0,0,95.8,217.6484375,30
1776843726.5393505,0.0,0,0,102.3,217.6484375,30
1776843731.39836,0.0,0,0,106.8,217.71875,30
1776843732.9186804,0.0,0,0,99.8,217.71875,30
1776843738.3281355,0.0,0,0,107.1,217.71875,30
1776843740.5607176,0.0,0,0,99.8,217.71875,30
1776843744.5160654,0.0,0,0,94.7,217.71875,30
1776843747.6112452,0.0,0,0,92.4,217.83203125,30
1776843751.8688977,0.0,0,0,109.0,217.8125,29
1776843754.3251657,0.0,0,0,108.0,217.8125,29
1776843757.9679894,0.0,0,0,106.9,217.8125,29
1776843760.9348054,0.0,0,0,84.9,217.8125,29
1776843763.913483,0.0,0,0,100.2,217.8125,29
1776843767.4657903,0.0,0,0,160.8,217.81640625,28
1776843769.5264187,0.0,0,0,100.3,217.79296875,28
1776843775.3064256,0.0,0,0,95.7,217.79296875,28
1776843776.8988314,0.0,0,0,88.4,217.79296875,28
1776843782.0706685,0.0,0,0,91.6,217.79296875,28
1776843782.6358519,0.0,0,0,98.8,217.79296875,28
1776843787.1143064,0.0,0,0,83.4,217.79296875,28
1776843789.3685243,0.0,0,0,102.3,217.79296875,28
1776843792.9324315,0.0,0,0,121.5,217.85546875,28
1776843796.649889,0.0,0,0,102.2,217.85546875,28
1776843798.0273163,0.0,0,0,102.7,217.85546875,28
1776843803.100291,0.0,0,0,102.4,217.85546875,28
1776843803.345611,0.0,0,0,108.8,217.85546875,28
1776843809.8166883,0.0,0,0,109.4,217.8359375,27
1776843810.1308012,0.0,0,0,88.2,217.8359375,27
1776843815.6861498,0.0,0,0,100.5,217.8359375,27
1776843817.0341296,0.0,0,0,109.3,217.8984375,27
1776843822.1418176,0.0,0,0,102.8,217.8984375,27
1776843824.1461396,0.0,0,0,105.1,217.8984375,27
1776843828.008654,0.0,0,0,91.5,217.8984375,27
1776843830.9625196,0.0,0,0,103.9,217.8984375,27
1776843833.189622,0.0,0,0,103.1,217.8984375,27
1776843837.2570505,0.0,0,0,95.7,217.90625,27
1776843838.8269536,0.0,0,0,97.6,217.90625,27
1776843843.8042736,0.0,0,0,108.2,217.90625,27
1776843844.0132744,0.0,0,0,101.7,217.90625,27
1776843849.6248326,0.0,0,0,91.4,217.90625,27
1776843850.8765588,0.0,0,0,100.5,217.90625,27
1776843855.5408125,0.0,0,0,85.9,217.90625,27
1776843858.2007062,0.0,0,0,107.5,217.90625,27
1776843860.6627715,0.0,0,0,90.8,217.90625,27
1776843865.291734,0.0,0,0,103.4,217.90625,27
1776843867.193433,0.0,0,0,85.9,217.90625,27
1776843872.614639,0.0,0,0,111.7,217.90625,27
1776843878.6791708,0.0,0,0,103.0,217.90625,27
1776843879.76721,0.0,0,0,101.4,217.90625,27
1776843883.5899436,0.0,0,0,96.9,217.9140625,27
1776843887.3722641,0.0,0,0,100.5,217.921875,27
1776843889.2407405,0.0,0,0,96.7,217.921875,27
1776843894.7025037,0.0,0,0,259.9,217.921875,27
1776843895.5812974,0.0,0,0,80.0,217.921875,27
1776843901.324416,0.0,0,0,256.4,217.97265625,28
1776843901.7293746,0.0,0,0,106.0,217.97265625,28
1776843906.3816283,0.0,0,0,102.3,217.9921875,28
1776843908.9069073,0.0,0,0,94.0,217.9921875,28
1776843913.390538,0.0,0,0,114.8,218.01171875,28
1776843915.9879162,0.0,0,0,97.6,218.01171875,28
1776843919.1409147,0.0,0,0,88.4,218.01171875,28
1776843923.0980277,0.0,0,0,106.6,218.01953125,28
1776843926.195709,0.0,0,0,261.3,218.03125,28
1776843929.5154548,0.0,0,0,104.1,218.03125,28
1776843932.6563566,0.0,0,0,96.9,218.03125,28
1776843936.4156291,0.0,0,0,100.7,218.03125,28
1776843939.1756344,0.0,0,0,102.2,218.046875,28
1776843943.9856882,0.0,0,0,89.1,218.046875,28
1776843944.5539982,0.0,0,0,117.0,218.046875,28
1776843949.4289613,0.0,0,0,99.6,218.046875,28
1776843951.8351882,0.0,0,0,98.7,218.046875,28
1776843954.8320842,0.0,0,0,100.0,218.05078125,28
1776843958.8683717,0.0,0,0,91.0,218.06640625,28
1776843960.025169,0.0,0,0,104.4,218.06640625,28
1776843965.9655454,0.0,0,0,89.1,216.046875,28
1776843966.7216384,0.0,0,0,104.4,216.046875,28
1776843972.0911658,0.0,0,0,98.0,216.01953125,27
1776843973.783165,0.0,0,0,99.6,216.01953125,27
1776843978.3074827,0.0,0,0,90.9,216.01953125,27
1776843981.2171204,0.0,0,0,106.5,216.01953125,27
1776843983.596265,0.0,0,0,100.9,216.01953125,27
1776843988.644915,0.0,0,0,80.9,216.01953125,27
1776843989.1832309,0.0,0,0,102.8,216.01953125,27
1776843993.9455805,0.0,0,0,91.1,216.01953125,27
1776843995.8321013,0.0,0,0,99.8,216.01953125,27
1776844000.5274453,0.0,0,0,167.5,216.01953125,27
1776844003.1991246,0.0,0,0,82.1,216.01953125,27
1776844006.484303,0.0,0,0,98.0,216.01953125,27
1776844010.2376647,0.0,0,0,107.9,216.01953125,27
1776844013.6021073,0.0,0,0,88.7,216.01953125,27
1776844017.3176231,0.0,0,0,104.5,216.0234375,27
1776844020.0148067,0.0,0,0,104.9,216.0234375,27
1776844024.9931653,0.0,0,0,95.9,216.0234375,27
1776844026.461465,0.0,0,0,90.0,216.0234375,27
1776844032.439456,0.0,0,0,108.2,216.0234375,27
1776844032.7584686,0.0,0,0,92.4,216.0234375,27
1776844039.3092911,0.0,0,0,103.4,216.0234375,27
1776844039.772648,0.0,0,0,125.2,216.0234375,27
1776844044.6867933,0.0,0,0,101.8,216.0234375,27
1776844046.846077,0.0,0,0,121.1,216.0234375,27
1776844051.0261655,0.0,0,0,100.7,216.0234375,27
1776844054.1863444,0.0,0,0,93.1,216.0234375,27
1776844057.6317997,0.0,0,0,73.3,216.0234375,27
1776844061.794056,0.0,0,0,101.3,216.0234375,27
1776844062.9856048,0.0,0,0,102.0,216.0234375,27
1776844068.0608006,0.0,0,0,102.9,216.0234375,27
1776844069.4182243,0.0,0,0,99.7,216.0234375,27
1776844074.3105814,0.0,0,0,98.7,216.0234375,27
1776844076.8119652,0.0,0,0,98.9,216.0234375,27
1776844086.9158828,0.0,0,0,135.0,216.546875,27
1776844088.7172449,0.0,0,0,98.3,216.546875,27
1776844093.9404407,0.0,0,0,86.6,216.546875,27
1776844094.3536687,0.0,0,0,106.7,216.546875,27
1776844098.6755116,0.0,0,0,98.0,216.546875,27
1776844100.802064,0.0,0,0,103.4,216.546875,27
1776844104.445659,0.0,0,0,97.6,216.55078125,27
1776844108.6617627,0.0,0,0,102.0,216.55078125,27
1776848900.3500378,0.0,0,0,101.6,82.9140625,10
1776848900.4493465,0.0,0,0,105.4,83.18359375,10
1776848906.27046,0.0,0,0,105.4,83.62109375,13
1776848906.4564486,0.0,0,0,101.5,83.73046875,13
1776848912.351817,18.327991333944222,10,0,87.1,84.0546875,13
1776848912.5114894,0.0,0,0,106.7,84.05859375,13
1776848918.4303463,29.612569603513148,16,0,98.2,84.0546875,13
1776848918.586972,0.0,0,0,91.1,84.05859375,13
1776848924.4483423,0.0,0,0,102.3,84.00390625,11
1776848924.5931447,0.0,0,0,88.3,84.0078125,11
1776848929.8060782,0.0,0,0,104.5,84.03125,11
1776848930.0234632,0.0,0,0,106.0,84.03125,11
1776848947.842405,0.0,0,0,91.6,82.33203125,10
1776848947.9944184,0.0,0,0,31.1,82.9609375,10
1776848953.068446,0.0,0,0,92.0,83.171875,10
1776848953.2253573,0.0,0,0,62.4,83.25390625,10
1776848958.3301961,0.0,0,0,103.4,83.26171875,10
1776848958.4313014,0.0,0,0,90.7,83.26171875,10
1776848963.943898,0.0,0,0,88.9,83.421875,10
1776848964.0421495,0.0,0,0,92.5,83.42578125,10
1776848969.3226354,1965.0053876786133,2,1,31.1,83.68359375,10
1776848974.5136063,0.0,0,0,88.8,83.71484375,10
1776848974.620372,0.0,0,0,106.4,83.71875,10
1776848979.9771957,21974.663383454706,100,0,32.2,83.70703125,10
1776848985.1652493,0.0,0,0,93.1,83.734375,10
1776848985.5776446,2422.846817745691,1000,0,0.0,83.7421875,10
1776848985.7398221,0.0,0,0,0.0,83.71875,9
1776848990.343952,1802.2916750816214,1000,0,0.0,83.7265625,9
1776848990.9180353,0.0,0,0,93.4,83.76953125,11
1776848995.505916,1802.2916750816214,1000,0,0.0,83.7421875,9
1776848996.132607,0.0,0,0,104.4,83.82421875,11
1776848996.2285304,0.0,0,0,89.5,83.828125,11
1776849000.6686637,1802.2916750816214,1000,0,0.0,83.81640625,9
1776849005.831188,1802.2916750816214,1000,0,0.0,83.78125,8
1776849010.9963613,1802.2916750816214,1000,0,0.0,83.734375,5
1776849016.1745715,1802.2916750816214,1000,0,0.0,83.75,5
1776849021.339109,1802.2916750816214,1000,0,0.0,83.75,5
1776849026.5116415,1802.2916750816214,1000,0,0.0,83.75,5
1776849031.6796956,1802.2916750816214,1000,0,0.0,83.75,5
1776849036.840943,1802.2916750816214,1000,0,0.0,83.75,5
1776849042.0052319,1802.2916750816214,1000,0,0.0,83.75,5
1776849047.169131,1802.2916750816214,1000,0,0.0,83.75,5
1776849052.3361142,1802.2916750816214,1000,0,0.0,83.765625,5
1776849057.4999208,1802.2916750816214,1000,0,0.0,83.828125,5
1776849062.6632934,1802.2916750816214,1000,0,0.0,83.828125,5
1776849067.8277457,1802.2916750816214,1000,0,0.0,83.828125,5
1776849072.9909344,1802.2916750816214,1000,0,0.0,83.8125,4
1776849078.1604803,1802.2916750816214,1000,0,0.0,83.8125,4
1776849083.3254592,1802.2916750816214,1000,0,0.0,83.7734375,2
1776849088.4878597,1802.2916750816214,1000,0,0.0,83.7734375,2
1776849093.6512902,1802.2916750816214,1000,0,0.0,83.7734375,2
1776849098.814305,1802.2916750816214,1000,0,0.0,83.7734375,2
1776849103.976892,1802.2916750816214,1000,0,0.0,83.7734375,2
1776849109.1399195,1802.2916750816214,1000,0,0.0,83.7734375,2
1776849114.3033953,1802.2916750816214,1000,0,0.0,83.7734375,2
1776849119.4671705,1802.2916750816214,1000,0,0.0,83.8359375,2
1776849124.6314485,1802.2916750816214,1000,0,0.0,83.8359375,2
1776849129.7941592,1802.2916750816214,1000,0,0.0,83.8359375,2
1776849134.9573658,1802.2916750816214,1000,0,0.0,83.8359375,2
1776849140.122662,1802.2916750816214,1000,0,0.0,83.8359375,2
1776849145.2883525,1802.2916750816214,1000,0,0.0,83.90234375,2
1776849145.3019135,0.0,0,0,77.6,82.2578125,10
1776849145.4422734,0.0,0,0,0.0,82.99609375,10
1776849150.468312,1802.2916750816214,1000,0,0.0,83.90234375,2
1776849150.5324073,0.0,0,0,103.7,83.21484375,10
1776849150.6283307,0.0,0,0,106.3,83.296875,10
1776849155.6406677,1802.2916750816214,1000,0,0.0,83.90234375,2
1776849155.8122604,0.0,0,0,88.4,83.421875,10
1776849155.9272418,0.0,0,0,105.8,83.4296875,10
1776849160.8090088,1802.2916750816214,1000,0,0.0,83.90625,2
1776849161.4123387,0.0,0,0,103.6,83.6171875,10
1776849161.5184233,0.0,0,0,104.8,83.6171875,10
1776849165.9842038,1802.2916750816214,1000,0,0.0,83.91015625,2
1776849166.80048,0.0,0,0,0.0,83.8984375,10
,83.8984375,10
1776849171.1563463,1802.2916750816214,1000,0,0.0,83.91015625,2
1776849172.0088592,0.0,0,0,103.6,84.02734375,10
1776849172.11181,0.0,0,0,89.9,84.03515625,10
1776849176.3302681,1802.2916750816214,1000,0,0.0,83.9140625,2
1776849177.4731379,19268.210216832045,100,0,42.8,84.02734375,10
1776849181.4987252,1802.2916750816214,1000,0,0.0,83.9140625,2
1776849182.6641397,0.0,0,0,92.1,84.08203125,10
1776849183.071768,2449.2786713889045,1000,0,0.0,84.08984375,10
1776849183.2341976,0.0,0,0,15.5,84.06640625,9
1776849186.6787784,1802.2916750816214,1000,0,0.0,83.91796875,2
1776849187.869914,1811.4469622240917,1000,0,0.0,84.07421875,9
1776849188.436381,0.0,0,0,108.7,84.12109375,11
1776849191.8521452,1802.2916750816214,1000,0,0.0,83.921875,2
1776849193.0407798,1811.4469622240917,1000,0,0.0,84.07421875,9
1776849193.6685507,0.0,0,0,117.9,84.140625,11
1776849193.7630491,0.0,0,0,76.8,84.140625,11
1776849197.0182347,1802.2916750816214,1000,0,0.0,83.92578125,2
1776849198.2182727,1811.4469622240917,1000,0,0.0,84.1328125,9
1776849202.1774976,1802.2916750816214,1000,0,0.0,83.98828125,2
1776849203.3941271,1811.4469622240917,1000,0,0.0,84.09765625,8
1776849207.3565266,1802.2916750816214,1000,0,0.0,83.98828125,2
1776849208.5689936,1811.4469622240917,1000,0,0.0,84.09765625,5
1776849212.5476468,1802.2916750816214,1000,0,0.0,83.98828125,2
1776849213.752715,1811.4469622240917,1000,0,0.0,84.09765625,5
1776849217.7165504,1802.2916750816214,1000,0,0.0,83.99609375,2
1776849218.920606,1811.4469622240917,1000,0,0.0,84.09765625,5
1776849222.8972769,1802.2916750816214,1000,0,0.0,84.1171875,2
1776849224.1034253,1811.4469622240917,1000,0,0.0,84.09765625,5
1776849228.0670624,1802.2916750816214,1000,0,0.0,84.1171875,2
1776849229.304077,1811.4469622240917,1000,0,0.0,84.09765625,5
1776849233.2593973,1802.2916750816214,1000,0,0.0,84.1171875,2
1776849234.4777427,1811.4469622240917,1000,0,0.0,84.09765625,5
1776849238.467259,1802.2916750816214,1000,0,0.0,84.1171875,2
1776849239.6484475,1811.4469622240917,1000,0,0.0,84.09765625,5
1776849243.6430125,1802.2916750816214,1000,0,0.0,84.12109375,2
1776849244.8271275,1811.4469622240917,1000,0,0.0,84.09765625,5
1776849248.8175035,1802.2916750816214,1000,0,0.0,84.2265625,3
1776849250.0055308,1811.4469622240917,1000,0,0.0,84.09765625,5
1776849253.9868662,1802.2916750816214,1000,0,0.0,84.23046875,3
1776849255.188945,1811.4469622240917,1000,0,0.0,84.09765625,5
1776849259.1687012,1802.2916750816214,1000,0,0.0,84.23046875,3
1776849260.3640544,1811.4469622240917,1000,0,0.0,84.09765625,5
1776849264.3416786,1802.2916750816214,1000,0,0.0,84.23046875,3
1776849265.527931,1811.4469622240917,1000,0,0.0,84.09765625,5
1776849269.542672,1802.2916750816214,1000,0,0.0,84.23046875,3
1776849270.7336624,1811.4469622240917,1000,0,0.0,84.08203125,4
1776849274.7173548,1802.2916750816214,1000,0,0.0,84.24609375,3
1776849275.9151378,1811.4469622240917,1000,0,0.0,84.14453125,4
1776849279.8878407,1802.2916750816214,1000,0,0.0,84.2578125,3
1776849281.1184435,1811.4469622240917,1000,0,0.0,84.10546875,2
1776849285.063091,1802.2916750816214,1000,0,0.0,84.26953125,3
1776849286.3136759,1811.4469622240917,1000,0,0.0,84.10546875,2
1776849290.2320995,1802.2916750816214,1000,0,0.0,84.26953125,3
1776849291.4968686,1811.4469622240917,1000,0,0.0,84.10546875,2
1776849295.4306817,1802.2916750816214,1000,0,0.0,84.28515625,3
1776849296.671926,1811.4469622240917,1000,0,0.0,84.10546875,2
1776849300.6063905,1802.2916750816214,1000,0,0.0,84.28515625,3
1776849301.848261,1811.4469622240917,1000,0,0.0,84.10546875,2
1776849305.7809203,1802.2916750816214,1000,0,0.0,84.34765625,3
1776849307.025359,1811.4469622240917,1000,0,0.0,84.10546875,2
1776849310.9454036,1802.2916750816214,1000,0,0.0,84.34765625,3
1776849312.2001119,1811.4469622240917,1000,0,0.0,84.10546875,2
1776849316.1111095,1802.2916750816214,1000,0,0.0,84.34765625,3
1776849317.3677764,1811.4469622240917,1000,0,0.0,84.10546875,2
1776849321.2739031,1802.2916750816214,1000,0,0.0,84.34765625,3
1776849322.5358183,1811.4469622240917,1000,0,0.0,84.16796875,2
1776849326.438628,1802.2916750816214,1000,0,0.0,84.34765625,3
1776849327.715919,1811.4469622240917,1000,0,0.0,84.16796875,2
1776849331.606026,1802.2916750816214,1000,0,0.0,84.34765625,3
1776849332.8933873,1811.4469622240917,1000,0,0.0,84.16796875,2
1776849336.7871122,1802.2916750816214,1000,0,0.0,84.34765625,3
1776849338.0762303,1811.4469622240917,1000,0,0.0,84.16796875,2
1776849341.968857,1802.2916750816214,1000,0,0.0,84.34765625,3
1776849343.2619555,1811.4469622240917,1000,0,0.0,84.16796875,2
1776849347.1458752,1802.2916750816214,1000,0,0.0,84.34765625,3
1776849348.4626305,1811.4469622240917,1000,0,0.0,84.16796875,2
1776849352.3184786,1802.2916750816214,1000,0,0.0,84.328125,2
1776849353.6841643,1811.4469622240917,1000,0,0.0,84.16796875,2
1776849357.4959564,1802.2916750816214,1000,0,0.0,84.390625,2
1776849358.864648,1811.4469622240917,1000,0,0.0,84.23046875,2
1776849362.6607144,1802.2916750816214,1000,0,0.0,84.390625,2
1776849364.0526707,1811.4469622240917,1000,0,0.0,84.23046875,2
1776849367.832555,1802.2916750816214,1000,0,0.0,84.390625,2
1776849369.2212813,1811.4469622240917,1000,0,0.0,84.23046875,2
1776849373.0013766,1802.2916750816214,1000,0,0.0,84.390625,2
1776849373.198982,1000.0,5000,0,0.0,157.83984375,9
1776849373.4799068,1000.0,5000,0,0.0,158.82421875,9
1776849373.7604022,1500.0,10000,0,0.0,158.88671875,9
1776849374.0408535,1500.0,10000,0,0.0,158.9921875,9
1776849374.3179166,1500.0,10000,0,0.0,159.03515625,9
1776849374.3866246,1811.4469622240917,1000,0,0.0,84.23046875,2
1776849374.5978067,1500.0,10000,0,0.0,159.0703125,9
1776849374.8639657,1500.0,10000,0,15.6,159.09765625,9
1776849375.1633449,1500.0,10000,0,0.0,159.1953125,9
1776849376.1392503,0.0,0,0,0.0,159.28515625,9
1776849376.6311426,0.0,0,0,0.0,159.65625,9
1776849377.1083786,1000.0,5000,0,0.0,159.66796875,9
1776849377.3855867,1000.0,5000,0,0.0,159.74609375,9
1776849377.6564295,1000.0,5000,0,0.0,159.75,9
1776849377.7836962,1000.0,5000,0,50.0,200.0,4
1776849377.9353302,1200.0,8000,0,0.0,159.75390625,9
1776849378.1689587,1802.2916750816214,1000,0,0.0,84.39453125,2
1776849379.0603757,1000.0,5000,0,0.0,159.96484375,9
1776849379.4989212,1000.0,5000,0,0.0,160.08984375,9
1776849379.5544162,1811.4469622240917,1000,0,0.0,84.23046875,2
1776849383.3374438,1802.2916750816214,1000,0,0.0,84.5078125,2
1776849384.7314801,1811.4469622240917,1000,0,0.0,84.23046875,2
1776849388.4976904,1802.2916750816214,1000,0,0.0,84.51171875,2
1776849389.9066868,1811.4469622240917,1000,0,0.0,84.23046875,2
1776849393.6799135,1802.2916750816214,1000,0,0.0,84.578125,2
1776849395.0806196,1811.4469622240917,1000,0,0.0,84.23046875,2
1776849398.854638,1802.2916750816214,1000,0,0.0,84.578125,2
1776849400.2575123,1811.4469622240917,1000,0,0.0,84.29296875,2
1776849404.029861,1802.2916750816214,1000,0,0.0,84.58203125,2
1776849405.4404995,1811.4469622240917,1000,0,0.0,84.29296875,2
1776849406.3913634,1000.0,5000,0,0.0,82.8515625,8
1776849406.6665673,1000.0,5000,0,0.0,83.80859375,8
1776849406.9451873,1500.0,10000,0,0.0,83.94921875,8
1776849407.2194428,1500.0,10000,0,0.0,84.0234375,8
1776849407.495687,1500.0,10000,0,0.0,84.0703125,8
1776849407.7895267,1500.0,10000,0,0.0,84.0703125,8
1776849408.0664015,1500.0,10000,0,0.0,84.078125,8
1776849408.3466704,1500.0,10000,0,0.0,84.09375,8
1776849409.2000396,1802.2916750816214,1000,0,0.0,84.58203125,2
1776849409.2894433,0.0,0,0,0.0,84.25390625,8
1776849409.7717166,0.0,0,0,0.0,84.46875,8
1776849410.2456481,1000.0,5000,0,0.0,84.49609375,8
1776849410.5266833,1000.0,5000,0,0.0,84.515625,8
1776849410.6202016,1811.4469622240917,1000,0,0.0,84.29296875,2
1776849410.787133,1000.0,5000,0,0.0,84.515625,8
1776849410.9160268,1000.0,5000,0,50.0,200.0,4
1776849411.0774565,1200.0,8000,0,0.0,84.5859375,8
1776849412.2305367,1000.0,5000,0,0.0,84.640625,8
1776849412.7165427,1000.0,5000,0,0.0,84.875,8
1776849414.2892897,0.0,0,0,15.6,85.79296875,8
1776849414.3607051,1802.2916750816214,1000,0,0.0,84.58984375,2
1776849415.7908864,1811.4469622240917,1000,0,0.0,84.29296875,2
1776849419.529993,1802.2916750816214,1000,0,0.0,84.59765625,2
1776849419.481546,0.0,0,0,105.2,86.13671875,16
1776849420.9570262,1811.4469622240917,1000,0,0.0,84.29296875,2
1776849424.6917,1802.2916750816214,1000,0,0.0,84.59765625,2
1776849425.1349874,0.0,0,0,101.0,86.56640625,16
1776849426.12959,1811.4469622240917,1000,0,0.0,84.31640625,2
1776849426.6032913,0.0,0,0,104.1,86.93359375,25
1776849428.1455784,0.0,0,0,111.6,86.72265625,16
1776849429.439009,0.0,0,0,103.5,86.9921875,25
1776849429.861791,1802.2916750816214,1000,0,0.0,84.609375,2
1776849431.0187275,0.0,0,0,88.7,86.78515625,16
1776849431.8364835,1811.4469622240917,1000,0,0.0,84.49609375,2
1776849431.918239,0.0,0,0,94.9,87.05078125,25
1776849435.039261,1802.2916750816214,1000,0,0.0,84.625,2
1776849437.0544286,1811.4469622240917,1000,0,0.0,84.49609375,2
1776849437.1562147,0.0,0,0,120.2,86.3515625,13
1776849437.7685387,6.192710140455369,4,0,15.6,87.29296875,25
1776849440.2151034,1802.2916750816214,1000,0,0.0,84.62890625,2
1776849442.254119,1811.4469622240917,1000,0,0.0,84.49609375,2
1776849442.8866405,0.0,0,0,106.0,86.9921875,14
1776849443.8668723,0.0,0,0,105.5,87.30078125,25
1776849445.111593,0.0,0,1,31.7,87.0390625,11
1776849445.386319,1802.2916750816214,1000,0,0.0,84.62890625,2
1776849447.4553614,1811.4469622240917,1000,0,0.0,84.6015625,3
1776849450.5720086,1802.2916750816214,1000,0,0.0,84.62890625,2
1776849452.6742415,1811.4469622240917,1000,0,0.0,84.6015625,3
1776849452.8544483,0.0,0,0,77.9,88.3359375,14
1776849454.1554418,0.0,0,0,89.9,88.69140625,25
1776849455.7399807,1802.2916750816214,1000,0,0.0,84.62890625,2
1776849456.0989907,0.0,0,0,77.5,88.86328125,15
1776849457.2660744,0.0,0,0,75.9,89.171875,25
1776849457.8768466,1811.4469622240917,1000,0,0.0,84.6015625,3
1776849458.3456454,2.1925007898494466,5,0,15.6,89.17578125,25
1776849460.9261131,1802.2916750816214,1000,0,0.0,84.62890625,2
1776849463.0826821,1811.4469622240917,1000,0,0.0,84.6015625,3
1776849466.1190543,1802.2916750816214,1000,0,0.0,84.62890625,2
1776849468.307845,1811.4469622240917,1000,0,0.0,84.6015625,3
1776849471.3191166,1802.2916750816214,1000,0,0.0,84.64453125,2
1776849471.536671,0.0,0,0,151.1,83.015625,15
1776849472.4091613,0.0,0,0,127.0,84.19140625,25
1776849473.5299928,1811.4469622240917,1000,0,0.0,84.6015625,3
1776849476.5208564,1802.2916750816214,1000,0,0.0,84.66015625,2
1776849478.7555082,1811.4469622240917,1000,0,0.0,84.6015625,3
1776849481.7254064,1802.2916750816214,1000,0,0.0,84.72265625,2
1776849483.9782512,1811.4469622240917,1000,0,0.0,84.6015625,3
1776849486.9256122,1802.2916750816214,1000,0,0.0,84.72265625,2
1776849489.2154727,1811.4469622240917,1000,0,0.0,84.6015625,3
1776849492.1280718,1802.2916750816214,1000,0,0.0,84.72265625,2
1776849494.4586082,1811.4469622240917,1000,0,0.0,84.6015625,3
1776849497.3324058,1802.2916750816214,1000,0,0.0,84.72265625,2
1776849499.1592882,0.0,0,0,88.9,84.109375,10
1776849499.2751052,0.0,0,0,107.1,84.8671875,10
1776849499.7016935,1811.4469622240917,1000,0,0.0,84.6015625,3
1776849502.5218194,1802.2916750816214,1000,0,0.0,84.72265625,2
1776849504.916269,1811.4469622240917,1000,0,0.0,84.6015625,3
1776849505.1343265,0.0,0,0,77.6,85.109375,13
1776849505.3307004,0.0,0,0,99.4,85.109375,13
1776849507.7049909,1802.2916750816214,1000,0,0.0,84.72265625,2
1776849510.118907,1811.4469622240917,1000,0,0.0,84.6015625,3
1776849511.2082047,35.46986441725055,19,0,96.6,85.63671875,13
1776849511.3687642,0.0,0,0,88.6,85.63671875,13
1776849512.8886118,1802.2916750816214,1000,0,0.0,84.72265625,2
1776849515.3037422,1811.4469622240917,1000,0,0.0,84.6015625,3
1776849517.3210416,33.200549094598,19,0,93.4,85.9765625,13
1776849517.464053,0.0,0,0,104.8,85.984375,13
1776849518.0625591,1802.2916750816214,1000,0,0.0,84.72265625,2
1776849520.4883502,1811.4469622240917,1000,0,0.0,84.6015625,3
1776849523.2496922,1802.2916750816214,1000,0,0.0,84.72265625,2
1776849525.670471,1811.4469622240917,1000,0,0.0,84.6015625,3
1776849528.4172177,1802.2916750816214,1000,0,0.0,84.78515625,2
1776849530.8621097,1811.4469622240917,1000,0,0.0,84.6015625,3
1776849533.5935724,1802.2916750816214,1000,0,0.0,84.78515625,2
1776849536.0483363,1811.4469622240917,1000,0,0.0,84.6015625,3
1776849538.7682319,1802.2916750816214,1000,0,0.0,84.78515625,2
1776849541.252401,1811.4469622240917,1000,0,0.0,84.6015625,3
1776849543.951682,1802.2916750816214,1000,0,0.0,84.78515625,2
1776849546.47535,1811.4469622240917,1000,0,0.0,84.58203125,2
1776849549.1535277,1802.2916750816214,1000,0,0.0,84.82421875,4
1776849551.699081,1811.4469622240917,1000,0,0.0,84.58203125,2
1776849554.3329492,1802.2916750816214,1000,0,0.0,84.82421875,4
1776849556.9020312,1811.4469622240917,1000,0,0.0,84.58203125,2
1776849559.5089302,1802.2916750816214,1000,0,0.0,84.82421875,4
1776849562.1084657,1811.4469622240917,1000,0,0.0,84.58203125,2
1776849564.6834304,1802.2916750816214,1000,0,0.0,84.88671875,4
1776849567.285764,1811.4469622240917,1000,0,0.0,84.5859375,2
1776849569.85979,1802.2916750816214,1000,0,0.0,84.88671875,4
1776849572.4677362,1811.4469622240917,1000,0,0.0,84.5859375,2
1776849575.0277429,1802.2916750816214,1000,0,0.0,84.88671875,4
1776849577.6591032,1811.4469622240917,1000,0,0.0,84.58984375,2
1776849580.2081978,1802.2916750816214,1000,0,0.0,84.88671875,4
1776849582.8370736,1811.4469622240917,1000,0,0.0,84.58984375,2
1776849585.3974981,1802.2916750816214,1000,0,0.0,84.88671875,4
1776849588.0333872,1811.4469622240917,1000,0,0.0,84.6015625,2
1776849590.5737512,1802.2916750816214,1000,0,0.0,84.88671875,4
1776849593.2195134,1811.4469622240917,1000,0,0.0,84.6015625,2
1776849595.7539546,1802.2916750816214,1000,0,0.0,84.88671875,4
1776849598.411402,1811.4469622240917,1000,0,0.0,84.6015625,2
1776849600.9318197,1802.2916750816214,1000,0,0.0,84.88671875,4
1776849603.6785338,1811.4469622240917,1000,0,0.0,84.6015625,2
1776849606.1105292,1802.2916750816214,1000,0,0.0,84.88671875,4
1776849608.87491,1811.4469622240917,1000,0,0.0,84.6015625,2
1776849611.2801638,1802.2916750816214,1000,0,0.0,84.88671875,4
1776849614.0819578,1811.4469622240917,1000,0,0.0,84.60546875,2
1776849616.4481785,1802.2916750816214,1000,0,0.0,84.84765625,2
1776849619.283044,1811.4469622240917,1000,0,0.0,84.625,2
1776849621.6302543,1802.2916750816214,1000,0,0.0,84.84765625,2
1776849624.4696863,1811.4469622240917,1000,0,0.0,84.65234375,2
1776849626.8011446,1802.2916750816214,1000,0,0.0,84.91015625,2
1776849629.6583185,1811.4469622240917,1000,0,0.0,84.71484375,2
1776849631.9650807,1802.2916750816214,1000,0,0.0,84.91015625,2
1776849634.8486075,1811.4469622240917,1000,0,0.0,84.71484375,2
1776849637.1332796,1802.2916750816214,1000,0,0.0,84.91015625,2
1776849640.0274024,1811.4469622240917,1000,0,0.0,84.71484375,2
1776849642.3035426,1802.2916750816214,1000,0,0.0,84.91015625,2
1776849645.2101364,1811.4469622240917,1000,0,0.0,84.71484375,2
1776849647.4815278,1802.2916750816214,1000,0,0.0,84.91015625,2
1776849650.4070134,1811.4469622240917,1000,0,0.0,84.71484375,2
1776849652.660573,1802.2916750816214,1000,0,0.0,84.91015625,2
1776849655.5963922,1811.4469622240917,1000,0,0.0,84.71484375,2
1776849657.8447964,1802.2916750816214,1000,0,0.0,84.91015625,2
1776849660.8051221,1811.4469622240917,1000,0,0.0,84.90625,2
1776849663.021557,1802.2916750816214,1000,0,0.0,84.97265625,2
1776849665.99717,1811.4469622240917,1000,0,0.0,84.90625,2
1776849668.2022054,1802.2916750816214,1000,0,0.0,84.97265625,2
1776849671.1934807,1811.4469622240917,1000,0,0.0,84.90625,2
1776849673.3802838,1802.2916750816214,1000,0,0.0,84.97265625,2
1776849676.385373,1811.4469622240917,1000,0,0.0,84.90625,2
1776849678.5707734,1802.2916750816214,1000,0,0.0,84.97265625,2
1776849681.5806084,1811.4469622240917,1000,0,0.0,84.90625,2
1776849683.764872,1802.2916750816214,1000,0,0.0,84.97265625,2
1776849686.7944033,1811.4469622240917,1000,0,0.0,84.90625,2
1776849688.9567616,1802.2916750816214,1000,0,0.0,84.97265625,2
1776849692.0043263,1811.4469622240917,1000,0,0.0,84.96875,2
1776849694.1465385,1802.2916750816214,1000,0,0.0,84.97265625,2
1776849697.1997943,1811.4469622240917,1000,0,0.0,84.96875,2
1776849699.347557,1802.2916750816214,1000,0,0.0,84.97265625,2
1776849702.421331,1811.4469622240917,1000,0,0.0,84.96875,2
1776849704.5574644,1802.2916750816214,1000,0,0.0,85.03515625,2
1776849707.619658,1811.4469622240917,1000,0,0.0,84.96875,2
1776849709.7349145,1802.2916750816214,1000,0,0.0,85.03515625,2
1776849712.8191357,1811.4469622240917,1000,0,0.0,84.96875,2
1776849714.9195583,1802.2916750816214,1000,0,0.0,85.03515625,2
1776849718.014695,1811.4469622240917,1000,0,0.0,84.96875,2
1776849720.0984344,1802.2916750816214,1000,0,0.0,85.03515625,2
1776849723.1958897,1811.4469622240917,1000,0,0.0,84.96875,2
1776849725.2696354,1802.2916750816214,1000,0,0.0,85.0390625,2
1776849728.407509,1811.4469622240917,1000,0,0.0,84.96875,2
1776849730.4428465,1802.2916750816214,1000,0,0.0,85.0390625,2
1776849733.6062865,1811.4469622240917,1000,0,0.0,84.96875,2
1776849735.6186862,1802.2916750816214,1000,0,0.0,85.0390625,2
1776849738.7952929,1811.4469622240917,1000,0,0.0,84.96875,2
1776849740.7978606,1802.2916750816214,1000,0,0.0,85.0390625,2
1776849743.977875,1811.4469622240917,1000,0,0.0,85.0078125,4
1776849745.9697149,1802.2916750816214,1000,0,0.0,85.0390625,2
1776849749.194416,1811.4469622240917,1000,0,0.0,85.0078125,4
1776849751.163802,1802.2916750816214,1000,0,0.0,85.04296875,2
1776849754.409283,1811.4469622240917,1000,0,0.0,85.0703125,4
1776849756.3511436,1802.2916750816214,1000,0,0.0,85.04296875,2
1776849759.6022801,1811.4469622240917,1000,0,0.0,85.0703125,4
1776849761.526682,1802.2916750816214,1000,0,0.0,85.046875,2
1776849764.8440495,1811.4469622240917,1000,0,0.0,85.0703125,4
1776849766.7145362,1802.2916750816214,1000,0,0.0,85.109375,2
1776849770.0434933,1811.4469622240917,1000,0,0.0,85.0703125,4
1776849771.893123,1802.2916750816214,1000,0,0.0,85.109375,2
1776849775.2275836,1811.4469622240917,1000,0,0.0,85.0703125,4
1776849777.062538,1802.2916750816214,1000,0,0.0,85.109375,2
1776849780.4203446,1811.4469622240917,1000,0,0.0,85.0703125,4
1776849782.2323365,1802.2916750816214,1000,0,0.0,85.109375,2
1776849785.6032,1811.4469622240917,1000,0,0.0,85.0703125,4
1776849787.4049666,1802.2916750816214,1000,0,0.0,85.1171875,2
1776849790.7898443,1811.4469622240917,1000,0,0.0,85.0703125,4
1776849792.578218,1802.2916750816214,1000,0,0.0,85.31640625,2
1776849795.980489,1811.4469622240917,1000,0,0.0,85.1328125,4
1776849797.7531755,1802.2916750816214,1000,0,0.0,85.31640625,2
1776849801.1671548,1811.4469622240917,1000,0,0.0,85.1328125,4
1776849802.9400544,1802.2916750816214,1000,0,0.0,85.31640625,2
1776849806.3568158,1811.4469622240917,1000,0,0.0,85.1328125,4
1776849808.1232452,1802.2916750816214,1000,0,0.0,85.31640625,2
1776849811.548029,1811.4469622240917,1000,0,0.0,85.1328125,4
1776849813.3199062,1802.2916750816214,1000,0,0.0,85.31640625,2
1776849816.7324448,1811.4469622240917,1000,0,0.0,85.09375,2
1776849818.518683,1802.2916750816214,1000,0,0.0,85.37890625,2
1776849821.9216976,1811.4469622240917,1000,0,0.0,85.09375,2
1776849823.6939309,1802.2916750816214,1000,0,0.0,85.37890625,2
1776849827.1286674,1811.4469622240917,1000,0,0.0,85.09375,2
1776849828.8718848,1802.2916750816214,1000,0,0.0,85.37890625,2
1776849832.316879,1811.4469622240917,1000,0,0.0,85.09375,2
1776849834.059882,1802.2916750816214,1000,0,0.0,85.37890625,2
1776849837.5058856,1811.4469622240917,1000,0,0.0,85.09375,2
1776849839.2376893,1802.2916750816214,1000,0,0.0,85.37890625,2
1776849842.6996753,1811.4469622240917,1000,0,0.0,85.15625,2
1776849844.4168308,1802.2916750816214,1000,0,0.0,85.37890625,2
1776849847.8874211,1811.4469622240917,1000,0,0.0,85.15625,2
1776849849.596145,1802.2916750816214,1000,0,0.0,85.37890625,2
1776849853.0865726,1811.4469622240917,1000,0,0.0,85.15625,2
1776849854.7748742,1802.2916750816214,1000,0,0.0,85.39453125,2
1776849858.3480818,1811.4469622240917,1000,0,0.0,85.15625,2
1776849859.9785123,1802.2916750816214,1000,0,0.0,85.41015625,2
1776849863.566627,1811.4469622240917,1000,0,0.0,85.15625,2
1776849865.1781,1802.2916750816214,1000,0,0.0,85.42578125,2
1776849868.763867,1811.4469622240917,1000,0,0.0,85.15625,2
1776849870.3573856,1802.2916750816214,1000,0,0.0,85.42578125,2
1776849874.0025713,1811.4469622240917,1000,0,0.0,85.15625,2
1776849875.5527532,1802.2916750816214,1000,0,0.0,85.42578125,2
1776849879.228572,1811.4469622240917,1000,0,0.0,85.15625,2
1776849880.7408397,1802.2916750816214,1000,0,0.0,85.4296875,2
1776849884.4447515,1811.4469622240917,1000,0,0.0,85.15625,2
1776849885.925674,1802.2916750816214,1000,0,0.0,85.44140625,2
1776849889.6302772,1811.4469622240917,1000,0,0.0,85.21875,2
1776849891.0953145,1802.2916750816214,1000,0,0.0,85.50390625,2
1776849894.8194842,1811.4469622240917,1000,0,0.0,85.21875,2
1776849896.2808838,1802.2916750816214,1000,0,0.0,85.50390625,2
1776849900.0204177,1811.4469622240917,1000,0,0.0,85.21875,2
1776849901.4641933,1802.2916750816214,1000,0,0.0,85.50390625,2
1776849905.2185698,1811.4469622240917,1000,0,0.0,85.21875,2
1776849906.6406684,1802.2916750816214,1000,0,0.0,85.50390625,2
1776849910.4108667,1811.4469622240917,1000,0,0.0,85.21875,2
1776849911.8193514,1802.2916750816214,1000,0,0.0,85.50390625,2
1776849915.6109867,1811.4469622240917,1000,0,0.0,85.21875,2
1776849916.9867234,1802.2916750816214,1000,0,0.0,85.50390625,2
1776849920.8059213,1811.4469622240917,1000,0,0.0,85.21875,2
1776849922.1682742,1802.2916750816214,1000,0,0.0,85.50390625,2
1776849926.0169163,1811.4469622240917,1000,0,0.0,85.21875,2
1776849927.3590028,1802.2916750816214,1000,0,0.0,85.50390625,2
1776849931.228746,1811.4469622240917,1000,0,0.0,85.21875,2
1776849932.5352447,1802.2916750816214,1000,0,0.0,85.50390625,2
1776849936.411706,1811.4469622240917,1000,0,0.0,85.28125,2
1776849937.7139492,1802.2916750816214,1000,0,0.0,85.50390625,2
1776849941.5947704,1811.4469622240917,1000,0,0.0,85.28125,2
1776849942.8918736,1802.2916750816214,1000,0,0.0,85.50390625,2
1776849946.7770948,1811.4469622240917,1000,0,0.0,85.28125,2
1776849948.0714831,1802.2916750816214,1000,0,0.0,85.50390625,2
1776849951.9580297,1811.4469622240917,1000,0,0.0,85.28125,2
1776849953.2426455,1802.2916750816214,1000,0,0.0,85.56640625,2
1776849957.1491523,1811.4469622240917,1000,0,0.0,85.28125,2
1776849958.4067316,1802.2916750816214,1000,0,0.0,85.56640625,2
1776849962.3420649,1811.4469622240917,1000,0,0.0,85.28125,2
1776849963.5969782,1802.2916750816214,1000,0,0.0,85.56640625,2
1776849967.545865,1811.4469622240917,1000,0,0.0,85.28125,2
1776849968.7799685,1802.2916750816214,1000,0,0.0,85.56640625,2
1776849972.7459404,1811.4469622240917,1000,0,0.0,85.28125,2
1776849973.971298,1802.2916750816214,1000,0,0.0,85.56640625,2
1776849977.9373643,1811.4469622240917,1000,0,0.0,85.28125,2
1776849979.1499999,1802.2916750816214,1000,0,0.0,85.56640625,2
1776849983.1436424,1811.4469622240917,1000,0,0.0,85.28125,2
1776849984.3393853,1802.2916750816214,1000,0,0.0,85.56640625,2
1776849985.4597886,0.0,0,0,106.1,82.296875,16
1776849986.378553,0.0,0,0,100.0,83.87890625,25
1776849988.3303354,1811.4469622240917,1000,0,0.0,85.296875,2
1776849989.5419142,1802.2916750816214,1000,0,0.0,85.56640625,2
1776849993.5116405,1811.4469622240917,1000,0,0.0,85.3671875,2
1776849994.7264123,1802.2916750816214,1000,0,0.0,85.56640625,2
1776849998.7051504,1811.4469622240917,1000,0,0.0,92.80078125,2
1776849999.915775,1802.2916750816214,1000,0,0.0,85.56640625,2
1776850002.1289227,0.0,0,0,105.0,82.375,17
1776850002.8092463,0.0,0,0,101.5,83.87109375,25
1776850003.904174,1811.4469622240917,1000,0,0.0,104.359375,2
1776850005.1037796,1802.2916750816214,1000,0,0.0,85.56640625,2
1776850009.1024246,1811.4469622240917,1000,0,0.0,108.9453125,2
1776850010.3063266,1802.2916750816214,1000,0,15.6,85.58984375,2
1776850014.308321,1811.4469622240917,1000,0,0.0,112.3125,2
1776850015.5041137,1802.2916750816214,1000,0,0.0,85.58984375,2
1776850019.4995537,1811.4469622240917,1000,0,0.0,112.953125,2
1776850020.7162747,1802.2916750816214,1000,0,0.0,85.58984375,2
1776850024.6876457,1811.4469622240917,1000,0,0.0,139.71484375,2
1776850025.9142246,1802.2916750816214,1000,0,0.0,85.61328125,2
1776850029.8710992,1811.4469622240917,1000,0,0.0,139.71484375,2
1776850031.1120312,1802.2916750816214,1000,0,0.0,85.61328125,2
1776850035.0496864,1811.4469622240917,1000,0,0.0,139.71484375,2
1776850036.3195357,1802.2916750816214,1000,0,0.0,85.61328125,2
1776850040.2336702,1811.4469622240917,1000,0,0.0,139.71484375,2
1776850041.5285468,1802.2916750816214,1000,0,0.0,85.61328125,2
1776850045.417734,1811.4469622240917,1000,0,0.0,139.71484375,2
1776850046.7285106,1802.2916750816214,1000,0,0.0,85.62890625,2
1776850050.594393,1811.4469622240917,1000,0,0.0,139.73828125,2
1776850051.9169755,1802.2916750816214,1000,0,0.0,85.69140625,2
1776850055.7742348,1811.4469622240917,1000,0,0.0,139.74609375,2
1776850057.109557,1802.2916750816214,1000,0,0.0,85.69140625,2
1776850060.972106,1811.4469622240917,1000,0,0.0,139.76171875,2
1776850062.3014457,1802.2916750816214,1000,0,0.0,85.69140625,2
1776850066.1550715,1811.4469622240917,1000,0,0.0,139.76171875,2
1776850067.494405,1802.2916750816214,1000,0,0.0,85.69140625,2
1776850071.3365986,1811.4469622240917,1000,0,0.0,139.76171875,2
1776850072.686813,1802.2916750816214,1000,0,0.0,85.69140625,2
1776850076.5278447,1811.4469622240917,1000,0,0.0,139.76171875,2
1776850077.8862572,1802.2916750816214,1000,0,0.0,85.69140625,2
1776850081.7214167,1811.4469622240917,1000,0,0.0,139.76171875,2
1776850083.1034358,1802.2916750816214,1000,0,0.0,85.75390625,2
1776850086.914035,1811.4469622240917,1000,0,0.0,139.82421875,2
1776850088.3039327,1802.2916750816214,1000,0,0.0,85.75390625,2
1776850092.0957086,1811.4469622240917,1000,0,0.0,139.82421875,2
1776850093.5077193,1802.2916750816214,1000,0,0.0,85.75390625,2
1776850097.2751117,1811.4469622240917,1000,0,0.0,139.82421875,2
1776850098.7151163,1802.2916750816214,1000,0,0.0,85.75390625,2
1776850102.4759398,1811.4469622240917,1000,0,0.0,139.82421875,2
1776850103.9235587,1802.2916750816214,1000,0,0.0,85.75390625,2
1776850107.6729472,1811.4469622240917,1000,0,0.0,139.82421875,2
1776850109.1494083,1802.2916750816214,1000,0,0.0,85.75390625,2
1776850112.865807,1811.4469622240917,1000,0,0.0,139.82421875,2
1776850114.3664064,1802.2916750816214,1000,0,0.0,85.75390625,2
1776850118.0557792,1811.4469622240917,1000,0,15.6,139.82421875,2
1776850119.584528,1802.2916750816214,1000,0,0.0,85.75390625,2
1776850123.2477658,1811.4469622240917,1000,0,0.0,139.82421875,2
1776850124.7904913,1802.2916750816214,1000,0,0.0,85.75390625,2
1776850128.4540808,1811.4469622240917,1000,0,0.0,139.88671875,2
1776850129.9988737,1802.2916750816214,1000,0,0.0,85.81640625,2
1776850130.9652934,0.0,0,0,99.9,82.8125,17
1776850131.7054665,0.0,0,0,91.4,84.4375,25
1776850133.0728068,0.0,0,0,0.0,84.4140625,12

1776850133.6481214,1811.4469622240917,1000,0,0.0,139.88671875,2
1776850134.3585548,0.0,0,0,109.1,84.32421875,15
1776850135.211854,1802.2916750816214,1000,0,0.0,85.81640625,2
1776850135.6695757,0.0,0,0,83.0,85.39453125,25
1776850137.564896,0.0,0,0,99.7,85.14453125,16
1776850138.53395,0.0,0,0,99.4,85.40625,25
1776850138.836532,1811.4469622240917,1000,0,0.0,139.88671875,2
1776850140.939211,1802.2916750816214,1000,0,0.0,86.15234375,2
1776850144.0158143,1811.4469622240917,1000,0,0.0,139.88671875,2
1776850146.1277235,1802.2916750816214,1000,0,0.0,86.15234375,2
1776850149.193301,1811.4469622240917,1000,0,0.0,139.88671875,2
1776850151.3170452,1802.2916750816214,1000,0,0.0,86.16015625,2
1776850154.3933575,1811.4469622240917,1000,0,0.0,139.88671875,2
1776850156.511033,1802.2916750816214,1000,0,15.6,86.16015625,2
1776850159.5867467,1811.4469622240917,1000,0,0.0,139.88671875,2
1776850161.6910763,1802.2916750816214,1000,0,0.0,86.16015625,2
1776850164.7707577,1811.4469622240917,1000,0,15.6,139.88671875,2
1776850166.02748,0.0,0,0,15.6,161.33984375,10
1776850166.8818314,1802.2916750816214,1000,0,0.0,86.16015625,2
1776850169.9747972,1811.4469622240917,1000,0,0.0,139.94921875,2
1776850171.261222,0.0,0,0,101.1,161.73828125,17
1776850172.0717702,1802.2916750816214,1000,0,0.0,86.16015625,2
1776850175.1672504,1811.4469622240917,1000,0,0.0,139.94921875,2
1776850177.2710905,1802.2916750816214,1000,0,0.0,86.16015625,2
1776850177.0124166,0.0,0,0,89.7,163.0,17
1776850178.1471603,0.0,0,0,100.0,163.31640625,27
1776850180.3685515,1811.4469622240917,1000,0,0.0,139.94921875,2
1776850180.4419277,0.0,0,0,88.4,163.078125,17
1776850182.4739652,1802.2916750816214,1000,0,0.0,86.16015625,2
1776850182.2917364,0.0,0,0,100.0,163.375,27
1776850183.7321823,0.0,0,0,76.8,163.08984375,16
1776850185.5467181,1811.4469622240917,1000,0,0.0,139.94921875,2
1776850187.6497257,1802.2916750816214,1000,0,0.0,86.16015625,2
1776850189.4464903,0.0,0,0,95.3,163.29296875,20
1776850190.7300425,1811.4469622240917,1000,0,0.0,139.94921875,2
1776850192.8278568,1802.2916750816214,1000,0,0.0,86.16015625,2
1776850195.1189163,0.0,0,0,91.0,163.6171875,19
1776850195.922566,1811.4469622240917,1000,0,0.0,139.9609375,2
1776850196.2984831,0.0,0,0,98.0,163.8515625,27
1776850197.5440814,0.0,0,1,22.3,163.4609375,13
1776850198.009834,1802.2916750816214,1000,0,0.0,86.16015625,2
1776850201.1176546,1811.4469622240917,1000,0,0.0,139.9609375,2
1776850203.1858196,1802.2916750816214,1000,0,0.0,86.16015625,2
1776850205.3028169,0.0,0,0,100.4,164.546875,18
1776850206.0638118,0.0,0,0,99.8,164.92578125,27
1776850206.302102,1811.4469622240917,1000,0,0.0,140.20703125,2
1776850207.2512689,0.0,0,0,101.0,164.92578125,27
1776850208.3741627,1802.2916750816214,1000,0,0.0,86.16015625,2
1776850208.5345685,0.0,0,0,110.5,165.2578125,17
1776850209.4495656,0.0,0,0,88.7,165.54296875,27
1776850210.532,0.0,0,0,102.7,165.5546875,27
1776850211.47459,1811.4469622240917,1000,0,0.0,140.26953125,2
1776850212.1328015,0.0,0,0,88.7,165.1875,12
1776850212.222109,0.0,0,0,106.9,165.19140625,12
1776850213.556828,1802.2916750816214,1000,0,0.0,86.16015625,2
1776850216.6478992,1811.4469622240917,1000,0,0.0,140.26953125,2
1776850218.0940108,0.0,0,0,94.8,165.29296875,15
1776850218.2567222,0.0,0,0,99.7,165.296875,15
1776850218.738765,1802.2916750816214,1000,0,0.0,86.16015625,2
1776850221.8203175,1811.4469622240917,1000,0,0.0,140.26953125,2
1776850223.9182625,1802.2916750816214,1000,0,0.0,86.16015625,2
1776850224.181436,34.01580083891536,19,0,114.8,165.57421875,12
1776850224.3843467,0.0,0,0,118.8,165.58203125,12
1776850227.004502,1811.4469622240917,1000,0,0.0,140.26953125,2
1776850229.095333,1802.2916750816214,1000,0,0.0,86.16015625,2
1776850230.304514,0.0,0,0,98.8,165.59765625,12
1776850230.447436,0.0,0,0,107.5,165.59765625,12
1776850232.1780581,1811.4469622240917,1000,0,0.0,140.26953125,2
1776850234.2720249,1802.2916750816214,1000,0,0.0,86.16015625,2
1776850237.3640912,1811.4469622240917,1000,0,0.0,140.27734375,2
1776850239.4667816,1802.2916750816214,1000,0,0.0,86.16015625,2
1776850242.5526364,1811.4469622240917,1000,0,0.0,140.27734375,2
1776850244.684698,1802.2916750816214,1000,0,0.0,86.1640625,2
1776850247.7369561,1811.4469622240917,1000,0,0.0,140.27734375,2
1776850249.891878,1802.2916750816214,1000,0,0.0,86.1640625,2
1776850252.9226685,1811.4469622240917,1000,0,0.0,140.27734375,2
1776850255.0773668,1802.2916750816214,1000,0,0.0,86.1640625,2
1776850258.1229596,1811.4469622240917,1000,0,0.0,140.27734375,2
1776850260.264464,1802.2916750816214,1000,0,0.0,86.1640625,2
1776850263.311869,1811.4469622240917,1000,0,0.0,140.27734375,2
1776850265.4420445,1802.2916750816214,1000,0,0.0,86.1640625,2
1776850268.4883904,1811.4469622240917,1000,0,0.0,140.27734375,2
1776850270.6372662,1802.2916750816214,1000,0,0.0,86.1640625,2
1776850273.6700275,1811.4469622240917,1000,0,0.0,140.27734375,2
1776850275.8276162,1802.2916750816214,1000,0,0.0,86.1640625,2
1776850278.859298,1811.4469622240917,1000,0,0.0,140.33984375,2
1776850281.0203013,1802.2916750816214,1000,0,0.0,86.1640625,2
1776850281.823085,0.0,0,0,15.6,162.671875,10
1776850284.0398173,1811.4469622240917,1000,0,0.0,140.33984375,2
1776850286.2001925,1802.2916750816214,1000,0,0.0,86.1640625,2
1776850287.0274909,0.0,0,0,108.4,163.0625,17
1776850289.221351,1811.4469622240917,1000,0,0.0,140.34765625,2
1776850291.3815303,1802.2916750816214,1000,0,0.0,86.1640625,2
1776850292.7023842,0.0,0,0,109.9,163.34765625,18
1776850293.9088712,0.0,0,0,104.1,163.63671875,27
1776850294.406588,1811.4469622240917,1000,0,0.0,140.34765625,2
1776850295.8741384,0.0,0,0,105.1,163.5625,17
1776850296.563313,1802.2916750816214,1000,0,0.0,86.1640625,2
1776850296.6959393,0.0,0,0,100.8,163.84765625,27
1776850297.8683128,0.0,0,0,62.3,163.859375,27
1776850298.9640784,0.0,0,0,106.8,163.56640625,16
1776850299.5859618,1811.4469622240917,1000,0,0.0,140.35546875,2
1776850301.7547371,1802.2916750816214,1000,0,0.0,86.1640625,2
1776850304.5740752,0.0,0,0,88.5,163.640625,19
1776850304.7850604,1811.4469622240917,1000,0,0.0,140.35546875,2
1776850306.9416935,1802.2916750816214,1000,0,0.0,86.1640625,2
1776850309.9640737,1811.4469622240917,1000,0,0.0,140.35546875,2
1776850310.2347832,0.0,0,0,83.1,164.0078125,18
1776850311.4194398,0.0,0,0,97.6,164.2578125,27
1776850312.1197839,1802.2916750816214,1000,0,0.0,86.1640625,2
1776850312.6886868,0.0,0,1,22.4,163.87109375,13
1776850315.1327868,1811.4469622240917,1000,0,0.0,140.35546875,2
1776850317.3020108,1802.2916750816214,1000,0,0.0,86.1640625,2
1776850320.191671,0.0,0,0,92.7,164.328125,17
1776850320.3064082,1811.4469622240917,1000,0,0.0,140.37109375,2
1776850321.0080998,0.0,0,0,102.4,164.6875,27
1776850322.1088653,0.0,0,0,79.2,164.7109375,27
1776850322.4762924,1802.2916750816214,1000,0,0.0,86.1640625,2
1776850323.2359157,0.0,0,0,100.8,164.4296875,17
1776850324.0131595,0.0,0,0,102.4,164.70703125,27
1776850325.2200263,0.0,0,0,93.5,164.73828125,27
1776850326.0082474,1811.4469622240917,1000,0,0.0,140.8046875,2
1776850327.6658454,1802.2916750816214,1000,0,0.0,86.1640625,2
1776850331.180764,1811.4469622240917,1000,0,0.0,140.8046875,2
1776850332.8511276,1802.2916750816214,1000,0,0.0,86.1640625,2
1776850336.36015,1811.4469622240917,1000,0,0.0,140.81640625,2
1776850338.0475786,1802.2916750816214,1000,0,0.0,86.1640625,2
1776850341.5369203,1811.4469622240917,1000,0,0.0,140.81640625,2
1776850343.2293096,1802.2916750816214,1000,0,0.0,86.1640625,2
1776850346.7093446,1811.4469622240917,1000,0,0.0,140.81640625,2
1776850348.4079573,1802.2916750816214,1000,0,0.0,86.1640625,2
1776850351.8804257,1811.4469622240917,1000,0,0.0,140.81640625,2
1776850353.5888693,1802.2916750816214,1000,0,0.0,86.1640625,2
1776850357.05787,1811.4469622240917,1000,0,0.0,140.81640625,2
1776850358.7654383,1802.2916750816214,1000,0,0.0,86.1640625,2
1776850362.2499762,1811.4469622240917,1000,0,0.0,140.81640625,2
1776850363.9469538,1802.2916750816214,1000,0,0.0,86.1640625,2
1776850367.4373071,1811.4469622240917,1000,0,0.0,140.81640625,2
1776850369.1407578,1802.2916750816214,1000,0,0.0,86.16796875,2
1776850372.6202407,1811.4469622240917,1000,0,0.0,140.81640625,2
1776850374.3357763,1802.2916750816214,1000,0,0.0,86.16796875,2
1776850374.542151,0.0,0,0,31.2,162.77734375,10
1776850377.7953365,1811.4469622240917,1000,0,0.0,140.81640625,2
1776850379.8356085,0.0,0,0,99.1,163.296875,17
1776850380.0673304,1802.2916750816214,1000,0,0.0,86.5234375,2
1776850382.9927337,1811.4469622240917,1000,0,0.0,140.81640625,2
1776850385.2559862,1802.2916750816214,1000,0,0.0,86.5234375,2
1776850385.985628,0.0,0,0,104.2,164.1015625,17
1776850387.0506482,0.0,0,0,106.5,164.48828125,27
1776850388.1154583,13.301124082556218,29,0,46.8,164.48828125,27
1776850388.1872327,1811.4469622240917,1000,0,0.0,140.81640625,2
1776850389.289358,0.0,0,0,90.2,164.18359375,16
1776850390.4468215,1802.2916750816214,1000,0,0.0,86.52734375,2
1776850390.977822,0.0,0,0,85.2,164.5,27
1776850392.8849242,0.0,0,0,123.5,164.20703125,17
1776850393.3692985,1811.4469622240917,1000,0,0.0,140.81640625,2
1776850395.6384287,1802.2916750816214,1000,0,0.0,86.52734375,2
1776850398.5564027,1811.4469622240917,1000,0,0.0,140.81640625,2
1776850398.8089414,0.0,0,0,101.9,164.31640625,21
1776850400.829526,1802.2916750816214,1000,0,0.0,86.52734375,2
1776850403.74857,1811.4469622240917,1000,0,0.0,140.81640625,2
1776850404.5335002,0.0,0,0,98.8,164.18359375,16
1776850406.0168014,1802.2916750816214,1000,0,0.0,86.52734375,2
1776850405.999442,0.0,0,0,92.5,164.49609375,27
1776850407.330133,0.0,0,0,0.0,164.13671875,14
1776850407.3302653,0.0,0,1,33.1,164.13671875,14
1776850408.9382346,1811.4469622240917,1000,0,0.0,140.81640625,2
1776850411.1948512,1802.2916750816214,1000,0,0.0,86.52734375,2
1776850414.1197033,1811.4469622240917,1000,0,0.0,140.81640625,2
1776850415.0519037,0.0,0,0,92.7,164.40234375,18
1776850416.3804889,1802.2916750816214,1000,0,0.0,86.52734375,2
1776850416.5338678,0.0,0,0,90.8,164.6484375,27
1776850418.2530935,0.0,0,0,105.1,164.7578125,18
1776850419.3082085,1811.4469622240917,1000,0,0.0,140.81640625,2
1776850419.250447,0.0,0,0,105.8,165.01953125,27
1776850420.6326182,0.0,0,0,86.7,165.01953125,27
1776850421.5769308,1802.2916750816214,1000,0,0.0,86.52734375,2
1776850424.4960155,1811.4469622240917,1000,0,0.0,140.81640625,2
1776850426.759823,1802.2916750816214,1000,0,0.0,86.52734375,2
1776850429.695405,1811.4469622240917,1000,0,0.0,140.81640625,2
1776850431.9573667,1802.2916750816214,1000,0,0.0,86.52734375,2
1776850434.8792927,1811.4469622240917,1000,0,0.0,140.81640625,2
1776850437.1793413,1802.2916750816214,1000,0,0.0,86.52734375,2
1776850440.0824692,1811.4469622240917,1000,0,0.0,140.81640625,2
1776850442.3713484,1802.2916750816214,1000,0,0.0,86.52734375,2
1776850445.2679265,1811.4469622240917,1000,0,0.0,140.81640625,2
1776850447.5467205,1802.2916750816214,1000,0,0.0,86.52734375,2
1776850450.4466236,1811.4469622240917,1000,0,0.0,140.81640625,2
1776850452.7360568,1802.2916750816214,1000,0,0.0,86.52734375,2
1776850455.6312082,1811.4469622240917,1000,0,0.0,140.81640625,2
1776850457.919132,1802.2916750816214,1000,0,0.0,86.52734375,2
1776850460.818325,1811.4469622240917,1000,0,0.0,140.81640625,2
1776850463.0973802,1802.2916750816214,1000,0,0.0,86.52734375,2
1776850465.9971752,1811.4469622240917,1000,0,0.0,140.81640625,2
1776850468.2820823,1802.2916750816214,1000,0,0.0,86.52734375,2
1776850471.1801226,1811.4469622240917,1000,0,0.0,140.81640625,2
1776850473.450901,1802.2916750816214,1000,0,0.0,86.52734375,2
1776850476.3566985,1811.4469622240917,1000,0,0.0,140.81640625,2
1776850478.6286764,1802.2916750816214,1000,0,0.0,86.52734375,2
1776850481.5338197,1811.4469622240917,1000,0,0.0,140.81640625,2
1776850483.8024197,1802.2916750816214,1000,0,0.0,86.52734375,2
1776850486.7104857,1811.4469622240917,1000,0,0.0,140.81640625,2
1776850488.983405,1802.2916750816214,1000,0,0.0,85.70703125,2
1776850491.8874292,1811.4469622240917,1000,0,0.0,140.81640625,2
1776850494.182314,1802.2916750816214,1000,0,0.0,86.52734375,2
1776850497.0710952,1811.4469622240917,1000,0,0.0,140.81640625,2
1776850499.4128096,1802.2916750816214,1000,0,0.0,86.52734375,2
1776850502.2624173,1811.4469622240917,1000,0,0.0,140.81640625,2
1776850504.6046784,1802.2916750816214,1000,0,0.0,86.58203125,2
1776850507.4439392,1811.4469622240917,1000,0,0.0,140.81640625,2
1776850509.7933109,1802.2916750816214,1000,0,0.0,140.88671875,2
1776850512.6225166,1811.4469622240917,1000,0,0.0,140.81640625,2
1776850514.9718063,1802.2916750816214,1000,0,0.0,140.88671875,2
1776850517.799237,1811.4469622240917,1000,0,0.0,140.81640625,2
1776850520.1485193,1802.2916750816214,1000,0,0.0,140.88671875,2
1776850522.978126,1811.4469622240917,1000,0,0.0,140.81640625,2
1776850525.3632805,1802.2916750816214,1000,0,0.0,140.88671875,2
1776850528.1508558,1811.4469622240917,1000,0,0.0,140.81640625,2
1776850530.544011,1802.2916750816214,1000,0,0.0,140.88671875,2
1776850533.3506405,1811.4469622240917,1000,0,0.0,140.81640625,2
1776850535.7257354,1802.2916750816214,1000,0,0.0,140.88671875,2
1776850538.53629,1811.4469622240917,1000,0,0.0,140.81640625,2
1776850540.932019,1802.2916750816214,1000,0,0.0,140.88671875,2
1776850543.7111282,1811.4469622240917,1000,0,0.0,140.81640625,2
1776850546.1548114,1802.2916750816214,1000,0,0.0,140.88671875,2
1776850548.8875039,1811.4469622240917,1000,0,0.0,140.81640625,2
1776850551.3426554,1802.2916750816214,1000,0,0.0,140.88671875,2
1776850554.0654418,1811.4469622240917,1000,0,0.0,140.81640625,2
1776850556.5783532,1802.2916750816214,1000,0,0.0,140.88671875,2
1776850559.2532873,1811.4469622240917,1000,0,0.0,140.81640625,2
1776850561.7733376,1802.2916750816214,1000,0,0.0,140.88671875,2
1776850564.4434826,1811.4469622240917,1000,0,0.0,140.81640625,2
1776850566.9779117,1802.2916750816214,1000,0,0.0,140.88671875,2
1776850569.6324902,1811.4469622240917,1000,0,0.0,140.81640625,2
1776850572.2256553,1802.2916750816214,1000,0,0.0,140.890625,2
1776850574.8404458,1811.4469622240917,1000,0,0.0,140.81640625,2
1776850577.4242294,1802.2916750816214,1000,0,0.0,140.890625,2
1776850580.0335586,1811.4469622240917,1000,0,0.0,140.81640625,2
1776850582.6090007,1802.2916750816214,1000,0,0.0,140.890625,2
1776850585.2296677,1811.4469622240917,1000,0,0.0,140.81640625,2
1776850587.7979612,1802.2916750816214,1000,0,0.0,140.890625,2
1776850590.4167824,1811.4469622240917,1000,0,0.0,140.81640625,2
1776850592.990694,1802.2916750816214,1000,0,0.0,140.890625,2
1776850595.6040676,1811.4469622240917,1000,0,0.0,140.81640625,2
1776850598.1867924,1802.2916750816214,1000,0,0.0,140.890625,2
1776850600.8024254,1811.4469622240917,1000,0,0.0,140.81640625,2
1776850603.3699129,1802.2916750816214,1000,0,0.0,140.89453125,2
1776850605.9976213,1811.4469622240917,1000,0,0.0,140.81640625,2
1776850608.5571182,1802.2916750816214,1000,0,0.0,140.90625,2
1776850611.2001896,1811.4469622240917,1000,0,0.0,140.81640625,2
1776850613.764075,1802.2916750816214,1000,0,0.0,140.90625,2
1776850616.4033194,1811.4469622240917,1000,0,0.0,140.81640625,2
1776850618.9780593,1802.2916750816214,1000,0,0.0,140.90625,2
1776850621.5957305,1811.4469622240917,1000,0,0.0,140.81640625,2
1776850624.188634,1802.2916750816214,1000,0,0.0,140.90625,2
1776850626.7921946,1811.4469622240917,1000,0,0.0,140.81640625,2
1776850629.3848734,1802.2916750816214,1000,0,0.0,140.90625,2
1776850631.9840293,1811.4469622240917,1000,0,0.0,140.81640625,2
1776850634.588594,1802.2916750816214,1000,0,0.0,140.90625,2
1776850637.175407,1811.4469622240917,1000,0,0.0,140.81640625,2
1776850639.774986,1802.2916750816214,1000,0,0.0,140.90625,2
1776850642.3719559,1811.4469622240917,1000,0,0.0,140.81640625,2
1776850644.946328,1802.2916750816214,1000,0,0.0,140.90625,2
1776850647.5768404,1811.4469622240917,1000,0,0.0,140.81640625,2
1776850650.1304202,1802.2916750816214,1000,0,0.0,140.90625,2
1776850652.7750015,1811.4469622240917,1000,0,0.0,140.81640625,2
1776850655.3190942,1802.2916750816214,1000,0,0.0,140.90625,2
1776850657.9701977,1811.4469622240917,1000,0,0.0,140.81640625,2
1776850660.504155,1802.2916750816214,1000,0,0.0,140.90625,2
1776850663.163476,1811.4469622240917,1000,0,0.0,140.81640625,2
1776850665.7313163,1802.2916750816214,1000,0,0.0,140.90625,2
1776850668.3486953,1811.4469622240917,1000,0,0.0,140.8203125,2
1776850670.9382904,1802.2916750816214,1000,0,0.0,140.90625,2
1776850673.5487876,1811.4469622240917,1000,0,0.0,140.8203125,2
1776850676.122162,1802.2916750816214,1000,0,0.0,140.90625,2
1776850678.7386308,1811.4469622240917,1000,0,0.0,140.8203125,2
1776850681.3075457,1802.2916750816214,1000,0,0.0,140.90625,2
1776850683.9310384,1811.4469622240917,1000,0,0.0,140.8203125,2
1776850686.5121977,1802.2916750816214,1000,0,0.0,140.90625,2
1776850689.1196997,1811.4469622240917,1000,0,0.0,140.8203125,2
1776850691.7019868,1802.2916750816214,1000,0,0.0,140.91015625,2
1776850694.3038993,1811.4469622240917,1000,0,0.0,140.8203125,2
1776850696.8838477,1802.2916750816214,1000,0,0.0,140.91015625,2
1776850699.497542,1811.4469622240917,1000,0,0.0,140.82421875,2
1776850702.0720458,1802.2916750816214,1000,0,0.0,140.91015625,2
1776850704.6900606,1811.4469622240917,1000,0,0.0,140.82421875,2
1776850707.2690587,1802.2916750816214,1000,0,0.0,140.91015625,2
1776850709.8720095,1811.4469622240917,1000,0,0.0,140.82421875,2
1776850712.456173,1802.2916750816214,1000,0,0.0,140.91015625,2
1776850715.0675972,1811.4469622240917,1000,0,0.0,140.82421875,2
1776850717.6324322,1802.2916750816214,1000,0,0.0,140.91015625,2
1776850720.255994,1811.4469622240917,1000,0,0.0,140.83984375,2
1776850722.8104343,1802.2916750816214,1000,0,0.0,140.91015625,2
1776850725.4430432,1811.4469622240917,1000,0,0.0,140.83984375,2
1776850727.9852946,1802.2916750816214,1000,0,0.0,140.91015625,2
1776850730.6176822,1811.4469622240917,1000,0,0.0,140.83984375,2
1776850733.1613512,1802.2916750816214,1000,0,0.0,140.91015625,2
1776850735.7946296,1811.4469622240917,1000,0,0.0,140.90234375,2
1776850738.3295813,1802.2916750816214,1000,0,0.0,140.91015625,2
1776850740.9733188,1811.4469622240917,1000,0,0.0,140.90234375,2
1776850743.504622,1802.2916750816214,1000,0,0.0,140.91015625,2
1776850746.152597,1811.4469622240917,1000,0,0.0,140.90234375,2
1776850748.6773424,1802.2916750816214,1000,0,0.0,140.91015625,2
1776850751.324825,1811.4469622240917,1000,0,0.0,140.90234375,2
1776850753.8556247,1802.2916750816214,1000,0,0.0,140.91015625,2
1776850756.5062459,1811.4469622240917,1000,0,0.0,140.90234375,2
1776850759.0513856,1802.2916750816214,1000,0,0.0,140.91015625,2
1776850761.6887262,1811.4469622240917,1000,0,0.0,140.90234375,2
1776850761.9221053,0.0,0,0,92.5,83.81640625,10
1776850762.068351,0.0,0,0,92.3,85.1796875,10
1776850764.2745938,1802.2916750816214,1000,0,0.0,140.91015625,2
1776850766.8732283,1811.4469622240917,1000,0,0.0,140.90234375,2
1776850767.8895695,0.0,0,0,97.6,85.71875,13
1776850768.097645,0.0,0,0,100.5,85.72265625,13
1776850769.4626606,1802.2916750816214,1000,0,0.0,140.91015625,2
1776850772.0672057,1811.4469622240917,1000,0,0.0,140.90234375,2
1776850774.072452,27.63432451762763,18,0,89.5,86.29296875,13
1776850774.2960703,0.0,0,0,95.0,86.296875,13
1776850774.6566556,1802.2916750816214,1000,0,0.0,140.91015625,2
1776850777.259989,1811.4469622240917,1000,0,0.0,140.90234375,2
1776850779.8559542,1802.2916750816214,1000,0,0.0,140.91015625,2
1776850780.1796708,28.037041328354086,15,0,101.9,86.4296875,13
1776850780.3679872,0.0,0,0,108.4,86.43359375,13
1776850782.4399393,1811.4469622240917,1000,0,0.0,140.90234375,2
1776850785.0447009,1802.2916750816214,1000,0,0.0,140.91015625,2
1776850786.2566926,0.0,0,0,91.0,86.34375,11
1776850786.4019556,0.0,0,0,60.6,86.4609375,11
1776850787.6142604,1811.4469622240917,1000,0,0.0,140.90234375,2
1776850790.2233531,1802.2916750816214,1000,0,0.0,140.91015625,2
1776850791.677528,0.0,0,0,106.8,86.46484375,11
1776850791.8218243,0.0,0,0,91.6,86.46484375,11
1776850792.8066628,1811.4469622240917,1000,0,0.0,140.90234375,2
1776850795.4079132,1802.2916750816214,1000,0,0.0,140.91015625,2
1776850798.0002873,1811.4469622240917,1000,0,0.0,140.90234375,2
1776850800.5850432,1802.2916750816214,1000,0,0.0,140.91015625,2
1776850803.1782515,1811.4469622240917,1000,0,0.0,140.90234375,2
1776850805.7587516,1802.2916750816214,1000,0,0.0,140.91015625,2
1776850808.3656528,1811.4469622240917,1000,0,0.0,140.90234375,2
1776850810.9505634,1802.2916750816214,1000,0,0.0,140.91015625,2
1776850813.5491946,1811.4469622240917,1000,0,0.0,140.90234375,2
1776850816.1427028,1802.2916750816214,1000,0,0.0,140.91015625,2
1776850818.739493,1811.4469622240917,1000,0,0.0,140.90234375,2
1776850821.3366973,1802.2916750816214,1000,0,0.0,140.91015625,2
1776850823.9237564,1811.4469622240917,1000,0,0.0,140.90234375,2
1776850826.5268512,1802.2916750816214,1000,0,0.0,140.078125,2
1776850829.096447,1811.4469622240917,1000,0,0.0,140.90234375,2
1776850831.721447,1802.2916750816214,1000,0,0.0,140.91015625,2
1776850834.2774453,1811.4469622240917,1000,0,0.0,140.90234375,2
1776850836.915961,1802.2916750816214,1000,0,0.0,140.91015625,2
1776850839.4679468,1811.4469622240917,1000,0,0.0,140.90234375,2
1776850842.109867,1802.2916750816214,1000,0,0.0,140.91015625,2
1776850844.6549978,1811.4469622240917,1000,0,0.0,140.90234375,2
1776850847.2951198,1802.2916750816214,1000,0,0.0,140.91015625,2
1776850849.841894,1811.4469622240917,1000,0,0.0,140.90234375,2
1776850852.4804265,1802.2916750816214,1000,0,0.0,140.91015625,2
1776850855.0185547,1811.4469622240917,1000,0,0.0,140.90234375,2
1776850857.6552436,1802.2916750816214,1000,0,0.0,140.91015625,2
1776850860.2114332,1811.4469622240917,1000,0,0.0,140.90234375,2
1776850862.8283873,1802.2916750816214,1000,0,0.0,140.91015625,2
1776850865.394123,1811.4469622240917,1000,0,0.0,140.90234375,2
1776850868.0179555,1802.2916750816214,1000,0,0.0,140.91015625,2
1776850870.5879178,1811.4469622240917,1000,0,0.0,140.90234375,2
1776850873.208619,1802.2916750816214,1000,0,0.0,140.91015625,2
1776850875.7804096,1811.4469622240917,1000,0,0.0,140.90234375,2
1776850878.3933294,1802.2916750816214,1000,0,0.0,140.91015625,2
1776850880.9678516,1811.4469622240917,1000,0,0.0,140.90234375,2
1776850882.9893062,0.0,0,0,31.2,84.12109375,8
1776850883.579332,1802.2916750816214,1000,0,0.0,140.91015625,2
1776850886.1476405,1811.4469622240917,1000,0,0.0,140.90234375,2
1776850888.2220738,0.0,0,0,88.0,84.53515625,16
1776850888.767989,1802.2916750816214,1000,0,0.0,140.91015625,2
1776850891.334475,1811.4469622240917,1000,0,0.0,140.90234375,2
1776850893.9531693,1802.2916750816214,1000,0,0.0,140.91015625,2
1776850894.0400932,0.0,0,0,113.4,85.01953125,16
1776850896.555329,1811.4469622240917,1000,0,0.0,140.90234375,2
1776850897.8634374,0.0,0,0,91.9,85.3828125,15
1776850899.1404595,1802.2916750816214,1000,0,0.0,140.9140625,2
1776850901.053826,0.0,0,0,104.3,85.4140625,15
1776850901.7361403,1811.4469622240917,1000,0,0.0,140.90234375,2
1776850904.3076727,1802.2916750816214,1000,0,0.0,140.9140625,2
1776850906.6791356,0.0,0,0,95.7,85.4453125,16
1776850906.9185326,1811.4469622240917,1000,0,0.0,140.90234375,2
1776850909.4810576,1802.2916750816214,1000,0,0.0,140.9140625,2
1776850912.0910804,1811.4469622240917,1000,0,0.0,140.90234375,2
1776850912.3011127,0.0,0,0,98.1,85.546875,15
1776850914.6920028,1802.2916750816214,1000,0,0.0,140.9140625,2
1776850914.6959016,0.0,0,0,15.5,85.5546875,8
1776850917.2689579,1811.4469622240917,1000,0,0.0,140.90234375,2
1776850919.871181,1802.2916750816214,1000,0,0.0,140.9140625,2
1776850922.4513547,1811.4469622240917,1000,0,0.0,140.90234375,2
1776850922.63261,0.0,0,0,102.0,85.640625,16
1776850925.049321,1802.2916750816214,1000,0,0.0,140.9140625,2
1776850925.8091395,0.0,0,0,92.3,86.30078125,17
1776850927.640945,1811.4469622240917,1000,0,0.0,140.90234375,2
1776850930.2427871,1802.2916750816214,1000,0,0.0,140.9140625,2
1776850932.8332589,1811.4469622240917,1000,0,0.0,140.90234375,2
1776850935.4235492,1802.2916750816214,1000,0,0.0,140.9140625,2
1776850938.0263731,1811.4469622240917,1000,0,0.0,140.90234375,2
1776850940.6258078,1802.2916750816214,1000,0,0.0,140.9140625,2
1776850943.2121022,1811.4469622240917,1000,0,0.0,140.90234375,2
1776850945.825695,1802.2916750816214,1000,0,0.0,140.91796875,2
1776850948.454201,1811.4469622240917,1000,0,0.0,140.90234375,2
1776850951.0193238,1802.2916750816214,1000,0,0.0,140.91796875,2
1776850953.6371233,1811.4469622240917,1000,0,0.0,140.90234375,2
1776850956.1973035,1802.2916750816214,1000,0,0.0,140.91796875,2
1776850958.8164988,1811.4469622240917,1000,0,0.0,140.90234375,2
1776850961.3736622,1802.2916750816214,1000,0,0.0,140.91796875,2
1776850963.9910731,1811.4469622240917,1000,0,0.0,140.90234375,2
1776850966.5455742,1802.2916750816214,1000,0,0.0,140.91796875,2
1776850969.1615806,1811.4469622240917,1000,0,0.0,140.90234375,2
1776850971.7178214,1802.2916750816214,1000,0,0.0,140.91796875,2
1776850974.336245,1811.4469622240917,1000,0,0.0,140.90234375,2
1776850976.8960974,1802.2916750816214,1000,0,0.0,140.91796875,2
1776850977.740798,0.0,0,0,88.8,83.78125,10
1776850979.5102494,1811.4469622240917,1000,0,0.0,140.90234375,2
1776850982.078019,1802.2916750816214,1000,0,0.0,140.91796875,2
1776850983.780534,0.0,0,0,78.3,84.7109375,13
1776850984.6859512,1811.4469622240917,1000,0,0.0,140.90234375,2
1776850987.2554634,1802.2916750816214,1000,0,0.0,140.91796875,2
1776850989.8475983,16.00698139778066,9,0,105.8,85.14453125,13
1776850989.8769782,1811.4469622240917,1000,0,0.0,140.90234375,2
1776850992.4285007,1802.2916750816214,1000,0,0.0,140.91796875,2
1776850995.0571775,1811.4469622240917,1000,0,0.0,140.90234375,2
1776850995.8290236,18.20159326368147,11,0,97.6,85.8984375,13
1776850997.662781,1802.2916750816214,1000,0,0.0,140.91796875,2
1776851000.2376666,1811.4469622240917,1000,0,0.0,140.90234375,2
1776851001.9113653,0.0,0,0,92.0,84.765625,11
1776851002.8632874,1802.2916750816214,1000,0,0.0,140.91796875,2
1776851005.4295592,1811.4469622240917,1000,0,0.0,140.90234375,2
1776851007.485413,0.0,0,0,107.0,85.0625,11
1776851008.0744278,1802.2916750816214,1000,0,0.0,140.91796875,2
1776851010.6311204,1811.4469622240917,1000,0,0.0,140.90234375,2
1776851013.277387,1802.2916750816214,1000,0,0.0,140.91796875,2
1776851015.8121676,1811.4469622240917,1000,0,0.0,140.90234375,2
1776851016.2616117,0.0,0,0,0.0,164.08984375,10
1776851018.4709876,1802.2916750816214,1000,0,0.0,140.140625,2
1776851020.9912727,1811.4469622240917,1000,0,0.0,140.90234375,2
1776851021.4969163,0.0,0,0,100.9,164.28125,16
1776851023.6595113,1802.2916750816214,1000,0,0.0,140.98046875,2
1776851026.1826556,1811.4469622240917,1000,0,0.0,140.90234375,2
1776851027.1919463,0.0,0,0,67.5,164.55078125,16
1776851028.8540845,1802.2916750816214,1000,0,0.0,140.98046875,2
1776851030.9445078,0.0,0,0,99.2,164.94921875,17
1776851031.3790612,1811.4469622240917,1000,0,0.0,140.90234375,2
1776851034.038294,1802.2916750816214,1000,0,0.0,140.98046875,2
1776851034.3565238,0.0,0,0,88.7,165.0,19
1776851037.1064541,1811.4469622240917,1000,0,0.0,140.90234375,2
1776851039.2163422,1802.2916750816214,1000,0,0.0,140.98046875,2
1776851040.1066542,0.0,0,0,103.3,164.98828125,17
1776851042.288351,1811.4469622240917,1000,0,0.0,140.90234375,2
1776851044.3977063,1802.2916750816214,1000,0,0.0,140.98046875,2
1776851045.8287365,0.0,0,0,101.4,165.2734375,17
1776851047.468703,1811.4469622240917,1000,0,0.0,140.90234375,2
1776851047.984754,0.0,0,0,0.0,165.1796875,13
1776851049.5737822,1802.2916750816214,1000,0,0.0,140.98046875,2
1776851052.680844,1811.4469622240917,1000,0,0.0,140.90234375,2
1776851054.7466967,1802.2916750816214,1000,0,0.0,140.98046875,2
1776851055.5602896,0.0,0,0,124.8,165.62109375,16
1776851057.8768222,1811.4469622240917,1000,0,0.0,140.90234375,2
1776851058.8120708,0.0,0,0,100.5,165.63671875,15
1776851059.9203758,1802.2916750816214,1000,0,0.0,140.98046875,2
1776851061.9902456,0.0,0,0,75.3,165.57421875,12
1776851063.06594,1811.4469622240917,1000,0,0.0,140.90234375,2
1776851065.1077468,1802.2916750816214,1000,0,0.0,140.98046875,2
1776851067.2536924,0.0,0,0,88.6,165.51953125,9
1776851068.2510622,1811.4469622240917,1000,0,0.0,140.90234375,2
1776851070.291755,1802.2916750816214,1000,0,0.0,140.98046875,2
1776851072.5165443,0.0,0,0,106.0,165.5859375,9
1776851073.4450438,1811.4469622240917,1000,0,0.0,140.90234375,2
1776851075.4737828,1802.2916750816214,1000,0,0.0,140.98046875,2
1776851078.088241,0.0,0,0,103.3,165.5703125,9
1776851078.6214035,1811.4469622240917,1000,0,0.0,140.90234375,2
1776851080.6503966,1802.2916750816214,1000,0,0.0,140.98046875,2
1776851083.4765058,0.0,0,0,15.6,165.7109375,9
1776851083.8144727,1811.4469622240917,1000,0,0.0,140.90234375,2
1776851085.8374074,1802.2916750816214,1000,0,0.0,140.98046875,2
1776851088.712555,0.0,0,0,103.3,165.71875,9
1776851089.0003362,1811.4469622240917,1000,0,0.0,140.90234375,2
1776851091.0439734,1802.2916750816214,1000,0,0.0,140.98046875,2
1776851094.1208928,0.0,0,0,0.0,165.70703125,9
1776851094.187519,1811.4469622240917,1000,0,0.0,140.90234375,2
1776851096.255594,1802.2916750816214,1000,0,0.0,140.98046875,2
1776851099.3369784,0.0,0,0,92.9,165.71875,8
1776851099.3992755,1811.4469622240917,1000,0,0.0,140.90234375,2
1776851100.0055804,0.0,0,0,15.6,165.6875,7
1776851101.4291935,1802.2916750816214,1000,0,0.0,140.98046875,2
1776851104.5536914,1715.3284611829756,1000,0,0.0,165.69140625,7
1776851104.5896118,1811.4469622240917,1000,0,0.0,140.90234375,2
1776851105.2314596,0.0,0,0,93.3,165.73828125,9
1776851106.6178865,1802.2916750816214,1000,0,0.0,140.98046875,2
1776851109.7519493,1715.3284611829756,1000,0,0.0,165.67578125,6
1776851109.838342,1811.4469622240917,1000,0,0.0,140.90234375,2
1776851110.5118828,0.0,0,0,89.1,165.7421875,8
1776851111.7911236,1802.2916750816214,1000,0,0.0,140.98046875,2
1776851114.9391973,1715.3284611829756,1000,0,0.0,165.6875,6
1776851115.041323,1811.4469622240917,1000,0,0.0,140.90234375,2
1776851116.970479,1802.2916750816214,1000,0,0.0,140.98046875,2
1776851120.1257365,1715.3284611829756,1000,0,0.0,165.65625,5
1776851120.2426596,1811.4469622240917,1000,0,0.0,140.90234375,2
1776851122.1468637,1802.2916750816214,1000,0,0.0,140.98046875,2
1776851125.3032036,1715.3284611829756,1000,0,0.0,165.65625,5
1776851125.4263287,1811.4469622240917,1000,0,0.0,140.90234375,2
1776851127.3221338,1802.2916750816214,1000,0,0.0,140.203125,2
1776851130.4772148,1715.3284611829756,1000,0,0.0,165.65625,5
1776851130.6169343,1811.4469622240917,1000,0,0.0,140.90234375,2
1776851132.4949725,1802.2916750816214,1000,0,0.0,141.04296875,2
1776851135.6536524,1715.3284611829756,1000,0,0.0,165.65625,5
1776851135.7941353,1811.4469622240917,1000,0,0.0,140.90234375,2
1776851137.6709225,1802.2916750816214,1000,0,0.0,141.04296875,2
1776851140.8316796,1715.3284611829756,1000,0,0.0,165.65625,5
1776851140.9799476,1811.4469622240917,1000,0,0.0,140.90234375,2
1776851142.8570573,1802.2916750816214,1000,0,0.0,141.04296875,2
1776851146.0071971,1715.3284611829756,1000,0,0.0,165.65625,5
1776851146.1624327,1811.4469622240917,1000,0,0.0,140.90234375,2
1776851148.0379019,1802.2916750816214,1000,0,0.0,141.04296875,2
1776851151.1843488,1715.3284611829756,1000,0,0.0,165.65625,5
1776851151.345158,1811.4469622240917,1000,0,0.0,140.90234375,2
1776851153.2161202,1802.2916750816214,1000,0,0.0,141.04296875,2
1776851156.362968,1715.3284611829756,1000,0,0.0,165.65625,5
1776851156.519369,1811.4469622240917,1000,0,0.0,140.90234375,2
1776851158.4069264,1802.2916750816214,1000,0,0.0,140.203125,2
1776851161.5412626,1715.3284611829756,1000,0,0.0,165.65625,5
1776851161.7156749,1811.4469622240917,1000,0,0.0,140.90234375,2
1776851163.5870564,1802.2916750816214,1000,0,0.0,141.05078125,2
1776851166.7323258,1715.3284611829756,1000,0,0.0,165.65625,5
1776851166.907551,1811.4469622240917,1000,0,0.0,140.90234375,2
1776851168.7694662,1802.2916750816214,1000,0,0.0,141.05078125,2
1776851171.9266315,1715.3284611829756,1000,0,0.0,165.65625,5
1776851172.099067,1811.4469622240917,1000,0,0.0,140.90234375,2
1776851173.9545891,1802.2916750816214,1000,0,0.0,141.05078125,2
1776851177.123432,1715.3284611829756,1000,0,0.0,165.63671875,4
1776851177.3001332,1811.4469622240917,1000,0,0.0,140.90234375,2
1776851179.1431425,1802.2916750816214,1000,0,0.0,141.05078125,2
1776851182.326252,1715.3284611829756,1000,0,0.0,165.63671875,4
1776851182.4952245,1811.4469622240917,1000,0,0.0,140.90234375,2
1776851184.3272092,1802.2916750816214,1000,0,0.0,141.05078125,2
1776851187.5231957,1715.3284611829756,1000,0,0.0,165.65625,5
1776851187.69077,1811.4469622240917,1000,0,0.0,140.90234375,2
1776851189.5123742,1802.2916750816214,1000,0,0.0,141.05078125,2
1776851192.714324,1715.3284611829756,1000,0,0.0,165.65625,5
1776851192.887407,1811.4469622240917,1000,0,0.0,140.90234375,2
1776851194.7082841,1802.2916750816214,1000,0,0.0,141.05078125,2
1776851197.8987956,1715.3284611829756,1000,0,0.0,165.65625,5
1776851198.074257,1811.4469622240917,1000,0,0.0,140.90234375,2
1776851199.9021106,1802.2916750816214,1000,0,0.0,141.05078125,2
1776851203.0923882,1715.3284611829756,1000,0,0.0,165.65625,5
1776851203.2651167,1811.4469622240917,1000,0,0.0,140.90234375,2
1776851205.1035576,1802.2916750816214,1000,0,0.0,141.05078125,2
1776851208.290405,1715.3284611829756,1000,0,0.0,165.65625,5
1776851208.4572105,1811.4469622240917,1000,0,0.0,140.90234375,2
1776851210.2944045,1802.2916750816214,1000,0,0.0,141.05078125,2
1776851213.4762702,1715.3284611829756,1000,0,0.0,165.65625,5
1776851213.647893,1811.4469622240917,1000,0,0.0,140.90234375,2
1776851215.4837856,1802.2916750816214,1000,0,0.0,141.05078125,2
1776851218.6702204,1715.3284611829756,1000,0,0.0,165.65625,5
1776851218.8453078,1811.4469622240917,1000,0,0.0,140.90234375,2
1776851220.6698,1802.2916750816214,1000,0,0.0,141.05078125,2
1776851223.8622084,1715.3284611829756,1000,0,0.0,165.65625,5
1776851224.0737407,1811.4469622240917,1000,0,0.0,140.90234375,2
1776851225.8533037,1802.2916750816214,1000,0,0.0,141.05078125,2
1776851229.044363,1715.3284611829756,1000,0,0.0,165.65625,5
1776851229.2804558,1811.4469622240917,1000,0,0.0,140.90234375,2
1776851231.045746,1802.2916750816214,1000,0,0.0,141.05078125,2
1776851234.232728,1715.3284611829756,1000,0,0.0,165.65625,5
1776851234.4617932,1811.4469622240917,1000,0,0.0,140.90234375,2
1776851236.2309048,1802.2916750816214,1000,0,0.0,141.05078125,2
1776851239.4181337,1715.3284611829756,1000,0,0.0,165.65625,5
1776851239.6486897,1811.4469622240917,1000,0,0.0,140.90234375,2
1776851241.4171963,1802.2916750816214,1000,0,0.0,141.05078125,2
1776851244.5954468,1715.3284611829756,1000,0,0.0,165.65625,5
1776851244.8353667,1811.4469622240917,1000,0,0.0,140.90234375,2
1776851246.5995874,1802.2916750816214,1000,0,0.0,141.05078125,2
1776851249.771254,1715.3284611829756,1000,0,0.0,165.65625,5
1776851250.0156362,1811.4469622240917,1000,0,0.0,140.90234375,2
1776851251.7749653,1802.2916750816214,1000,0,0.0,141.05078125,2
1776851254.949078,1715.3284611829756,1000,0,0.0,165.65625,5
1776851255.2076445,1811.4469622240917,1000,0,0.0,140.90234375,2
1776851256.9533572,1802.2916750816214,1000,0,0.0,141.05078125,2
1776851260.1439865,1715.3284611829756,1000,0,0.0,165.65625,5
1776851260.3983798,1811.4469622240917,1000,0,0.0,140.90234375,2
1776851262.1270492,1802.2916750816214,1000,0,0.0,141.05078125,2
1776851265.3263512,1715.3284611829756,1000,0,0.0,165.65625,5
1776851265.597078,1811.4469622240917,1000,0,0.0,140.90234375,2
1776851267.311098,1802.2916750816214,1000,0,0.0,141.05078125,2
1776851270.510282,1715.3284611829756,1000,0,0.0,165.65625,5
1776851270.873431,1811.4469622240917,1000,0,0.0,140.90234375,2
1776851272.4874496,1802.2916750816214,1000,0,0.0,141.05078125,2
1776851275.6954448,1715.3284611829756,1000,0,0.0,165.76171875,5
1776851276.0715585,1811.4469622240917,1000,0,0.0,140.90234375,2
1776851277.6753774,1802.2916750816214,1000,0,0.0,141.05078125,2
1776851280.8875217,1715.3284611829756,1000,0,0.0,165.76171875,5
1776851281.2742605,1811.4469622240917,1000,0,0.0,140.90234375,2
1776851282.8542051,1802.2916750816214,1000,0,0.0,141.05078125,2
1776851286.066842,1715.3284611829756,1000,0,0.0,165.76171875,5
1776851286.4900882,1811.4469622240917,1000,0,0.0,140.90234375,2
1776851288.065444,1802.2916750816214,1000,0,0.0,141.05078125,2
1776851291.2464726,1715.3284611829756,1000,0,0.0,165.76171875,5
1776851291.6920612,1811.4469622240917,1000,0,0.0,140.90234375,2
1776851293.2783194,1802.2916750816214,1000,0,0.0,141.05078125,2
1776851296.433182,1715.3284611829756,1000,0,0.0,165.76171875,5
1776851296.8868577,1811.4469622240917,1000,0,0.0,140.90234375,2
1776851298.4713902,1802.2916750816214,1000,0,0.0,141.05078125,2
1776851301.6138685,1715.3284611829756,1000,0,0.0,165.76171875,5
1776851302.074824,1811.4469622240917,1000,0,0.0,140.90234375,2
1776851303.6495686,1802.2916750816214,1000,0,0.0,141.05078125,2
1776851306.7910664,1715.3284611829756,1000,0,0.0,165.76171875,5
1776851307.255216,1811.4469622240917,1000,0,0.0,140.90234375,2
1776851308.8201833,1802.2916750816214,1000,0,0.0,141.05078125,2
1776851311.9724317,1715.3284611829756,1000,0,0.0,165.765625,5
1776851312.4453206,1811.4469622240917,1000,0,0.0,140.90234375,2
1776851313.9956892,1802.2916750816214,1000,0,0.0,141.05078125,2
1776851317.150325,1715.3284611829756,1000,0,0.0,165.78515625,6
1776851317.6353805,1811.4469622240917,1000,0,0.0,140.90234375,2
1776851319.1730902,1802.2916750816214,1000,0,0.0,141.05078125,2
1776851322.3342035,1715.3284611829756,1000,0,0.0,165.78515625,6
1776851322.824938,1811.4469622240917,1000,0,0.0,140.90234375,2
1776851324.3535762,1802.2916750816214,1000,0,0.0,141.05078125,2
1776851327.5149796,1715.3284611829756,1000,0,0.0,165.78515625,6
1776851328.0395327,1811.4469622240917,1000,0,0.0,140.90234375,2
1776851329.5320656,1802.2916750816214,1000,0,0.0,141.05078125,2
1776851332.6898227,1715.3284611829756,1000,0,0.0,165.78515625,6
1776851333.2194076,1811.4469622240917,1000,0,0.0,140.90234375,2
1776851334.7080526,1802.2916750816214,1000,0,0.0,141.05078125,2
1776851337.8714826,1715.3284611829756,1000,0,0.0,165.78515625,6
1776851338.405515,1811.4469622240917,1000,0,0.0,140.90234375,2
1776851339.8864145,1802.2916750816214,1000,0,0.0,141.05078125,2
1776851343.0498495,1715.3284611829756,1000,0,0.0,165.78515625,6
1776851343.5998862,1811.4469622240917,1000,0,0.0,140.90234375,2
1776851345.0638106,1802.2916750816214,1000,0,0.0,141.05078125,2
1776851348.2324767,1715.3284611829756,1000,0,0.0,165.7890625,6
1776851348.792313,1811.4469622240917,1000,0,0.0,140.90234375,2
1776851350.272288,1802.2916750816214,1000,0,0.0,141.05078125,2
1776851353.4133997,1715.3284611829756,1000,0,0.0,165.7890625,6
1776851353.9810486,1811.4469622240917,1000,0,0.0,140.90234375,2
1776851355.459802,1802.2916750816214,1000,0,0.0,141.05078125,2
1776851358.5886953,1715.3284611829756,1000,0,0.0,165.7890625,6
1776851359.164739,1811.4469622240917,1000,0,0.0,140.90234375,2
1776851360.6399667,1802.2916750816214,1000,0,0.0,141.05078125,2
1776851361.926456,0.0,0,0,103.4,83.32421875,10
1776851363.762825,1715.3284611829756,1000,0,0.0,165.7890625,6
1776851364.3533273,1811.4469622240917,1000,0,0.0,140.90234375,2
1776851365.8300354,1802.2916750816214,1000,0,0.0,141.05078125,2
1776851367.8426733,0.0,0,0,93.2,84.19921875,13
1776851368.9399323,1715.3284611829756,1000,0,0.0,165.7890625,6
1776851369.5392804,1811.4469622240917,1000,0,0.0,140.90234375,2
1776851371.012999,1802.2916750816214,1000,0,0.0,141.05078125,2
1776851373.9381201,45.62381751795705,24,0,104.2,85.0625,13
1776851374.122141,1715.3284611829756,1000,0,0.0,165.7890625,6
1776851374.7275245,1811.4469622240917,1000,0,0.0,140.90234375,2
1776851376.1991215,1802.2916750816214,1000,0,0.0,141.05078125,2
1776851379.3024943,1715.3284611829756,1000,0,0.0,165.79296875,6
1776851379.9218256,1811.4469622240917,1000,0,0.0,140.90234375,2
1776851380.0682454,16.6329484582525,10,0,97.6,84.69921875,13
1776851381.377839,1802.2916750816214,1000,0,0.0,141.05078125,2
1776851384.4764836,1715.3284611829756,1000,0,0.0,165.79296875,6
1776851385.109081,1811.4469622240917,1000,0,0.0,140.90234375,2
1776851386.5511615,1802.2916750816214,1000,0,0.0,141.05078125,2
1776851388.8275821,0.0,0,0,15.6,162.9609375,10
1776851389.662003,1715.3284611829756,1000,0,0.0,165.796875,6
1776851390.2870584,1811.4469622240917,1000,0,0.0,140.90234375,2
1776851391.72438,1802.2916750816214,1000,0,0.0,141.05078125,2
1776851394.070663,0.0,0,0,106.3,163.19921875,18
1776851394.8506362,1715.3284611829756,1000,0,0.0,165.796875,6
1776851395.483119,1811.4469622240917,1000,0,0.0,140.90234375,2
1776851396.9134786,1802.2916750816214,1000,0,0.0,141.0546875,2
1776851400.035896,1715.3284611829756,1000,0,0.0,165.796875,6
1776851399.8352833,0.0,0,0,96.5,163.66015625,18
1776851400.6980934,1811.4469622240917,1000,0,0.0,140.90234375,2
1776851402.0960603,1802.2916750816214,1000,0,0.0,141.0546875,2
1776851403.1290534,0.0,0,0,107.2,163.9609375,19
1776851405.2141948,1715.3284611829756,1000,0,0.0,165.796875,6
1776851405.876112,1811.4469622240917,1000,0,0.0,140.90234375,2
1776851406.4104314,0.0,0,0,120.8,163.9765625,18
1776851407.2828712,1802.2916750816214,1000,0,0.0,141.0546875,2
1776851410.4029357,1715.3284611829756,1000,0,0.0,165.796875,6
1776851411.0683177,1811.4469622240917,1000,0,0.0,140.90234375,2
1776851411.9267313,0.0,0,0,108.7,163.984375,18
1776851412.4867406,1802.2916750816214,1000,0,0.0,141.0546875,2
1776851415.60061,1715.3284611829756,1000,0,0.0,165.80078125,6
1776851416.2819355,1811.4469622240917,1000,0,0.0,140.90234375,2
1776851417.6994414,1802.2916750816214,1000,0,0.0,141.0546875,2
1776851417.620459,0.0,0,0,111.0,163.94140625,16
1776851419.844902,0.0,0,0,0.0,163.8203125,10
1776851420.8022108,1715.3284611829756,1000,0,0.0,165.80078125,6
1776851421.4843416,1811.4469622240917,1000,0,0.0,140.90234375,2
1776851422.9596229,1802.2916750816214,1000,0,0.0,141.0546875,2
1776851425.9989352,1715.3284611829756,1000,0,0.0,165.80078125,6
1776851426.796691,1811.4469622240917,1000,0,0.0,140.90234375,2
1776851427.8492994,0.0,0,0,98.4,164.69140625,15
1776851428.1497228,1802.2916750816214,1000,0,0.0,141.0546875,2
1776851431.0521107,0.0,0,0,105.0,165.1171875,14
1776851431.1957438,1715.3284611829756,1000,0,0.0,165.80078125,6
1776851432.0041327,1811.4469622240917,1000,0,0.0,140.90234375,2
1776851433.3331473,1802.2916750816214,1000,0,0.0,141.0546875,2
1776851436.9336333,1715.3284611829756,1000,0,0.0,165.87109375,6
1776851437.2065444,1811.4469622240917,1000,0,0.0,140.90234375,2
1776851438.515757,1802.2916750816214,1000,0,0.0,141.0546875,2
1776851442.1281414,1715.3284611829756,1000,0,0.0,165.87109375,6
1776851442.401372,1811.4469622240917,1000,0,0.0,140.90234375,2
1776851443.716217,1802.2916750816214,1000,0,0.0,141.0546875,2
1776851447.3233986,1715.3284611829756,1000,0,0.0,165.8515625,5
1776851447.595104,1811.4469622240917,1000,0,0.0,140.90234375,2
1776851448.9197872,1802.2916750816214,1000,0,0.0,141.0546875,2
1776851452.5222385,1715.3284611829756,1000,0,0.0,165.8515625,5
1776851452.7867825,1811.4469622240917,1000,0,0.0,140.90234375,2
1776851454.1143773,1802.2916750816214,1000,0,0.0,141.0546875,2
1776851457.71299,1715.3284611829756,1000,0,0.0,165.8515625,5
1776851457.9743965,1811.4469622240917,1000,0,0.0,140.90234375,2
1776851459.3039634,1802.2916750816214,1000,0,0.0,141.0546875,2
1776851462.9024856,1715.3284611829756,1000,0,0.0,165.8515625,5
1776851463.1599848,1811.4469622240917,1000,0,0.0,140.90234375,2
1776851464.552204,1802.2916750816214,1000,0,0.0,141.05859375,2
1776851468.097424,1715.3284611829756,1000,0,0.0,165.8515625,5
1776851468.353375,1811.4469622240917,1000,0,0.0,140.90234375,2
1776851469.7505338,1802.2916750816214,1000,0,0.0,141.05859375,2
1776851473.2967198,1715.3284611829756,1000,0,0.0,165.8515625,5
1776851473.5541239,1811.4469622240917,1000,0,0.0,140.90234375,2
1776851474.944811,1802.2916750816214,1000,0,0.0,141.05859375,2
1776851478.4915965,1715.3284611829756,1000,0,0.0,165.8515625,5
1776851478.7677593,1811.4469622240917,1000,0,0.0,140.90234375,2
1776851480.1391644,1802.2916750816214,1000,0,0.0,141.05859375,2
1776851483.6904657,1715.3284611829756,1000,0,0.0,165.8515625,5
1776851483.9554884,1811.4469622240917,1000,0,0.0,140.90234375,2
1776851485.3269558,1802.2916750816214,1000,0,0.0,141.05859375,2
1776851488.8810236,1715.3284611829756,1000,0,0.0,165.8515625,5
1776851489.1459165,1811.4469622240917,1000,0,0.0,140.90234375,2
1776851490.5272417,1802.2916750816214,1000,0,0.0,141.05859375,2
1776851494.0758488,1715.3284611829756,1000,0,0.0,165.8515625,5
1776851494.357126,1811.4469622240917,1000,0,0.0,140.90234375,2
1776851495.7187588,1802.2916750816214,1000,0,0.0,141.05859375,2
1776851499.2877033,1715.3284611829756,1000,0,0.0,165.8515625,5
1776851499.5731323,1811.4469622240917,1000,0,0.0,140.90234375,2
1776851500.9132202,1802.2916750816214,1000,0,0.0,141.05859375,2
1776851504.5009441,1715.3284611829756,1000,0,0.0,165.8515625,5
1776851504.7585654,1811.4469622240917,1000,0,0.0,140.90234375,2
1776851506.1465712,1802.2916750816214,1000,0,0.0,141.05859375,2
1776851509.703748,1715.3284611829756,1000,0,0.0,165.8515625,5
1776851509.9462054,1811.4469622240917,1000,0,0.0,140.90234375,2
1776851511.3303983,1802.2916750816214,1000,0,0.0,141.05859375,2
1776851514.903095,1715.3284611829756,1000,0,0.0,165.8515625,5
1776851515.2453392,1811.4469622240917,1000,0,0.0,140.90234375,2
1776851516.5350628,1802.2916750816214,1000,0,0.0,141.05859375,2
1776851520.0987754,1715.3284611829756,1000,0,0.0,165.8515625,5
1776851520.423642,1811.4469622240917,1000,0,0.0,140.90234375,2
1776851521.7255738,1802.2916750816214,1000,0,0.0,141.05859375,2
1776851525.2854002,1715.3284611829756,1000,0,0.0,165.8515625,5
1776851525.6121156,1811.4469622240917,1000,0,0.0,140.90234375,2
1776851526.9165726,1802.2916750816214,1000,0,0.0,141.05859375,2
1776851530.472351,1715.3284611829756,1000,0,0.0,165.8515625,5
1776851530.812671,1811.4469622240917,1000,0,0.0,140.90234375,2
1776851532.1183836,1802.2916750816214,1000,0,0.0,141.05859375,2
1776851535.6609895,1715.3284611829756,1000,0,0.0,165.8515625,5
1776851536.0174289,1811.4469622240917,1000,0,15.6,140.90234375,2
1776851537.3269813,1802.2916750816214,1000,0,0.0,141.05859375,2
1776851540.8968227,1715.3284611829756,1000,0,0.0,165.8515625,5
1776851541.2221632,1811.4469622240917,1000,0,0.0,140.90234375,2
1776851542.538569,1802.2916750816214,1000,0,0.0,141.05859375,2
1776851546.2526197,1715.3284611829756,1000,0,0.0,165.8515625,5
1776851546.4413226,1811.4469622240917,1000,0,0.0,140.90234375,2
1776851547.7211168,1802.2916750816214,1000,0,0.0,141.05859375,2
1776851551.4477062,1715.3284611829756,1000,0,0.0,165.8515625,5
1776851551.6327987,1811.4469622240917,1000,0,0.0,140.90234375,2
1776851552.9155304,1802.2916750816214,1000,0,0.0,141.05859375,2
1776851556.6427386,1715.3284611829756,1000,0,0.0,165.8515625,5
1776851556.8368406,1811.4469622240917,1000,0,0.0,140.90234375,2
1776851558.123834,1802.2916750816214,1000,0,0.0,141.05859375,2
1776851561.8427682,1715.3284611829756,1000,0,0.0,165.8515625,5
1776851562.033082,1811.4469622240917,1000,0,0.0,140.90234375,2
1776851563.3320768,1802.2916750816214,1000,0,0.0,141.05859375,2
1776851567.0441415,1715.3284611829756,1000,0,0.0,165.8515625,5
1776851567.2321663,1811.4469622240917,1000,0,0.0,140.90234375,2
1776851568.539526,1802.2916750816214,1000,0,0.0,141.05859375,2
1776851572.2396817,1715.3284611829756,1000,0,0.0,165.8515625,5
1776851572.4288182,1811.4469622240917,1000,0,0.0,140.90234375,2
1776851573.7573032,1802.2916750816214,1000,0,0.0,141.05859375,2
1776851577.4377258,1715.3284611829756,1000,0,0.0,165.87109375,6
1776851577.6245396,1811.4469622240917,1000,0,0.0,140.90234375,2
1776851578.985973,1802.2916750816214,1000,0,0.0,141.05859375,2
1776851582.631187,1715.3284611829756,1000,0,0.0,165.87109375,6
1776851582.8230677,1811.4469622240917,1000,0,0.0,140.90234375,2
1776851584.1917827,1802.2916750816214,1000,0,0.0,141.05859375,2
1776851587.8224232,1715.3284611829756,1000,0,0.0,165.87109375,6
1776851588.010834,1811.4469622240917,1000,0,0.0,140.90234375,2
1776851589.3862214,1802.2916750816214,1000,0,0.0,141.05859375,2
1776851593.0000367,1715.3284611829756,1000,0,0.0,165.87109375,6
1776851593.1914403,1811.4469622240917,1000,0,0.0,140.90234375,2
1776851594.5729816,1802.2916750816214,1000,0,0.0,141.05859375,2
1776851598.1799905,1715.3284611829756,1000,0,0.0,165.87109375,6
1776851598.369774,1811.4469622240917,1000,0,0.0,140.90234375,2
1776851599.769792,1802.2916750816214,1000,0,0.0,141.05859375,2
1776851603.3644018,1715.3284611829756,1000,0,0.0,165.87109375,6
1776851603.549058,1811.4469622240917,1000,0,0.0,140.90234375,2
1776851604.9698913,1802.2916750816214,1000,0,0.0,141.05859375,2
1776851608.5453277,1715.3284611829756,1000,0,0.0,165.87109375,6
1776851608.731837,1811.4469622240917,1000,0,0.0,140.90234375,2
1776851610.1746602,1802.2916750816214,1000,0,0.0,141.05859375,2
1776851613.7226815,1715.3284611829756,1000,0,0.0,165.87109375,6
1776851613.9251337,1811.4469622240917,1000,0,0.0,140.90234375,2
1776851615.3840063,1802.2916750816214,1000,0,0.0,141.05859375,2
1776851618.903402,1715.3284611829756,1000,0,0.0,165.87109375,6
1776851619.1138937,1811.4469622240917,1000,0,0.0,140.90234375,2
1776851620.598645,1802.2916750816214,1000,0,0.0,141.05859375,2
1776851624.1335928,1715.3284611829756,1000,0,0.0,165.87109375,6
1776851624.3101997,1811.4469622240917,1000,0,0.0,140.90234375,2
1776851625.8172574,1802.2916750816214,1000,0,0.0,141.05859375,2
1776851629.331793,1715.3284611829756,1000,0,0.0,165.87109375,6
1776851629.5246632,1811.4469622240917,1000,0,0.0,140.90234375,2
1776851631.0018396,1802.2916750816214,1000,0,0.0,141.05859375,2
1776851634.5146697,1715.3284611829756,1000,0,0.0,165.87109375,6
1776851634.783762,1811.4469622240917,1000,0,0.0,140.90234375,2
1776851636.221801,1802.2916750816214,1000,0,0.0,141.05859375,2
1776851639.702282,1715.3284611829756,1000,0,0.0,165.87109375,6
1776851639.9824975,1811.4469622240917,1000,0,0.0,140.90234375,2
1776851641.4022028,1802.2916750816214,1000,0,0.0,141.05859375,2
1776851644.8907108,1715.3284611829756,1000,0,0.0,165.87109375,6
1776851645.182449,1811.4469622240917,1000,0,0.0,140.90234375,2
1776851646.5979924,1802.2916750816214,1000,0,0.0,141.05859375,2
1776851650.0722952,1715.3284611829756,1000,0,0.0,165.8515625,5
1776851650.38843,1811.4469622240917,1000,0,0.0,140.90234375,2
1776851651.8179765,1802.2916750816214,1000,0,0.0,141.05859375,2
1776851655.2663016,1715.3284611829756,1000,0,0.0,165.8515625,5
1776851655.5865612,1811.4469622240917,1000,0,0.0,140.90234375,2
1776851657.0849562,1802.2916750816214,1000,0,0.0,141.05859375,2
1776851660.4542058,1715.3284611829756,1000,0,0.0,165.8515625,5
1776851660.7838612,1811.4469622240917,1000,0,0.0,140.90234375,2
1776851662.2999084,1802.2916750816214,1000,0,15.5,141.05859375,2
1776851665.6477046,1715.3284611829756,1000,0,0.0,165.8515625,5
1776851665.9824066,1811.4469622240917,1000,0,0.0,140.90234375,2
1776851667.5101385,1802.2916750816214,1000,0,0.0,141.05859375,2
1776851670.8409686,1715.3284611829756,1000,0,0.0,165.8515625,5
1776851671.1772966,1811.4469622240917,1000,0,0.0,140.90234375,2
1776851672.7126496,1802.2916750816214,1000,0,0.0,141.05859375,2
1776851676.0383234,1715.3284611829756,1000,0,0.0,165.8515625,5
1776851676.3700516,1811.4469622240917,1000,0,0.0,140.90234375,2
1776851677.9127574,1802.2916750816214,1000,0,0.0,141.05859375,2
1776851681.2308388,1715.3284611829756,1000,0,0.0,165.8515625,5
1776851681.562937,1811.4469622240917,1000,0,0.0,140.90234375,2
1776851683.0988593,1802.2916750816214,1000,0,0.0,141.05859375,2
1776851686.4298234,1715.3284611829756,1000,0,0.0,165.8515625,5
1776851686.7623873,1811.4469622240917,1000,0,0.0,140.90234375,2
1776851688.2897978,1802.2916750816214,1000,0,0.0,141.05859375,2
1776851691.6238468,1715.3284611829756,1000,0,0.0,165.8515625,5
1776851691.9599867,1811.4469622240917,1000,0,0.0,140.90234375,2
1776851693.4839761,1802.2916750816214,1000,0,0.0,141.05859375,2
1776851696.8209114,1715.3284611829756,1000,0,0.0,165.8515625,5
1776851697.1599941,1811.4469622240917,1000,0,0.0,140.90234375,2
1776851698.6883643,1802.2916750816214,1000,0,0.0,141.05859375,2
1776851702.0199642,1715.3284611829756,1000,0,0.0,165.8515625,5
1776851702.3636472,1811.4469622240917,1000,0,0.0,140.90234375,2
1776851703.8837867,1802.2916750816214,1000,0,0.0,141.05859375,2
1776851707.2132957,1715.3284611829756,1000,0,0.0,165.8515625,5
1776851707.5661616,1811.4469622240917,1000,0,0.0,140.90234375,2
1776851709.0716987,1802.2916750816214,1000,0,0.0,141.05859375,2
1776851712.4062421,1715.3284611829756,1000,0,0.0,165.8515625,5
1776851712.7758265,1811.4469622240917,1000,0,0.0,140.90234375,2
1776851714.2693758,1802.2916750816214,1000,0,0.0,141.05859375,2
1776851717.6071045,1715.3284611829756,1000,0,0.0,165.8515625,5
1776851717.980213,1811.4469622240917,1000,0,0.0,140.90234375,2
1776851719.4692047,1802.2916750816214,1000,0,0.0,141.05859375,2
1776851722.8265543,1715.3284611829756,1000,0,0.0,165.8515625,5
1776851723.2003577,1811.4469622240917,1000,0,0.0,140.90234375,2
1776851724.6804218,1802.2916750816214,1000,0,0.0,141.05859375,2
1776851728.0367377,1715.3284611829756,1000,0,0.0,165.8515625,5
1776851728.4163525,1811.4469622240917,1000,0,0.0,140.90234375,2
1776851729.8965988,1802.2916750816214,1000,0,0.0,141.05859375,2
1776851733.2508948,1715.3284611829756,1000,0,0.0,165.8515625,5
1776851733.633791,1811.4469622240917,1000,0,0.0,140.90234375,2
1776851735.0729787,1802.2916750816214,1000,0,0.0,141.05859375,2
1776851738.461317,1715.3284611829756,1000,0,0.0,165.8515625,5
1776851738.8298821,1811.4469622240917,1000,0,0.0,140.90234375,2
1776851740.274095,1802.2916750816214,1000,0,0.0,141.05859375,2
1776851743.6614666,1715.3284611829756,1000,0,0.0,165.8515625,5
1776851744.0296848,1811.4469622240917,1000,0,0.0,140.90234375,2
1776851745.4794102,1802.2916750816214,1000,0,0.0,141.05859375,2
1776851748.9110677,1715.3284611829756,1000,0,0.0,165.8515625,5
1776851749.2710752,1811.4469622240917,1000,0,0.0,140.90234375,2
1776851750.6715279,1802.2916750816214,1000,0,0.0,141.05859375,2
1776851754.118568,1715.3284611829756,1000,0,0.0,165.8515625,5
1776851754.452576,1811.4469622240917,1000,0,0.0,140.90234375,2
1776851755.9044504,1802.2916750816214,1000,0,0.0,141.05859375,2
1776851759.3335154,1715.3284611829756,1000,0,0.0,165.8515625,5
1776851759.644497,1811.4469622240917,1000,0,0.0,140.90234375,2
1776851761.101494,1802.2916750816214,1000,0,0.0,141.05859375,2
1776851764.5929604,1715.3284611829756,1000,0,0.0,165.8515625,5
1776851764.825049,1811.4469622240917,1000,0,0.0,140.90234375,2
1776851766.3032274,1802.2916750816214,1000,0,0.0,141.05859375,2
1776851769.77992,1715.3284611829756,1000,0,0.0,165.8515625,5
1776851770.0002918,1811.4469622240917,1000,0,0.0,140.90234375,2
1776851771.4887135,1802.2916750816214,1000,0,0.0,141.05859375,2
1776851774.9621012,1715.3284611829756,1000,0,0.0,165.8515625,5
1776851775.1872714,1811.4469622240917,1000,0,0.0,140.90234375,2
1776851776.679242,1802.2916750816214,1000,0,0.0,141.05859375,2
1776851780.1514,1715.3284611829756,1000,0,0.0,165.8515625,5
1776851780.368188,1811.4469622240917,1000,0,0.0,140.90234375,2
1776851781.869969,1802.2916750816214,1000,0,0.0,141.05859375,2
1776851785.328927,1715.3284611829756,1000,0,0.0,165.8515625,5
1776851785.553478,1811.4469622240917,1000,0,0.0,140.90234375,2
1776851787.0498526,1802.2916750816214,1000,0,0.0,141.05859375,2
1776851790.5138307,1715.3284611829756,1000,0,0.0,165.8515625,5
1776851790.7383866,1811.4469622240917,1000,0,15.6,140.90234375,2
1776851792.2363446,1802.2916750816214,1000,0,0.0,141.05859375,2
1776851795.7123096,1715.3284611829756,1000,0,0.0,165.8515625,5
1776851795.9316103,1811.4469622240917,1000,0,0.0,140.90234375,2
1776851797.4151847,1802.2916750816214,1000,0,0.0,141.05859375,2
1776851800.9046116,1715.3284611829756,1000,0,0.0,165.8515625,5
1776851801.1189606,1811.4469622240917,1000,0,0.0,140.90234375,2
1776851802.59496,1802.2916750816214,1000,0,0.0,141.05859375,2
1776851806.084555,1715.3284611829756,1000,0,0.0,165.8515625,5
1776851806.3584561,1811.4469622240917,1000,0,0.0,140.90234375,2
1776851807.774097,1802.2916750816214,1000,0,0.0,141.05859375,2
1776851811.268961,1715.3284611829756,1000,0,0.0,165.9140625,5
1776851811.6068282,1811.4469622240917,1000,0,0.0,140.90234375,2
1776851812.9857674,1802.2916750816214,1000,0,0.0,141.05859375,2
1776851816.5166607,1715.3284611829756,1000,0,0.0,165.9140625,5
1776851816.833795,1811.4469622240917,1000,0,0.0,140.90234375,2
1776851818.1715925,1802.2916750816214,1000,0,0.0,141.05859375,2
1776851821.7255414,1715.3284611829756,1000,0,0.0,165.9140625,5
1776851822.121311,1811.4469622240917,1000,0,0.0,140.90234375,2
1776851823.359368,1802.2916750816214,1000,0,0.0,141.05859375,2
1776851826.9150035,1715.3284611829756,1000,0,0.0,165.9140625,5
1776851827.3282163,1811.4469622240917,1000,0,0.0,140.90234375,2
1776851828.5575104,1802.2916750816214,1000,0,0.0,141.05859375,2
1776851832.1004398,1715.3284611829756,1000,0,0.0,165.9140625,5
1776851832.6519294,1811.4469622240917,1000,0,0.0,140.90234375,2
1776851833.7584202,1802.2916750816214,1000,0,0.0,141.05859375,2
1776851837.2818995,1715.3284611829756,1000,0,0.0,165.9140625,5
1776851837.8370087,1811.4469622240917,1000,0,0.0,140.90234375,2
1776851838.9592307,1802.2916750816214,1000,0,0.0,141.05859375,2
1776851842.477151,1715.3284611829756,1000,0,0.0,165.9140625,5
1776851843.0245109,1811.4469622240917,1000,0,0.0,140.90234375,2
1776851844.1693153,1802.2916750816214,1000,0,0.0,141.05859375,2
1776851847.6715965,1715.3284611829756,1000,0,0.0,165.9140625,5
1776851848.219547,1811.4469622240917,1000,0,0.0,140.90234375,2
1776851849.4320729,1802.2916750816214,1000,0,0.0,141.05859375,2
1776851852.866603,1715.3284611829756,1000,0,0.0,165.9140625,5
1776851853.4282176,1811.4469622240917,1000,0,0.0,140.90234375,2
1776851854.6428597,1802.2916750816214,1000,0,0.0,141.05859375,2
1776851858.0682487,1715.3284611829756,1000,0,0.0,165.9140625,5
1776851858.6295927,1811.4469622240917,1000,0,0.0,140.90234375,2
1776851859.8615189,1802.2916750816214,1000,0,0.0,141.05859375,2
1776851863.2584748,1715.3284611829756,1000,0,0.0,165.9140625,5
1776851863.8209727,1811.4469622240917,1000,0,0.0,140.90234375,2
1776851865.0511825,1802.2916750816214,1000,0,0.0,141.05859375,2
1776851868.4481118,1715.3284611829756,1000,0,0.0,165.9140625,5
1776851869.0166945,1811.4469622240917,1000,0,0.0,140.90234375,2
1776851870.2418458,1802.2916750816214,1000,0,0.0,141.05859375,2
1776851873.6749213,1715.3284611829756,1000,0,0.0,165.9140625,5
1776851874.213684,1811.4469622240917,1000,0,0.0,140.90234375,2
1776851875.430575,1802.2916750816214,1000,0,0.0,141.05859375,2
1776851878.8725078,1715.3284611829756,1000,0,15.6,165.9140625,5
1776851879.4046297,1811.4469622240917,1000,0,0.0,140.90234375,2
1776851880.6200955,1802.2916750816214,1000,0,0.0,141.05859375,2
1776851884.0633805,1715.3284611829756,1000,0,0.0,165.9140625,5
1776851884.5825512,1811.4469622240917,1000,0,0.0,140.90234375,2
1776851885.8045187,1802.2916750816214,1000,0,0.0,141.05859375,2
1776851889.245981,1715.3284611829756,1000,0,0.0,165.9140625,5
1776851889.7726314,1811.4469622240917,1000,0,0.0,140.90234375,2
1776851891.0092363,1802.2916750816214,1000,0,0.0,141.05859375,2
1776851894.4172075,1715.3284611829756,1000,0,0.0,165.9140625,5
1776851894.9522486,1811.4469622240917,1000,0,0.0,140.90234375,2
1776851896.2037215,1802.2916750816214,1000,0,0.0,141.05859375,2
1776851899.5981636,1715.3284611829756,1000,0,0.0,165.9140625,5
1776851900.1433527,1811.4469622240917,1000,0,0.0,140.90234375,2
1776851901.390282,1802.2916750816214,1000,0,0.0,141.05859375,2
1776851904.7826378,1715.3284611829756,1000,0,0.0,165.9140625,5
1776851905.337833,1811.4469622240917,1000,0,0.0,140.90234375,2
1776851906.597203,1802.2916750816214,1000,0,0.0,141.05859375,2
1776851909.9595745,1715.3284611829756,1000,0,0.0,165.9140625,5
1776851910.5903733,1811.4469622240917,1000,0,0.0,140.90234375,2
1776851911.7810385,1802.2916750816214,1000,0,0.0,141.05859375,2
1776851915.1283488,1715.3284611829756,1000,0,0.0,165.9140625,5
1776851915.8700478,1811.4469622240917,1000,0,0.0,140.90234375,2
1776851916.957369,1802.2916750816214,1000,0,0.0,141.05859375,2
1776851920.3084264,1715.3284611829756,1000,0,0.0,165.9140625,5
1776851921.0593252,1811.4469622240917,1000,0,0.0,140.90234375,2
1776851922.132805,1802.2916750816214,1000,0,0.0,141.05859375,2
1776851925.5014994,1715.3284611829756,1000,0,0.0,165.9140625,5
1776851926.2585623,1811.4469622240917,1000,0,0.0,140.90234375,2
1776851927.3287706,1802.2916750816214,1000,0,0.0,141.05859375,2
1776851930.7553904,1715.3284611829756,1000,0,0.0,165.9140625,5
1776851931.463371,1811.4469622240917,1000,0,0.0,140.90234375,2
1776851932.5327094,1802.2916750816214,1000,0,0.0,141.05859375,2
1776851935.9733577,1715.3284611829756,1000,0,0.0,165.9140625,5
1776851936.6868503,1811.4469622240917,1000,0,0.0,140.90234375,2
1776851937.7506363,1802.2916750816214,1000,0,0.0,141.05859375,2
1776851941.1688228,1715.3284611829756,1000,0,0.0,165.9140625,5
1776851941.8813083,1811.4469622240917,1000,0,0.0,140.90234375,2
1776851942.9218206,1802.2916750816214,1000,0,0.0,141.05859375,2
1776851946.3585196,1715.3284611829756,1000,0,0.0,165.9140625,5
1776851947.062548,1811.4469622240917,1000,0,0.0,140.90234375,2
1776851948.1024344,1802.2916750816214,1000,0,0.0,141.05859375,2
1776851951.536761,1715.3284611829756,1000,0,0.0,165.9140625,5
1776851952.2451715,1811.4469622240917,1000,0,0.0,140.90234375,2
1776851953.282395,1802.2916750816214,1000,0,0.0,141.05859375,2
1776851956.7159705,1715.3284611829756,1000,0,0.0,165.9140625,5
1776851957.429861,1811.4469622240917,1000,0,0.0,140.90234375,2
1776851958.4586618,1802.2916750816214,1000,0,0.0,141.05859375,2
1776851961.8958306,1715.3284611829756,1000,0,0.0,165.9140625,5
1776851962.6227546,1811.4469622240917,1000,0,0.0,140.90234375,2
1776851963.6427925,1802.2916750816214,1000,0,0.0,141.05859375,2
1776851967.0816488,1715.3284611829756,1000,0,0.0,165.9140625,5
1776851967.8069181,1811.4469622240917,1000,0,0.0,140.90234375,2
1776851968.8207579,1802.2916750816214,1000,0,0.0,141.05859375,2
1776851972.268292,1715.3284611829756,1000,0,0.0,165.9140625,5
1776851972.9951646,1811.4469622240917,1000,0,0.0,140.90234375,2
1776851974.0096684,1802.2916750816214,1000,0,0.0,141.05859375,2
1776851977.461896,1715.3284611829756,1000,0,0.0,165.9140625,5
1776851978.2531316,1811.4469622240917,1000,0,0.0,140.90234375,2
1776851979.1942441,1802.2916750816214,1000,0,0.0,141.05859375,2
1776851982.6459954,1715.3284611829756,1000,0,0.0,165.89453125,4
1776851983.5105624,1811.4469622240917,1000,0,0.0,140.90234375,2
1776851984.375644,1802.2916750816214,1000,0,0.0,141.05859375,2
1776851987.8211873,1715.3284611829756,1000,0,0.0,165.89453125,4
1776851988.6956575,1811.4469622240917,1000,0,0.0,140.90234375,2
1776851989.5660584,1802.2916750816214,1000,0,0.0,141.05859375,2
1776851993.0030928,1715.3284611829756,1000,0,0.0,165.9140625,5
1776851993.8829243,1811.4469622240917,1000,0,0.0,140.90234375,2
1776851994.7452075,1802.2916750816214,1000,0,0.0,141.05859375,2
1776851998.1755316,1715.3284611829756,1000,0,0.0,165.9140625,5
1776851999.0662975,1811.4469622240917,1000,0,0.0,140.90234375,2
1776851999.93197,1802.2916750816214,1000,0,0.0,141.05859375,2
1776852003.3584843,1715.3284611829756,1000,0,0.0,165.9140625,5
1776852004.2514396,1811.4469622240917,1000,0,0.0,140.90234375,2
1776852005.1067502,1802.2916750816214,1000,0,0.0,141.05859375,2
1776852008.5327895,1715.3284611829756,1000,0,0.0,165.9140625,5
1776852009.4324534,1811.4469622240917,1000,0,0.0,140.90234375,2
1776852010.2883983,1802.2916750816214,1000,0,0.0,141.05859375,2
1776852013.715792,1715.3284611829756,1000,0,0.0,165.9140625,5
1776852014.6198997,1811.4469622240917,1000,0,0.0,140.90234375,2
1776852015.4685755,1802.2916750816214,1000,0,0.0,141.05859375,2
1776852018.8981628,1715.3284611829756,1000,0,0.0,165.9140625,5
1776852019.7956831,1811.4469622240917,1000,0,0.0,140.90234375,2
1776852020.6453722,1802.2916750816214,1000,0,0.0,141.05859375,2
1776852024.0702522,1715.3284611829756,1000,0,0.0,165.9140625,5
1776852025.016767,1811.4469622240917,1000,0,0.0,140.90234375,2
1776852025.826336,1802.2916750816214,1000,0,0.0,141.05859375,2
1776852029.2518625,1715.3284611829756,1000,0,0.0,165.9140625,5
1776852030.2028499,1811.4469622240917,1000,0,0.0,140.90234375,2
1776852031.012474,1802.2916750816214,1000,0,0.0,141.05859375,2
1776852034.4315414,1715.3284611829756,1000,0,0.0,165.9140625,5
1776852035.3996117,1811.4469622240917,1000,0,0.0,140.90234375,2
1776852036.1885767,1802.2916750816214,1000,0,0.0,141.05859375,2
1776852039.6002343,1715.3284611829756,1000,0,0.0,165.9140625,5
1776852040.5989046,1811.4469622240917,1000,0,0.0,140.90234375,2
1776852041.3701105,1802.2916750816214,1000,0,0.0,141.05859375,2
1776852044.7891877,1715.3284611829756,1000,0,0.0,165.9140625,5
1776852045.81544,1811.4469622240917,1000,0,0.0,140.90234375,2
1776852046.5415685,1802.2916750816214,1000,0,0.0,141.05859375,2
1776852049.988259,1715.3284611829756,1000,0,0.0,165.9140625,5
1776852051.0172307,1811.4469622240917,1000,0,0.0,140.90234375,2
1776852051.7323391,1802.2916750816214,1000,0,0.0,141.05859375,2
1776852055.1788046,1715.3284611829756,1000,0,0.0,165.9140625,5
1776852056.2169013,1811.4469622240917,1000,0,0.0,140.90234375,2
1776852056.9293065,1802.2916750816214,1000,0,0.0,141.05859375,2
1776852060.36534,1715.3284611829756,1000,0,0.0,165.9140625,5
1776852061.414259,1811.4469622240917,1000,0,0.0,140.90234375,2
1776852062.1320405,1802.2916750816214,1000,0,0.0,141.05859375,2
1776852065.5588472,1715.3284611829756,1000,0,0.0,165.9140625,5
1776852066.6158519,1811.4469622240917,1000,0,0.0,140.90234375,2
1776852067.336729,1802.2916750816214,1000,0,0.0,141.05859375,2
1776852070.7592502,1715.3284611829756,1000,0,0.0,165.9140625,5
1776852071.817408,1811.4469622240917,1000,0,0.0,140.90234375,2
1776852072.6159396,1802.2916750816214,1000,0,0.0,141.05859375,2
1776852075.953652,1715.3284611829756,1000,0,0.0,165.9140625,5
1776852077.0356987,1811.4469622240917,1000,0,0.0,140.90234375,2
1776852077.8198242,1802.2916750816214,1000,0,0.0,141.05859375,2
1776852081.1420517,1715.3284611829756,1000,0,0.0,165.9140625,5
1776852082.2251916,1811.4469622240917,1000,0,0.0,140.90234375,2
1776852083.0332463,1802.2916750816214,1000,0,0.0,141.05859375,2
1776852086.3448808,1715.3284611829756,1000,0,0.0,165.9140625,5
1776852087.413324,1811.4469622240917,1000,0,0.0,140.90234375,2
1776852088.2191644,1802.2916750816214,1000,0,0.0,141.05859375,2
1776852091.536172,1715.3284611829756,1000,0,0.0,165.9140625,5
1776852092.6054182,1811.4469622240917,1000,0,0.0,140.90234375,2
1776852093.4076478,1802.2916750816214,1000,0,0.0,141.05859375,2
1776852096.7264068,1715.3284611829756,1000,0,0.0,165.9140625,5
1776852097.7840695,1811.4469622240917,1000,0,0.0,140.90234375,2
1776852098.6022272,1802.2916750816214,1000,0,0.0,140.234375,2
1776852101.9118347,1715.3284611829756,1000,0,0.0,165.9140625,5
1776852102.9671693,1811.4469622240917,1000,0,0.0,140.90234375,2
1776852103.7888129,1802.2916750816214,1000,0,0.0,141.08203125,2
1776852107.0833623,1715.3284611829756,1000,0,0.0,165.9140625,5
1776852108.1500323,1811.4469622240917,1000,0,0.0,140.90234375,2
1776852108.9675028,1802.2916750816214,1000,0,0.0,141.08203125,2
1776852112.2589347,1715.3284611829756,1000,0,0.0,165.9140625,5
1776852113.3242385,1811.4469622240917,1000,0,0.0,140.90234375,2
1776852114.1480958,1802.2916750816214,1000,0,0.0,141.08203125,2
1776852117.4451673,1715.3284611829756,1000,0,0.0,165.9140625,5
1776852118.504849,1811.4469622240917,1000,0,0.0,140.90234375,2
1776852119.3344505,1802.2916750816214,1000,0,0.0,141.08203125,2
1776852122.6214204,1715.3284611829756,1000,0,0.0,165.9140625,5
1776852123.693762,1811.4469622240917,1000,0,0.0,140.90234375,2
1776852124.5098848,1802.2916750816214,1000,0,0.0,141.08203125,2
1776852127.8026276,1715.3284611829756,1000,0,0.0,165.9140625,5
1776852128.881781,1811.4469622240917,1000,0,0.0,140.90234375,2
1776852129.694901,1802.2916750816214,1000,0,0.0,141.08203125,2
1776852132.991159,1715.3284611829756,1000,0,0.0,165.9140625,5
1776852134.070273,1811.4469622240917,1000,0,0.0,140.90234375,2
1776852134.8831308,1802.2916750816214,1000,0,0.0,141.08203125,2
1776852138.1732173,1715.3284611829756,1000,0,0.0,165.9140625,5
1776852139.2499957,1811.4469622240917,1000,0,0.0,140.90234375,2
1776852140.0779839,1802.2916750816214,1000,0,0.0,141.08203125,2
1776852143.3509467,1715.3284611829756,1000,0,0.0,165.9140625,5
1776852144.438734,1811.4469622240917,1000,0,0.0,140.90234375,2
1776852145.273986,1802.2916750816214,1000,0,0.0,141.08203125,2
1776852148.5353832,1715.3284611829756,1000,0,0.0,165.9140625,5
1776852149.6150715,1811.4469622240917,1000,0,0.0,140.90234375,2
1776852150.461972,1802.2916750816214,1000,0,0.0,141.0859375,2
1776852153.7181323,1715.3284611829756,1000,0,0.0,165.9140625,5
1776852154.800583,1811.4469622240917,1000,0,0.0,140.90234375,2
1776852155.685062,1802.2916750816214,1000,0,0.0,141.0859375,2
1776852158.8995535,1715.3284611829756,1000,0,0.0,165.9140625,5
1776852159.9819052,1811.4469622240917,1000,0,0.0,140.90234375,2
1776852160.863424,1802.2916750816214,1000,0,0.0,141.0859375,2
1776852164.069887,1715.3284611829756,1000,0,0.0,165.9140625,5
1776852165.1653574,1811.4469622240917,1000,0,0.0,140.90234375,2
1776852166.0406206,1802.2916750816214,1000,0,0.0,141.0859375,2
1776852169.2499015,1715.3284611829756,1000,0,0.0,165.9140625,5
1776852170.3498104,1811.4469622240917,1000,0,0.0,140.90234375,2
1776852171.2312603,1802.2916750816214,1000,0,0.0,141.0859375,2
1776852174.431228,1715.3284611829756,1000,0,0.0,165.9140625,5
1776852175.5356474,1811.4469622240917,1000,0,0.0,140.90234375,2
1776852176.4128287,1802.2916750816214,1000,0,0.0,141.0859375,2
1776852179.61233,1715.3284611829756,1000,0,0.0,165.9140625,5
1776852180.719318,1811.4469622240917,1000,0,0.0,140.90234375,2
1776852181.5899544,1802.2916750816214,1000,0,0.0,141.0859375,2
1776852184.7849798,1715.3284611829756,1000,0,0.0,165.9140625,5
1776852185.8956387,1811.4469622240917,1000,0,0.0,140.90234375,2
1776852186.760784,1802.2916750816214,1000,0,0.0,141.0859375,2
1776852189.9608417,1715.3284611829756,1000,0,0.0,165.9140625,5
1776852191.082378,1811.4469622240917,1000,0,0.0,140.90234375,2
1776852191.939756,1802.2916750816214,1000,0,0.0,140.234375,2
1776852195.1426358,1715.3284611829756,1000,0,0.0,165.9140625,5
1776852196.2735515,1811.4469622240917,1000,0,0.0,140.90234375,2
1776852197.1232417,1802.2916750816214,1000,0,0.0,141.09375,2
1776852200.3172724,1715.3284611829756,1000,0,0.0,165.9140625,5
1776852201.4607606,1811.4469622240917,1000,0,0.0,140.90234375,2
1776852202.3119242,1802.2916750816214,1000,0,0.0,141.09375,2
1776852205.4929986,1715.3284611829756,1000,0,0.0,165.9140625,5
1776852206.6809034,1811.4469622240917,1000,0,0.0,140.90234375,2
1776852207.5056121,1802.2916750816214,1000,0,0.0,141.09375,2
1776852210.6792371,1715.3284611829756,1000,0,0.0,165.9140625,5
1776852211.8930225,1811.4469622240917,1000,0,0.0,140.90234375,2
1776852212.6811094,1802.2916750816214,1000,0,0.0,141.09375,2
1776852215.8647487,1715.3284611829756,1000,0,0.0,165.9140625,5
1776852217.0928612,1811.4469622240917,1000,0,0.0,140.90234375,2
1776852217.8787246,1802.2916750816214,1000,0,0.0,141.09375,2
1776852221.0481555,1715.3284611829756,1000,0,0.0,165.9140625,5
1776852222.2941415,1811.4469622240917,1000,0,0.0,140.90234375,2
1776852223.0804112,1802.2916750816214,1000,0,0.0,141.09375,2
1776852226.2297387,1715.3284611829756,1000,0,0.0,165.9140625,5
1776852227.5025737,1811.4469622240917,1000,0,0.0,140.90234375,2
1776852228.2656806,1802.2916750816214,1000,0,0.0,141.09375,2
1776852231.4030464,1715.3284611829756,1000,0,0.0,165.9140625,5
1776852232.749794,1811.4469622240917,1000,0,0.0,140.90234375,2
1776852233.4473338,1802.2916750816214,1000,0,0.0,141.09375,2
1776852236.5742087,1715.3284611829756,1000,0,0.0,165.9140625,5
1776852237.926657,1811.4469622240917,1000,0,0.0,140.90234375,2
1776852238.0351415,0.0,0,0,15.6,163.2734375,10
1776852238.632364,1802.2916750816214,1000,0,0.0,141.09375,2
1776852241.7692368,1715.3284611829756,1000,0,0.0,165.9140625,5
1776852243.1581864,1811.4469622240917,1000,0,0.0,140.90234375,2
1776852243.3205762,0.0,0,0,59.4,163.71484375,16
1776852243.8341806,1802.2916750816214,1000,0,0.0,141.09375,2
1776852246.9664779,1715.3284611829756,1000,0,0.0,165.9140625,5
1776852248.381131,1811.4469622240917,1000,0,0.0,140.90234375,2
1776852249.0317893,1802.2916750816214,1000,0,0.0,141.09375,2
1776852249.0485146,0.0,0,0,118.9,164.125,18
1776852252.1637673,1715.3284611829756,1000,0,0.0,165.9140625,5
1776852252.2006116,0.0,0,0,97.8,164.46484375,17
1776852253.585565,1811.4469622240917,1000,0,0.0,140.90234375,2
1776852254.2149587,1802.2916750816214,1000,0,0.0,141.09375,2
1776852255.3450706,0.0,0,0,106.9,164.48828125,18
1776852257.355871,1715.3284611829756,1000,0,0.0,165.9140625,5
1776852259.3176272,1811.4469622240917,1000,0,0.0,140.90234375,2
1776852259.4135463,1802.2916750816214,1000,0,0.0,141.09375,2
1776852260.9498043,0.0,0,0,103.8,164.4140625,15
1776852262.539872,1715.3284611829756,1000,0,0.0,165.9140625,5
1776852264.5113533,1811.4469622240917,1000,0,0.0,140.90234375,2
1776852264.606891,1802.2916750816214,1000,0,0.0,141.09375,2
1776852266.559063,0.0,0,0,91.3,164.4921875,18
1776852267.7385275,1715.3284611829756,1000,0,0.0,165.9140625,5
1776852268.8747067,0.0,0,0,0.0,164.48046875,13
1776852269.7019641,1811.4469622240917,1000,0,0.0,140.90234375,2
1776852269.7957952,1802.2916750816214,1000,0,0.0,141.09375,2
1776852272.9155483,1715.3284611829756,1000,0,0.0,165.9140625,5
1776852274.888005,1811.4469622240917,1000,0,0.0,140.90234375,2
1776852274.9808831,1802.2916750816214,1000,0,0.0,141.09375,2
1776852276.7215445,0.0,0,0,109.1,164.703125,17
1776852278.107295,1715.3284611829756,1000,0,0.0,165.9140625,5
1776852279.8634956,0.0,0,0,105.3,164.78125,19
1776852280.080638,1811.4469622240917,1000,0,0.0,140.90234375,2
1776852280.1746922,1802.2916750816214,1000,0,0.0,141.09375,2
1776852283.291278,1715.3284611829756,1000,0,0.0,165.9140625,5
1776852285.2650406,1811.4469622240917,1000,0,0.0,140.90234375,2
1776852285.3654869,1802.2916750816214,1000,0,0.0,141.09375,2
1776852288.472824,1715.3284611829756,1000,0,0.0,165.9140625,5
1776852290.4597585,1811.4469622240917,1000,0,0.0,140.90234375,2
1776852290.5489688,1802.2916750816214,1000,0,0.0,141.09375,2
1776852293.6537836,1715.3284611829756,1000,0,0.0,165.9140625,5
1776852295.6495626,1811.4469622240917,1000,0,0.0,140.90234375,2
1776852295.7259207,1802.2916750816214,1000,0,0.0,141.09375,2
1776852298.843882,1715.3284611829756,1000,0,0.0,165.9140625,5
1776852300.8240466,1811.4469622240917,1000,0,0.0,140.90234375,2
1776852300.9045432,1802.2916750816214,1000,0,0.0,141.09375,2
1776852304.0339758,1715.3284611829756,1000,0,0.0,165.9140625,5
1776852306.0032187,1811.4469622240917,1000,0,0.0,140.90234375,2
1776852306.0889938,1802.2916750816214,1000,0,0.0,141.09375,2
1776852309.2284038,1715.3284611829756,1000,0,0.0,165.9140625,5
1776852311.182688,1811.4469622240917,1000,0,0.0,140.90234375,2
1776852311.2718453,1802.2916750816214,1000,0,0.0,141.09375,2
1776852314.416232,1715.3284611829756,1000,0,0.0,165.9140625,5
1776852316.354703,1811.4469622240917,1000,0,0.0,140.90234375,2
1776852316.4598167,1802.2916750816214,1000,0,0.0,141.09375,2
1776852319.6518633,1715.3284611829756,1000,0,0.0,165.9140625,5
1776852321.5324407,1811.4469622240917,1000,0,0.0,140.90234375,2
1776852321.6463823,1802.2916750816214,1000,0,0.0,141.09375,2
1776852324.8339355,1715.3284611829756,1000,0,0.0,165.9140625,5
1776852326.7112522,1811.4469622240917,1000,0,0.0,140.90234375,2
1776852326.8264692,1802.2916750816214,1000,0,0.0,141.09375,2
1776852330.0133774,1715.3284611829756,1000,0,0.0,165.9140625,5
1776852331.9110644,1811.4469622240917,1000,0,0.0,140.90234375,2
1776852332.011173,1802.2916750816214,1000,0,0.0,141.09375,2
1776852335.2168071,1715.3284611829756,1000,0,0.0,165.9140625,5
1776852337.1142056,1811.4469622240917,1000,0,0.0,140.90234375,2
1776852337.213277,1802.2916750816214,1000,0,0.0,141.09375,2
1776852340.4209018,1715.3284611829756,1000,0,0.0,165.9140625,5
1776852342.3055575,1811.4469622240917,1000,0,0.0,140.90234375,2
1776852342.410244,1802.2916750816214,1000,0,0.0,141.09375,2
1776852345.6209018,1715.3284611829756,1000,0,0.0,165.9140625,5
1776852347.502973,1811.4469622240917,1000,0,0.0,140.90234375,2
1776852347.6007197,1802.2916750816214,1000,0,0.0,141.09375,2
1776852350.8157382,1715.3284611829756,1000,0,0.0,165.9140625,5
1776852352.6975636,1811.4469622240917,1000,0,0.0,140.90234375,2
1776852352.7906532,1802.2916750816214,1000,0,0.0,141.09375,2
1776852356.0486135,1715.3284611829756,1000,0,0.0,165.9140625,5
1776852357.8929667,1811.4469622240917,1000,0,0.0,140.90234375,2
1776852357.9939182,1802.2916750816214,1000,0,0.0,141.09375,2
1776852361.2805488,1715.3284611829756,1000,0,0.0,165.9140625,5
1776852363.146419,1811.4469622240917,1000,0,0.0,140.90234375,2
1776852363.24465,1802.2916750816214,1000,0,0.0,141.09375,2
1776852366.486094,1715.3284611829756,1000,0,0.0,165.9140625,5
1776852368.3902972,1811.4469622240917,1000,0,0.0,140.90234375,2
1776852368.4450574,1802.2916750816214,1000,0,0.0,141.09375,2
1776852370.2076247,0.0,0,0,15.5,161.56640625,10
1776852371.6817589,1715.3284611829756,1000,0,0.0,165.9140625,5
1776852373.6012251,1811.4469622240917,1000,0,0.0,140.90234375,2
1776852373.638531,1802.2916750816214,1000,0,0.0,141.09375,2
1776852375.4749277,0.0,0,0,99.8,161.9296875,16
1776852376.87388,1715.3284611829756,1000,0,0.0,165.9140625,5
1776852378.8205614,1802.2916750816214,1000,0,15.5,141.09375,2
1776852379.3410833,1811.4469622240917,1000,0,0.0,140.90234375,2
1776852381.1242898,0.0,0,0,94.1,162.53125,17
1776852382.07296,1715.3284611829756,1000,0,0.0,165.9140625,5
1776852382.1780357,0.0,0,0,100.8,162.8671875,0
1776852384.0187836,1802.2916750816214,1000,0,0.0,141.09375,2
1776852384.2678845,0.0,0,0,107.9,162.61328125,18
1776852384.5447125,1811.4469622240917,1000,0,0.0,140.90234375,2
1776852385.3150349,0.0,0,0,108.3,162.87109375,0
1776852387.2576957,1715.3284611829756,1000,0,0.0,165.9140625,5
1776852387.4253452,0.0,0,0,73.8,163.22265625,17
1776852389.2011883,1802.2916750816214,1000,0,0.0,141.09375,2
1776852390.266486,1811.4469622240917,1000,0,0.0,140.90234375,2
1776852392.4590774,1715.3284611829756,1000,0,0.0,165.9140625,5
1776852393.0077615,0.0,0,0,103.6,163.30078125,16
1776852394.3913765,1802.2916750816214,1000,0,0.0,141.09375,2
1776852395.4407198,1811.4469622240917,1000,0,0.0,140.90234375,2
1776852397.650995,1715.3284611829756,1000,0,0.0,165.9140625,5
1776852398.6252327,0.0,0,0,96.7,163.390625,17
1776852399.5057225,0.0,0,0,77.7,163.67578125,0
1776852399.5789819,1802.2916750816214,1000,0,0.0,141.09375,2
1776852400.6464016,1811.4469622240917,1000,0,0.0,140.90234375,2
1776852400.9805245,0.0,0,1,39.3,163.3984375,0
1776852402.8479393,1715.3284611829756,1000,0,0.0,165.9140625,5
1776852404.7667363,1802.2916750816214,1000,0,0.0,141.09375,2
1776852405.8536503,1811.4469622240917,1000,0,0.0,140.90234375,2
1776852408.0487354,1715.3284611829756,1000,0,0.0,165.9140625,5
1776852408.947682,0.0,0,0,70.6,164.65625,17
1776852409.9669936,1802.2916750816214,1000,0,0.0,141.09375,2
1776852409.9805346,0.0,0,0,98.7,165.10546875,0
1776852410.9517663,0.0,0,0,31.1,165.1328125,0
1776852411.0552778,1811.4469622240917,1000,0,0.0,140.90234375,2
1776852412.158962,0.0,0,0,105.5,164.91015625,19
1776852412.7909682,0.0,0,0,106.6,165.140625,0
1776852413.2370505,1715.3284611829756,1000,0,0.0,165.9140625,5
1776852413.8658834,0.0,0,0,109.1,165.19921875,0
1776852415.1474102,1802.2916750816214,1000,0,0.0,141.09375,2
1776852416.240253,1811.4469622240917,1000,0,0.0,140.90234375,2
1776852418.4202762,1715.3284611829756,1000,0,0.0,165.9140625,5
1776852420.320062,1802.2916750816214,1000,0,0.0,141.09375,2
1776852421.4096155,1811.4469622240917,1000,0,0.0,140.90234375,2
1776852423.6207209,1715.3284611829756,1000,0,0.0,165.9140625,5
1776852423.7142262,0.0,0,0,82.9,82.58203125,15
1776852424.507334,11.8015020923357,12,0,31.2,84.90234375,0
1776852425.505568,1802.2916750816214,1000,0,0.0,141.09375,2
1776852426.587162,1811.4469622240917,1000,0,0.0,140.90234375,2
1776852428.8083384,1715.3284611829756,1000,0,0.0,165.9140625,5
1776852430.6880085,1802.2916750816214,1000,0,0.0,141.09375,2
1776852431.7618558,1811.4469622240917,1000,0,0.0,140.90234375,2
1776852433.9854672,1715.3284611829756,1000,0,0.0,165.9140625,5
1776852435.8774161,1802.2916750816214,1000,0,0.0,141.09375,2
1776852436.9633675,1811.4469622240917,1000,0,0.0,140.90234375,2
1776852439.161792,1715.3284611829756,1000,0,0.0,165.9140625,5
1776852441.0553372,1802.2916750816214,1000,0,0.0,141.09375,2
1776852442.1526108,1811.4469622240917,1000,0,0.0,140.90234375,2
1776852444.3432658,1715.3284611829756,1000,0,0.0,165.9140625,5
1776852446.2464936,1802.2916750816214,1000,0,0.0,141.09375,2
1776852447.3318965,1811.4469622240917,1000,0,0.0,140.90234375,2
1776852449.5169888,1715.3284611829756,1000,0,0.0,165.9140625,5
1776852451.4179275,1802.2916750816214,1000,0,0.0,141.09375,2
1776852452.5309463,1811.4469622240917,1000,0,0.0,140.90234375,2
1776852454.6924663,1715.3284611829756,1000,0,0.0,165.9140625,5
1776852456.6024656,1802.2916750816214,1000,0,0.0,141.09375,2
1776852457.7207594,1811.4469622240917,1000,0,0.0,140.90234375,2
1776852459.87343,1715.3284611829756,1000,0,0.0,165.9140625,5
1776852461.7755537,1802.2916750816214,1000,0,0.0,141.09375,2
1776852462.9156194,1811.4469622240917,1000,0,0.0,140.90234375,2
1776852465.0440242,1715.3284611829756,1000,0,0.0,165.9140625,5
1776852466.9510639,1802.2916750816214,1000,0,0.0,141.09375,2
1776852468.099408,1811.4469622240917,1000,0,0.0,140.90234375,2
1776852470.212647,1715.3284611829756,1000,0,0.0,165.9140625,5
1776852471.0196326,0.0,0,0,15.6,162.91796875,10
1776852472.1279893,1802.2916750816214,1000,0,0.0,141.09375,2
1776852473.2843173,1811.4469622240917,1000,0,0.0,140.90234375,2
1776852475.3989663,1715.3284611829756,1000,0,0.0,165.9140625,5
1776852476.2609596,0.0,0,0,94.4,163.421875,17
1776852477.3823683,1802.2916750816214,1000,0,0.0,141.09375,2
1776852478.4719355,1811.4469622240917,1000,0,0.0,140.90234375,2
1776852480.5766003,1715.3284611829756,1000,0,0.0,165.9140625,5
1776852481.9071767,0.0,0,0,91.9,163.5,17
1776852482.5740016,1802.2916750816214,1000,0,0.0,141.09375,2
1776852482.8321412,0.0,0,0,90.6,163.8046875,0
1776852483.664639,1811.4469622240917,1000,0,0.0,140.90234375,2
1776852485.5204296,0.0,0,0,89.8,163.8046875,16
1776852485.7555745,1715.3284611829756,1000,0,0.0,165.9140625,5
1776852486.6202266,0.0,0,0,100.9,164.109375,0
1776852487.7563705,1802.2916750816214,1000,0,0.0,141.09375,2
1776852488.29575,0.0,0,0,86.3,163.85546875,18
1776852488.8172002,1811.4469622240917,1000,0,0.0,140.90234375,2
1776852490.9297776,1715.3284611829756,1000,0,0.0,165.9140625,5
1776852492.9156697,1802.2916750816214,1000,0,0.0,141.09375,2
1776852493.8785796,0.0,0,0,108.5,163.85546875,18
1776852493.9814491,1811.4469622240917,1000,0,0.0,140.90234375,2
1776852496.095124,1715.3284611829756,1000,0,0.0,165.9140625,5
1776852498.0845263,1802.2916750816214,1000,0,0.0,141.09375,2
1776852499.1435647,1811.4469622240917,1000,0,0.0,140.90234375,2
1776852499.3862154,0.0,0,0,101.6,163.91015625,20
1776852500.226272,0.0,0,0,93.0,164.11328125,0
1776852501.2613666,1715.3284611829756,1000,0,0.0,165.9140625,5
1776852501.2476938,0.0,0,0,82.3,164.1171875,0
1776852502.6581938,0.0,0,1,21.8,163.79296875,0
1776852502.6582987,0.0,0,0,0.0,163.79296875,13
1776852503.2502315,1802.2916750816214,1000,0,0.0,141.09375,2
1776852503.870794,6.906841789786387,1,1,0.0,163.71484375,10
1776852504.3486,1811.4469622240917,1000,0,0.0,140.90234375,2
1776852506.418404,1715.3284611829756,1000,0,0.0,165.9140625,5
1776852508.4132967,1802.2916750816214,1000,0,0.0,141.09375,2
1776852509.5279663,1811.4469622240917,1000,0,0.0,140.90234375,2
1776852511.5771303,1715.3284611829756,1000,0,0.0,165.9140625,5
1776852511.8287876,0.0,0,0,92.0,163.98046875,18
1776852512.6466153,0.0,0,0,106.2,164.2421875,0
1776852513.5870576,1802.2916750816214,1000,0,0.0,141.09375,2
1776852514.6945064,1811.4469622240917,1000,0,0.0,140.90234375,2
1776852514.9192166,0.0,0,0,98.3,163.9921875,18
1776852515.4844599,0.0,0,0,96.6,164.2421875,0
1776852516.7455192,1715.3284611829756,1000,0,0.0,165.9140625,5
1776852516.792957,0.0,0,0,96.0,164.2421875,0
1776852519.2771168,1802.2916750816214,1000,0,0.0,141.09375,2
1776852519.8697472,1811.4469622240917,1000,0,0.0,140.90234375,2
1776852521.9263556,1715.3284611829756,1000,0,0.0,165.9140625,5
1776852524.44882,1802.2916750816214,1000,0,0.0,141.09375,2
1776852525.0348449,1811.4469622240917,1000,0,0.0,140.90234375,2
1776852527.0965474,1715.3284611829756,1000,0,0.0,165.9140625,5
1776852529.2339342,0.0,0,0,91.5,60.1875,14
1776852529.6140194,1802.2916750816214,1000,0,0.0,141.09375,2
1776852530.209924,1811.4469622240917,1000,0,0.0,140.90234375,2
1776852530.241215,0.0,0,0,105.1,60.62890625,0
1776852531.4163053,0.0,0,0,100.4,60.73828125,0
1776852532.2759242,1715.3284611829756,1000,0,0.0,165.9140625,5
1776852532.6073563,0.0,0,0,96.7,60.73828125,0
1776852532.7667472,0.0,0,0,0.0,60.28125,5
1776852535.2864485,1802.2916750816214,1000,0,0.0,141.09375,2
1776852535.3821907,1811.4469622240917,1000,0,0.0,140.90234375,2
1776852537.4425623,1715.3284611829756,1000,0,0.0,165.9140625,5
1776852540.4492173,1802.2916750816214,1000,0,0.0,141.09375,2
1776852540.543707,1811.4469622240917,1000,0,0.0,140.90234375,2
1776852542.6069665,1715.3284611829756,1000,0,0.0,165.9140625,5
1776852545.6077268,1802.2916750816214,1000,0,0.0,141.09375,2
1776852545.709367,1811.4469622240917,1000,0,0.0,140.90234375,2
1776852547.7671003,1715.3284611829756,1000,0,0.0,165.9140625,5
1776852550.7737486,1802.2916750816214,1000,0,0.0,141.09375,2
1776852550.872692,1811.4469622240917,1000,0,0.0,140.90234375,2
1776852552.922474,1715.3284611829756,1000,0,0.0,165.9140625,5
1776852555.9495687,1802.2916750816214,1000,0,0.0,141.09375,2
1776852556.051651,1811.4469622240917,1000,0,0.0,140.90234375,2
1776852558.0890763,1715.3284611829756,1000,0,0.0,165.9140625,5
1776852561.1145935,1802.2916750816214,1000,0,0.0,141.09375,2
1776852561.21772,1811.4469622240917,1000,0,0.0,140.90234375,2
1776852563.2514503,1715.3284611829756,1000,0,0.0,165.9140625,5
1776852566.2676654,1802.2916750816214,1000,0,0.0,141.09375,2
1776852566.3778465,1811.4469622240917,1000,0,0.0,140.90234375,2
1776852568.4154532,1715.3284611829756,1000,0,0.0,165.9140625,5
1776852571.4330897,1802.2916750816214,1000,0,0.0,141.09375,2
1776852571.548395,1811.4469622240917,1000,0,0.0,140.90234375,2
1776852573.5918307,1715.3284611829756,1000,0,0.0,165.9140625,5
1776852576.6048808,1802.2916750816214,1000,0,0.0,141.09375,2
1776852576.7135131,1811.4469622240917,1000,0,0.0,140.90234375,2
1776852578.7486637,1715.3284611829756,1000,0,0.0,165.9140625,5
1776852581.7803164,1802.2916750816214,1000,0,0.0,141.09375,2
1776852581.8814583,1811.4469622240917,1000,0,0.0,140.90234375,2
1776852583.9173431,1715.3284611829756,1000,0,0.0,165.9140625,5
1776852585.3145568,0.0,0,0,15.6,161.44921875,10
1776852586.9499357,1802.2916750816214,1000,0,0.0,141.09375,2
1776852587.0532787,1811.4469622240917,1000,0,0.0,140.90234375,2
1776852589.0820427,1715.3284611829756,1000,0,0.0,165.9140625,5
1776852590.536145,0.0,0,0,101.0,161.76171875,17
1776852592.1295717,1802.2916750816214,1000,0,0.0,141.09375,2
1776852592.2219725,1811.4469622240917,1000,0,0.0,140.90234375,2
1776852594.2446315,1715.3284611829756,1000,0,0.0,165.9140625,5
1776852596.3276503,0.0,0,0,104.1,162.08984375,17
1776852597.3065948,1802.2916750816214,1000,0,0.0,141.09375,2
1776852597.3952212,1811.4469622240917,1000,0,0.0,140.90234375,2
1776852597.5335567,0.0,0,0,76.1,162.44921875,0
1776852599.4269466,1715.3284611829756,1000,0,0.0,165.9140625,5
1776852599.4381816,0.0,0,0,105.5,162.2421875,17
1776852600.463219,0.0,0,0,90.5,162.52734375,0
1776852601.9834373,0.0,0,0,103.7,162.24609375,17
1776852602.470868,1802.2916750816214,1000,0,0.0,141.09375,2
1776852602.5684748,1811.4469622240917,1000,0,0.0,140.90234375,2
1776852604.6104856,1715.3284611829756,1000,0,0.0,165.9140625,5
1776852607.6426363,1802.2916750816214,1000,0,0.0,141.09375,2
1776852607.6082964,0.0,0,0,105.2,162.2734375,18
1776852607.745688,1811.4469622240917,1000,0,0.0,140.90234375,2
1776852609.7750885,1715.3284611829756,1000,0,0.0,165.9140625,5
1776852612.8001661,1802.2916750816214,1000,0,0.0,141.09375,2
1776852612.9210465,1811.4469622240917,1000,0,0.0,140.90234375,2
1776852613.235729,0.0,0,0,107.8,162.359375,19
1776852614.2432253,0.0,0,0,103.2,162.66015625,0
1776852614.94346,1715.3284611829756,1000,0,0.0,165.9140625,5
1776852616.2643971,0.0,0,0,0.0,162.2109375,10
1776852617.4366953,983.4241500586166,1,1,0.0,162.21484375,10
1776852617.9612389,1802.2916750816214,1000,0,0.0,141.09375,2
1776852618.0900626,1811.4469622240917,1000,0,0.0,140.90234375,2
1776852620.1091158,1715.3284611829756,1000,0,0.0,165.9140625,5
1776852623.1259618,1802.2916750816214,1000,0,0.0,141.09375,2
1776852623.255132,1811.4469622240917,1000,0,0.0,140.90234375,2
1776852625.2778957,1715.3284611829756,1000,0,0.0,165.9140625,5
1776852625.5988793,0.0,0,0,82.4,163.13671875,16
1776852626.622935,0.0,0,0,102.9,163.44140625,0
1776852628.2932713,1802.2916750816214,1000,0,0.0,141.09375,2
1776852628.4263237,1811.4469622240917,1000,0,0.0,140.90234375,2
1776852628.5811613,0.0,0,0,109.0,163.13671875,16
1776852629.6626396,0.0,0,0,102.6,163.44140625,0
1776852630.4659238,1715.3284611829756,1000,0,0.0,165.9140625,5
1776852633.4638832,1802.2916750816214,1000,0,0.0,141.09375,2
1776852633.59157,1811.4469622240917,1000,0,0.0,140.90234375,2
1776852635.6425467,1715.3284611829756,1000,0,0.0,165.9140625,5
1776852638.649275,1802.2916750816214,1000,0,0.0,141.09375,2
1776852638.767256,1811.4469622240917,1000,0,0.0,140.90234375,2
1776852640.831704,1715.3284611829756,1000,0,0.0,165.9140625,5
1776852643.8153203,1802.2916750816214,1000,0,0.0,141.09375,2
1776852643.9360676,1811.4469622240917,1000,0,0.0,140.90234375,2
1776852646.0008297,1715.3284611829756,1000,0,0.0,165.9140625,5
1776852648.972277,1802.2916750816214,1000,0,0.0,141.09375,2
1776852649.1031787,1811.4469622240917,1000,0,0.0,140.90234375,2
1776852651.1857908,1715.3284611829756,1000,0,0.0,165.9140625,5
1776852654.129906,1802.2916750816214,1000,0,0.0,141.09375,2
1776852654.262281,1811.4469622240917,1000,0,0.0,140.90234375,2
1776852656.3529491,1715.3284611829756,1000,0,0.0,165.9140625,5
1776852659.2887228,1802.2916750816214,1000,0,0.0,141.09375,2
1776852659.4239545,1811.4469622240917,1000,0,0.0,140.90234375,2
1776852661.5116773,1715.3284611829756,1000,0,0.0,165.9140625,5
1776852664.4485343,1802.2916750816214,1000,0,0.0,141.09375,2
1776852664.5858665,1811.4469622240917,1000,0,0.0,140.90234375,2
1776852666.6757023,1715.3284611829756,1000,0,0.0,165.9140625,5
1776852669.6142063,1802.2916750816214,1000,0,0.0,141.09375,2
1776852669.7503798,1811.4469622240917,1000,0,0.0,140.90234375,2
1776852671.852718,1715.3284611829756,1000,0,0.0,165.9140625,5
1776852674.7801805,1802.2916750816214,1000,0,0.0,141.09375,2
1776852674.9177465,1811.4469622240917,1000,0,0.0,140.90234375,2
1776852677.0181847,1715.3284611829756,1000,0,0.0,165.9140625,5
1776852679.9448557,1802.2916750816214,1000,0,0.0,141.09375,2
1776852680.0823512,1811.4469622240917,1000,0,0.0,140.90234375,2
1776852682.1802566,1715.3284611829756,1000,0,0.0,165.9140625,5
1776852685.148113,1802.2916750816214,1000,0,0.0,141.09375,2
1776852685.2709692,1811.4469622240917,1000,0,0.0,140.90234375,2
1776852687.3407996,1715.3284611829756,1000,0,0.0,165.9140625,5
1776852690.3176897,1802.2916750816214,1000,0,0.0,141.09375,2
1776852690.4423974,1811.4469622240917,1000,0,0.0,140.90234375,2
1776852692.5014677,1715.3284611829756,1000,0,0.0,165.9140625,5
1776852695.4862318,1802.2916750816214,1000,0,0.0,141.09375,2
1776852695.6187062,1811.4469622240917,1000,0,0.0,140.90234375,2
1776852697.6647708,1715.3284611829756,1000,0,0.0,165.9140625,5
1776852700.65813,1802.2916750816214,1000,0,0.0,141.09375,2
1776852700.7941797,1811.4469622240917,1000,0,0.0,140.90234375,2
1776852702.8331306,1715.3284611829756,1000,0,0.0,165.9140625,5
1776852705.817355,1802.2916750816214,1000,0,0.0,141.09375,2
1776852705.966648,1811.4469622240917,1000,0,0.0,140.90234375,2
1776852707.9981859,1715.3284611829756,1000,0,0.0,165.9140625,5
1776852710.97787,1802.2916750816214,1000,0,0.0,141.09375,2
1776852711.130459,1811.4469622240917,1000,0,0.0,140.90234375,2
1776852713.1592534,1715.3284611829756,1000,0,0.0,165.9140625,5
1776852716.1377518,1802.2916750816214,1000,0,0.0,141.09375,2
1776852716.294555,1811.4469622240917,1000,0,0.0,140.90234375,2
1776852718.3194969,1715.3284611829756,1000,0,0.0,165.9140625,5
1776852721.2970474,1802.2916750816214,1000,0,0.0,141.09375,2
1776852721.4567993,1811.4469622240917,1000,0,0.0,140.90234375,2
1776852723.4830642,1715.3284611829756,1000,0,0.0,165.9140625,5
1776852726.455818,1802.2916750816214,1000,0,0.0,141.09375,2
1776852726.6170843,1811.4469622240917,1000,0,0.0,140.90234375,2
1776852728.6425557,1715.3284611829756,1000,0,0.0,165.9140625,5
1776852731.6165724,1802.2916750816214,1000,0,0.0,141.09375,2
1776852731.7754602,1811.4469622240917,1000,0,0.0,140.90234375,2
1776852733.807729,1715.3284611829756,1000,0,0.0,165.9140625,5
1776852736.774671,1802.2916750816214,1000,0,0.0,141.09375,2
1776852736.9447994,1811.4469622240917,1000,0,0.0,140.90234375,2
1776852739.0096622,1715.3284611829756,1000,0,0.0,165.9140625,5
1776852741.9353297,1802.2916750816214,1000,0,0.0,141.09375,2
1776852742.1065664,1811.4469622240917,1000,0,0.0,140.90234375,2
1776852744.1788042,1715.3284611829756,1000,0,0.0,165.9140625,5
1776852747.0966375,1802.2916750816214,1000,0,0.0,141.09375,2
1776852747.2713614,1811.4469622240917,1000,0,0.0,140.90234375,2
1776852749.3878255,1715.3284611829756,1000,0,0.0,165.9140625,5
1776852752.2541678,1802.2916750816214,1000,0,0.0,141.09375,2
1776852752.4328191,1811.4469622240917,1000,0,0.0,140.90234375,2
1776852754.545978,1715.3284611829756,1000,0,0.0,165.9140625,5
1776852757.4181497,1802.2916750816214,1000,0,0.0,141.09375,2
1776852757.611339,1811.4469622240917,1000,0,0.0,140.90234375,2
1776852759.704061,1715.3284611829756,1000,0,0.0,165.9140625,5
1776852762.5714355,1802.2916750816214,1000,0,0.0,141.09375,2
1776852762.7792406,1811.4469622240917,1000,0,0.0,140.90234375,2
1776852764.8735263,1715.3284611829756,1000,0,0.0,165.9140625,5
1776852767.7309208,1802.2916750816214,1000,0,0.0,141.09375,2
1776852767.9396608,1811.4469622240917,1000,0,0.0,140.90234375,2
1776852770.0307562,1715.3284611829756,1000,0,0.0,165.9140625,5
1776852772.8900344,1802.2916750816214,1000,0,0.0,141.09375,2
1776852773.101387,1811.4469622240917,1000,0,0.0,140.90234375,2
1776852775.1921704,1715.3284611829756,1000,0,0.0,165.9140625,5
1776852778.0564015,1802.2916750816214,1000,0,0.0,141.09375,2
1776852778.2635205,1811.4469622240917,1000,0,0.0,140.90234375,2
1776852780.3506653,1715.3284611829756,1000,0,0.0,165.9140625,5
1776852783.2229178,1802.2916750816214,1000,0,0.0,141.09375,2
1776852783.436149,1811.4469622240917,1000,0,0.0,140.90234375,2
1776852785.507238,1715.3284611829756,1000,0,0.0,165.89453125,4
1776852788.3740187,1802.2916750816214,1000,0,0.0,141.09375,2
1776852788.6043818,1811.4469622240917,1000,0,0.0,140.90234375,2
1776852790.663857,1715.3284611829756,1000,0,0.0,165.89453125,4
1776852793.5258276,1802.2916750816214,1000,0,0.0,141.09375,2
1776852793.7707644,1811.4469622240917,1000,0,0.0,140.90234375,2
1776852795.8242378,1715.3284611829756,1000,0,0.0,165.89453125,4
1776852798.681819,1802.2916750816214,1000,0,0.0,141.09375,2
1776852798.9335399,1811.4469622240917,1000,0,0.0,140.90234375,2
1776852800.980653,1715.3284611829756,1000,0,0.0,165.89453125,4
1776852803.8392286,1802.2916750816214,1000,0,15.6,141.09375,2
1776852804.0976346,1811.4469622240917,1000,0,0.0,140.90234375,2
1776852806.1399348,1715.3284611829756,1000,0,0.0,165.9140625,5
1776852808.997232,1802.2916750816214,1000,0,0.0,141.09375,2
1776852809.2602916,1811.4469622240917,1000,0,0.0,140.90234375,2
1776852811.2984295,1715.3284611829756,1000,0,0.0,165.9140625,5
1776852814.154844,1802.2916750816214,1000,0,0.0,141.09375,2
1776852814.4234655,1811.4469622240917,1000,0,0.0,140.90234375,2
1776852816.4552135,1715.3284611829756,1000,0,0.0,165.9140625,5
1776852819.3117611,1802.2916750816214,1000,0,0.0,141.09375,2
1776852819.583818,1811.4469622240917,1000,0,0.0,140.90234375,2
1776852821.612437,1715.3284611829756,1000,0,0.0,165.9140625,5
1776852824.4692433,1802.2916750816214,1000,0,0.0,141.09375,2
1776852824.744374,1811.4469622240917,1000,0,0.0,140.90234375,2
1776852826.7696524,1715.3284611829756,1000,0,0.0,165.9140625,5
1776852829.626507,1802.2916750816214,1000,0,0.0,141.09375,2
1776852829.9056969,1811.4469622240917,1000,0,0.0,140.90234375,2
1776852831.9263673,1715.3284611829756,1000,0,0.0,165.9140625,5
1776852834.783559,1802.2916750816214,1000,0,0.0,141.09375,2
1776852835.0668533,1811.4469622240917,1000,0,0.0,140.90234375,2
1776852837.084598,1715.3284611829756,1000,0,0.0,165.9140625,5
1776852839.941013,1802.2916750816214,1000,0,0.0,141.09375,2
1776852840.2279017,1811.4469622240917,1000,0,0.0,140.90234375,2
1776852842.24122,1715.3284611829756,1000,0,0.0,165.9140625,5
1776852845.0982869,1802.2916750816214,1000,0,0.0,141.09375,2
1776852845.3857422,1811.4469622240917,1000,0,0.0,140.90234375,2
1776852847.4062397,1715.3284611829756,1000,0,0.0,165.9140625,5
1776852850.25498,1802.2916750816214,1000,0,0.0,141.09375,2
1776852850.5451775,1811.4469622240917,1000,0,0.0,140.90234375,2
1776852852.5684907,1715.3284611829756,1000,0,0.0,165.9140625,5
1776852855.414178,1802.2916750816214,1000,0,0.0,141.09375,2
1776852855.7065356,1811.4469622240917,1000,0,0.0,140.90234375,2
1776852857.729919,1715.3284611829756,1000,0,0.0,165.9140625,5
1776852860.571692,1802.2916750816214,1000,0,0.0,141.09375,2
1776852860.8687565,1811.4469622240917,1000,0,0.0,140.90234375,2
1776852862.8908732,1715.3284611829756,1000,0,0.0,165.9140625,5
1776852865.7237234,1802.2916750816214,1000,0,0.0,141.09375,2
1776852866.0296052,1811.4469622240917,1000,0,0.0,140.90234375,2
1776852868.047875,1715.3284611829756,1000,0,0.0,165.9140625,5
1776852870.8836079,1802.2916750816214,1000,0,0.0,141.09375,2
1776852871.1929953,1811.4469622240917,1000,0,0.0,140.90234375,2
1776852873.208964,1715.3284611829756,1000,0,0.0,165.9140625,5
1776852876.0440705,1802.2916750816214,1000,0,0.0,141.09375,2
1776852876.3550813,1811.4469622240917,1000,0,0.0,140.90234375,2
1776852878.3671832,1715.3284611829756,1000,0,0.0,165.9140625,5
1776852881.2039535,1802.2916750816214,1000,0,0.0,141.09375,2
1776852881.5160983,1811.4469622240917,1000,0,0.0,140.90234375,2
1776852883.522385,1715.3284611829756,1000,0,0.0,165.9140625,5
1776852886.362402,1802.2916750816214,1000,0,0.0,141.09375,2
1776852886.6768067,1811.4469622240917,1000,0,0.0,140.90234375,2
1776852888.6792119,1715.3284611829756,1000,0,0.0,165.9140625,5
1776852891.5211232,1802.2916750816214,1000,0,0.0,141.09375,2
1776852891.8371732,1811.4469622240917,1000,0,0.0,140.90234375,2
1776852893.8382761,1715.3284611829756,1000,0,0.0,165.9140625,5
1776852896.6769092,1802.2916750816214,1000,0,0.0,141.09375,2
1776852896.9991071,1811.4469622240917,1000,0,0.0,140.90234375,2
1776852898.9966233,1715.3284611829756,1000,0,0.0,165.9140625,5
1776852901.8351364,1802.2916750816214,1000,0,0.0,141.09375,2
1776852902.1655562,1811.4469622240917,1000,0,0.0,140.90234375,2
1776852904.179428,1715.3284611829756,1000,0,0.0,165.9140625,5
1776852906.993361,1802.2916750816214,1000,0,0.0,141.09375,2
1776852907.3390746,1811.4469622240917,1000,0,0.0,140.90234375,2
1776852909.3390443,1715.3284611829756,1000,0,0.0,165.9140625,5
1776852912.1545737,1802.2916750816214,1000,0,0.0,141.09375,2
1776852912.5061862,1811.4469622240917,1000,0,0.0,140.90234375,2
1776852914.4981458,1715.3284611829756,1000,0,0.0,165.9140625,5
1776852917.313959,1802.2916750816214,1000,0,0.0,141.09375,2
1776852917.6740751,1811.4469622240917,1000,0,0.0,140.90234375,2
1776852919.6598547,1715.3284611829756,1000,0,0.0,165.9140625,5
1776852922.4727094,1802.2916750816214,1000,0,0.0,141.09375,2
1776852922.8385923,1811.4469622240917,1000,0,0.0,140.90234375,2
1776852924.8215919,1715.3284611829756,1000,0,0.0,165.9140625,5
1776852927.633403,1802.2916750816214,1000,0,0.0,141.09375,2
1776852928.0068762,1811.4469622240917,1000,0,0.0,140.90234375,2
1776852929.9815106,1715.3284611829756,1000,0,0.0,165.9140625,5
1776852932.7932827,1802.2916750816214,1000,0,0.0,141.09375,2
1776852933.1988814,1811.4469622240917,1000,0,0.0,140.90234375,2
1776852935.144753,1715.3284611829756,1000,0,0.0,165.9140625,5
1776852937.9515214,1802.2916750816214,1000,0,0.0,141.09375,2
1776852938.3809712,1811.4469622240917,1000,0,0.0,140.90234375,2
1776852940.311177,1715.3284611829756,1000,0,0.0,165.9140625,5
1776852943.1093173,1802.2916750816214,1000,0,0.0,141.09375,2
1776852943.5445218,1811.4469622240917,1000,0,0.0,140.90234375,2
1776852945.4752312,1715.3284611829756,1000,0,0.0,165.9140625,5
1776852948.2710772,1802.2916750816214,1000,0,0.0,141.09375,2
1776852948.7142675,1811.4469622240917,1000,0,0.0,140.90234375,2
1776852950.6430871,1715.3284611829756,1000,0,0.0,165.9140625,5
1776852953.430924,1802.2916750816214,1000,0,0.0,141.09375,2
1776852953.8767858,1811.4469622240917,1000,0,0.0,140.90234375,2
1776852955.813597,1715.3284611829756,1000,0,0.0,165.9140625,5
1776852958.5905037,1802.2916750816214,1000,0,0.0,141.09375,2
1776852959.0451365,1811.4469622240917,1000,0,0.0,140.91015625,2
1776852960.9764268,1715.3284611829756,1000,0,0.0,165.93359375,5
1776852963.7502587,1802.2916750816214,1000,0,0.0,141.09375,2
1776852964.2358358,1811.4469622240917,1000,0,0.0,140.91015625,2
1776852966.1457806,1715.3284611829756,1000,0,0.0,229.19140625,5
1776852968.9113944,1802.2916750816214,1000,0,0.0,141.09375,2
1776852969.4019475,1811.4469622240917,1000,0,0.0,140.91015625,2
1776852971.3064587,1715.3284611829756,1000,0,0.0,276.875,5
1776852974.068929,1802.2916750816214,1000,0,0.0,141.09375,2
1776852974.5709715,1811.4469622240917,1000,0,0.0,140.91015625,2
1776852976.4636369,1715.3284611829756,1000,0,0.0,276.875,5
1776852979.2282832,1802.2916750816214,1000,0,0.0,141.09375,2
1776852979.739407,1811.4469622240917,1000,0,0.0,140.91015625,2
1776852981.6232378,1715.3284611829756,1000,0,0.0,276.875,5
1776852984.3895757,1802.2916750816214,1000,0,0.0,141.09375,2
1776852984.910776,1811.4469622240917,1000,0,0.0,140.91015625,2
1776852986.7761636,1715.3284611829756,1000,0,0.0,276.875,5
1776852989.5487998,1802.2916750816214,1000,0,0.0,141.09375,2
1776852990.079862,1811.4469622240917,1000,0,0.0,140.91015625,2
1776852991.9390447,1715.3284611829756,1000,0,0.0,276.875,5
1776852994.7081673,1802.2916750816214,1000,0,0.0,141.09375,2
1776852995.2417276,1811.4469622240917,1000,0,0.0,140.91015625,2
1776852997.098814,1715.3284611829756,1000,0,0.0,276.875,5
1776852999.867663,1802.2916750816214,1000,0,0.0,141.09375,2
1776853000.409936,1811.4469622240917,1000,0,0.0,140.91015625,2
1776853002.2605417,1715.3284611829756,1000,0,0.0,276.875,5
1776853005.026532,1802.2916750816214,1000,0,0.0,141.09375,2
1776853005.5784285,1811.4469622240917,1000,0,0.0,140.91015625,2
1776853007.4207842,1715.3284611829756,1000,0,0.0,276.875,5
1776853010.1881976,1802.2916750816214,1000,0,0.0,141.09375,2
1776853010.7474017,1811.4469622240917,1000,0,0.0,140.91015625,2
1776853012.5831351,1715.3284611829756,1000,0,0.0,276.875,5
1776853015.3575275,1802.2916750816214,1000,0,0.0,141.09375,2
1776853015.9071486,1811.4469622240917,1000,0,0.0,140.91015625,2
1776853017.746501,1715.3284611829756,1000,0,0.0,276.875,5
1776853020.5162299,1802.2916750816214,1000,0,0.0,141.09375,2
1776853021.069887,1811.4469622240917,1000,0,0.0,140.91015625,2
1776853022.9106297,1715.3284611829756,1000,0,0.0,276.875,5
1776853025.66949,1802.2916750816214,1000,0,0.0,141.09375,2
1776853026.2418747,1811.4469622240917,1000,0,0.0,140.91015625,2
1776853028.0758832,1715.3284611829756,1000,0,0.0,276.875,5
1776853030.8305097,1802.2916750816214,1000,0,0.0,141.09375,2
1776853031.4099154,1811.4469622240917,1000,0,0.0,140.91015625,2
1776853033.241062,1715.3284611829756,1000,0,0.0,276.875,5
1776853035.9924498,1802.2916750816214,1000,0,0.0,141.09375,2
1776853036.5797744,1811.4469622240917,1000,0,0.0,140.91015625,2
1776853038.4041393,1715.3284611829756,1000,0,0.0,276.875,5
1776853041.1551163,1802.2916750816214,1000,0,0.0,141.09375,2
1776853041.7565336,1811.4469622240917,1000,0,0.0,140.91015625,2
1776853043.5644,1715.3284611829756,1000,0,0.0,276.875,5
1776853046.3191862,1802.2916750816214,1000,0,0.0,141.09375,2
1776853046.9198012,1811.4469622240917,1000,0,0.0,140.91015625,2
1776853048.7234454,1715.3284611829756,1000,0,0.0,276.875,5
1776853051.479114,1802.2916750816214,1000,0,0.0,141.09375,2
1776853052.088586,1811.4469622240917,1000,0,0.0,140.91015625,2
1776853053.8892264,1715.3284611829756,1000,0,0.0,276.85546875,4
1776853056.6409895,1802.2916750816214,1000,0,0.0,141.09375,2
1776853057.257587,1811.4469622240917,1000,0,0.0,140.91015625,2
1776853059.0537372,1715.3284611829756,1000,0,0.0,276.85546875,4
1776853061.8005228,1802.2916750816214,1000,0,0.0,141.09375,2
1776853062.4268272,1811.4469622240917,1000,0,0.0,140.91015625,2
1776853064.2168345,1715.3284611829756,1000,0,0.0,276.85546875,4
1776853066.961297,1802.2916750816214,1000,0,0.0,141.09375,2
1776853067.5938115,1811.4469622240917,1000,0,0.0,140.91015625,2
1776853069.380313,1715.3284611829756,1000,0,0.0,276.85546875,4
1776853072.1224294,1802.2916750816214,1000,0,0.0,141.09375,2
1776853072.7643988,1811.4469622240917,1000,0,0.0,140.91015625,2
1776853074.5405724,1715.3284611829756,1000,0,0.0,276.875,5
1776853077.2817757,1802.2916750816214,1000,0,0.0,141.09375,2
1776853077.9398315,1811.4469622240917,1000,0,0.0,140.91015625,2
1776853079.7041018,1715.3284611829756,1000,0,0.0,276.875,5
1776853082.4446712,1802.2916750816214,1000,0,0.0,141.09375,2
1776853083.1138957,1811.4469622240917,1000,0,0.0,140.91015625,2
1776853084.868408,1715.3284611829756,1000,0,0.0,276.875,5
1776853087.6052706,1802.2916750816214,1000,0,0.0,141.09375,2
1776853088.2834473,1811.4469622240917,1000,0,0.0,140.91015625,2
1776853090.029371,1715.3284611829756,1000,0,0.0,276.875,5
1776853092.7663076,1802.2916750816214,1000,0,0.0,141.09375,2
1776853093.4466615,1811.4469622240917,1000,0,0.0,140.91015625,2
1776853095.1935291,1715.3284611829756,1000,0,0.0,276.875,5
1776853097.928437,1802.2916750816214,1000,0,0.0,141.09375,2
1776853098.6173708,1811.4469622240917,1000,0,0.0,140.91015625,2
1776853100.3571403,1715.3284611829756,1000,0,0.0,276.875,5
1776853103.0893307,1802.2916750816214,1000,0,0.0,141.09375,2
1776853103.787009,1811.4469622240917,1000,0,0.0,140.91015625,2
1776853105.5563078,1715.3284611829756,1000,0,0.0,276.875,5
1776853108.2615201,1802.2916750816214,1000,0,0.0,141.09375,2
1776853108.9521804,1811.4469622240917,1000,0,0.0,140.91015625,2
1776853110.739378,1715.3284611829756,1000,0,0.0,276.875,5
1776853113.4316056,1802.2916750816214,1000,0,0.0,141.09375,2
1776853114.1274185,1811.4469622240917,1000,0,0.0,140.91015625,2
1776853115.9113626,1715.3284611829756,1000,0,0.0,276.875,5
1776853118.6012118,1802.2916750816214,1000,0,0.0,141.09375,2
1776853119.301031,1811.4469622240917,1000,0,0.0,140.91015625,2
1776853121.0796685,1715.3284611829756,1000,0,0.0,276.875,5
1776853123.7863235,1802.2916750816214,1000,0,0.0,141.09375,2
1776853124.4784245,1811.4469622240917,1000,0,0.0,140.91015625,2
1776853126.2463732,1715.3284611829756,1000,0,0.0,276.875,5
1776853128.9624467,1802.2916750816214,1000,0,0.0,141.09375,2
1776853129.6514227,1811.4469622240917,1000,0,0.0,140.91015625,2
1776853131.4214585,1715.3284611829756,1000,0,0.0,276.875,5
1776853134.1348774,1802.2916750816214,1000,0,0.0,141.09375,2
1776853134.8273783,1811.4469622240917,1000,0,0.0,140.91015625,2
1776853136.590925,1715.3284611829756,1000,0,0.0,276.875,5
1776853139.3063602,1802.2916750816214,1000,0,0.0,141.09375,2
1776853140.0104284,1811.4469622240917,1000,0,0.0,140.91015625,2
1776853141.757387,1715.3284611829756,1000,0,0.0,276.875,5
1776853144.512724,1802.2916750816214,1000,0,0.0,141.09375,2
1776853145.194678,1811.4469622240917,1000,0,0.0,140.91015625,2
1776853146.9329007,1715.3284611829756,1000,0,0.0,276.875,5
1776853149.686745,1802.2916750816214,1000,0,0.0,141.09375,2
1776853150.3888054,1811.4469622240917,1000,0,0.0,140.91015625,2
1776853152.1091156,1715.3284611829756,1000,0,0.0,276.875,5
1776853154.8685446,1802.2916750816214,1000,0,0.0,141.09375,2
1776853155.58532,1811.4469622240917,1000,0,0.0,140.91015625,2
1776853157.2921188,1715.3284611829756,1000,0,0.0,276.875,5
1776853160.0442288,1802.2916750816214,1000,0,0.0,141.09375,2
1776853160.7734077,1811.4469622240917,1000,0,0.0,140.91015625,2
1776853162.4727774,1715.3284611829756,1000,0,0.0,276.875,5
1776853165.2174318,1802.2916750816214,1000,0,0.0,141.09375,2
1776853165.9682555,1811.4469622240917,1000,0,0.0,140.91015625,2
1776853167.6625519,1715.3284611829756,1000,0,0.0,276.875,5
1776853170.4007938,1802.2916750816214,1000,0,0.0,141.09375,2
1776853171.157686,1811.4469622240917,1000,0,0.0,140.91015625,2
1776853172.8435044,1715.3284611829756,1000,0,0.0,276.875,5
1776853175.5742004,1802.2916750816214,1000,0,0.0,141.09375,2
1776853176.3605273,1811.4469622240917,1000,0,0.0,140.91015625,2
1776853178.0220277,1715.3284611829756,1000,0,0.0,276.875,5
1776853180.7567115,1802.2916750816214,1000,0,15.6,141.09375,2
1776853181.5481048,1811.4469622240917,1000,0,0.0,140.91015625,2
1776853183.2225978,1715.3284611829756,1000,0,0.0,276.875,5
1776853185.9362454,1802.2916750816214,1000,0,0.0,141.09375,2
1776853186.7285895,1811.4469622240917,1000,0,0.0,140.91015625,2
1776853188.4112265,1715.3284611829756,1000,0,0.0,276.875,5
1776853191.1139035,1802.2916750816214,1000,0,0.0,141.09375,2
1776853191.9039795,1811.4469622240917,1000,0,0.0,140.91015625,2
1776853193.587637,1715.3284611829756,1000,0,0.0,276.875,5
1776853196.2935653,1802.2916750816214,1000,0,0.0,141.09375,2
1776853197.119438,1811.4469622240917,1000,0,0.0,140.91015625,2
1776853198.7648327,1715.3284611829756,1000,0,0.0,276.875,5
1776853201.4719503,1802.2916750816214,1000,0,0.0,141.09375,2
1776853202.2993507,1811.4469622240917,1000,0,0.0,140.91015625,2
1776853203.9411714,1715.3284611829756,1000,0,0.0,276.875,5
1776853206.6468375,1802.2916750816214,1000,0,0.0,141.09375,2
1776853207.4735029,1811.4469622240917,1000,0,0.0,140.91015625,2
1776853209.1109216,1715.3284611829756,1000,0,0.0,276.875,5
1776853211.8090863,1802.2916750816214,1000,0,0.0,141.09375,2
1776853212.6454065,1811.4469622240917,1000,0,0.0,140.91015625,2
1776853214.2859626,1715.3284611829756,1000,0,0.0,276.875,5
1776853216.97366,1802.2916750816214,1000,0,0.0,141.09375,2
1776853217.8234196,1811.4469622240917,1000,0,0.0,140.91015625,2
1776853219.462442,1715.3284611829756,1000,0,0.0,276.875,5
1776853222.1479719,1802.2916750816214,1000,0,0.0,141.09375,2
1776853222.9923546,1811.4469622240917,1000,0,0.0,140.91015625,2
1776853224.6375844,1715.3284611829756,1000,0,0.0,276.875,5
1776853227.325292,1802.2916750816214,1000,0,0.0,141.09375,2
1776853228.167927,1811.4469622240917,1000,0,0.0,140.91015625,2
1776853229.8079286,1715.3284611829756,1000,0,0.0,276.875,5
1776853232.5255,1802.2916750816214,1000,0,0.0,141.09375,2
1776853233.3551629,1811.4469622240917,1000,0,0.0,140.91015625,2
1776853234.982669,1715.3284611829756,1000,0,0.0,276.875,5
1776853237.697347,1802.2916750816214,1000,0,0.0,141.09375,2
1776853238.5514705,1811.4469622240917,1000,0,0.0,140.91015625,2
1776853240.1456735,1715.3284611829756,1000,0,0.0,276.875,5
1776853242.8596177,1802.2916750816214,1000,0,0.0,141.09375,2
1776853243.7305467,1811.4469622240917,1000,0,0.0,140.91015625,2
1776853245.3095338,1715.3284611829756,1000,0,0.0,276.875,5
1776853248.022085,1802.2916750816214,1000,0,0.0,141.09375,2
1776853248.9044592,1811.4469622240917,1000,0,0.0,140.91015625,2
1776853250.4761949,1715.3284611829756,1000,0,0.0,276.875,5
1776853253.184876,1802.2916750816214,1000,0,0.0,141.09375,2
1776853254.0866566,1811.4469622240917,1000,0,0.0,140.91015625,2
1776853255.6449332,1715.3284611829756,1000,0,0.0,276.875,5
1776853258.3425536,1802.2916750816214,1000,0,0.0,141.09375,2
1776853259.2595432,1811.4469622240917,1000,0,0.0,140.91015625,2
1776853260.8131816,1715.3284611829756,1000,0,0.0,276.875,5
1776853263.5059342,1802.2916750816214,1000,0,0.0,141.09375,2
1776853264.433533,1811.4469622240917,1000,0,0.0,140.91015625,2
1776853265.9938025,1715.3284611829756,1000,0,0.0,276.875,5
1776853268.6809082,1802.2916750816214,1000,0,0.0,141.09375,2
1776853269.6092527,1811.4469622240917,1000,0,0.0,140.91015625,2
1776853271.163027,1715.3284611829756,1000,0,0.0,276.875,5
1776853273.8471997,1802.2916750816214,1000,0,0.0,141.09375,2
1776853274.7807972,1811.4469622240917,1000,0,0.0,140.91015625,2
1776853276.339043,1715.3284611829756,1000,0,0.0,276.875,5
1776853279.0114017,1802.2916750816214,1000,0,0.0,141.09375,2
1776853279.9552274,1811.4469622240917,1000,0,0.0,140.91015625,2
1776853281.5053954,1715.3284611829756,1000,0,0.0,276.875,5
1776853284.1781366,1802.2916750816214,1000,0,0.0,141.09375,2
1776853285.1311643,1811.4469622240917,1000,0,0.0,140.91015625,2
1776853286.662584,1715.3284611829756,1000,0,0.0,276.875,5
1776853289.3452003,1802.2916750816214,1000,0,0.0,141.09375,2
1776853290.3050787,1811.4469622240917,1000,0,0.0,140.91015625,2
1776853291.8194134,1715.3284611829756,1000,0,0.0,276.875,5
1776853294.511313,1802.2916750816214,1000,0,0.0,141.09375,2
1776853295.4776886,1811.4469622240917,1000,0,0.0,140.91015625,2
1776853296.9811828,1715.3284611829756,1000,0,0.0,276.875,5
1776853299.6791399,1802.2916750816214,1000,0,0.0,141.09375,2
1776853300.6444592,1811.4469622240917,1000,0,0.0,140.91015625,2
1776853302.147975,1715.3284611829756,1000,0,0.0,276.875,5
1776853304.842928,1802.2916750816214,1000,0,0.0,141.09375,2
1776853305.8184123,1811.4469622240917,1000,0,0.0,140.91015625,2
1776853307.3107886,1715.3284611829756,1000,0,0.0,276.875,5
1776853310.0069685,1802.2916750816214,1000,0,0.0,141.09375,2
1776853310.9915931,1811.4469622240917,1000,0,0.0,140.91015625,2
1776853312.4704313,1715.3284611829756,1000,0,0.0,276.875,5
1776853315.1804423,1802.2916750816214,1000,0,0.0,141.09375,2
1776853316.1684744,1811.4469622240917,1000,0,0.0,140.91015625,2
1776853317.6363935,1715.3284611829756,1000,0,0.0,276.875,5
1776853320.3562746,1802.2916750816214,1000,0,0.0,141.09375,2
1776853321.3466368,1811.4469622240917,1000,0,0.0,140.91015625,2
1776853322.8019762,1715.3284611829756,1000,0,0.0,276.85546875,4
1776853325.5581307,1802.2916750816214,1000,0,0.0,141.09375,2
1776853326.5314932,1811.4469622240917,1000,0,0.0,140.91015625,2
1776853327.980176,1715.3284611829756,1000,0,0.0,276.875,5
1776853329.6526575,0.0,0,0,0.0,162.58203125,10
1776853330.7402887,1802.2916750816214,1000,0,0.0,141.09375,2
1776853331.7159324,1811.4469622240917,1000,0,0.0,140.91015625,2
1776853333.1474607,1715.3284611829756,1000,0,0.0,276.875,5
1776853334.8661098,0.0,0,0,106.7,162.95703125,17
1776853335.9112911,1802.2916750816214,1000,0,0.0,141.09375,2
1776853336.8936265,1811.4469622240917,1000,0,0.0,140.91015625,2
1776853338.3171926,1715.3284611829756,1000,0,0.0,276.875,5
1776853340.4545472,0.0,0,0,97.0,163.39453125,18
1776853341.098113,1802.2916750816214,1000,0,0.0,141.09375,2
1776853341.673856,0.0,0,0,88.4,163.68359375,0
1776853342.0790496,1811.4469622240917,1000,0,0.0,140.91015625,2
1776853343.508374,1715.3284611829756,1000,0,0.0,276.875,5
1776853343.553077,0.0,0,0,99.2,163.39453125,17
1776853344.2796078,0.0,0,0,97.5,163.6796875,0
1776853345.5016067,7.875020799747657,16,0,15.6,163.6796875,0
1776853346.2691777,1802.2916750816214,1000,0,0.0,141.09375,2
1776853346.6187382,0.0,0,0,89.6,163.421875,18
1776853347.2516704,1811.4469622240917,1000,0,0.0,140.91015625,2
1776853348.6879902,1715.3284611829756,1000,0,0.0,276.875,5
1776853351.4370189,1802.2916750816214,1000,0,0.0,141.09375,2
1776853352.4290729,1811.4469622240917,1000,0,0.0,140.91015625,2
1776853352.190785,71.58317200141435,39,0,103.4,163.421875,18
1776853353.8595116,1715.3284611829756,1000,0,0.0,276.875,5
1776853356.6047943,1802.2916750816214,1000,0,0.0,141.09375,2
1776853357.6047812,1811.4469622240917,1000,0,0.0,140.91015625,2
1776853357.8191948,0.0,0,0,111.6,163.42578125,18
1776853358.659209,0.0,0,0,58.5,163.6796875,0
1776853359.0328128,1715.3284611829756,1000,0,0.0,276.875,5
1776853359.770058,0.0,0,0,46.8,163.6796875,0
1776853361.1340637,0.0,0,0,0.0,163.38671875,13
1776853361.773398,1802.2916750816214,1000,0,0.0,141.09375,2
1776853362.3147206,6.885197569836024,1,1,0.0,163.31640625,10
1776853362.7835672,1811.4469622240917,1000,0,0.0,140.91015625,2
1776853364.2096279,1715.3284611829756,1000,0,0.0,276.875,5
1776853366.9558206,1802.2916750816214,1000,0,0.0,141.09375,2
1776853367.9637105,1811.4469622240917,1000,0,0.0,140.91015625,2
1776853369.3816295,1715.3284611829756,1000,0,0.0,276.875,5
1776853370.1061943,0.0,0,0,94.1,163.83203125,17
1776853370.9903963,0.0,0,0,103.2,164.27734375,0
1776853372.0442166,0.0,0,0,15.6,164.40625,0
1776853372.1235993,1802.2916750816214,1000,0,0.0,141.09375,2
1776853373.1513133,1811.4469622240917,1000,0,0.0,140.91015625,2
1776853373.2045767,0.0,0,0,97.3,164.15625,16
1776853374.413841,0.0,0,0,99.3,164.4609375,0
1776853374.5527675,1715.3284611829756,1000,0,0.0,276.875,5
1776853377.2950618,1802.2916750816214,1000,0,0.0,141.09375,2
1776853378.3276057,1811.4469622240917,1000,0,0.0,140.91015625,2
1776853379.722587,1715.3284611829756,1000,0,0.0,276.875,5
1776853382.472012,1802.2916750816214,1000,0,0.0,141.09375,2
1776853383.5191288,1811.4469622240917,1000,0,0.0,140.91015625,2
1776853384.902794,1715.3284611829756,1000,0,0.0,276.875,5
1776853387.6477387,1802.2916750816214,1000,0,0.0,141.09375,2
1776853388.7032626,1811.4469622240917,1000,0,0.0,140.91015625,2
1776853390.0785525,1715.3284611829756,1000,0,0.0,276.875,5
1776853392.817633,1802.2916750816214,1000,0,0.0,141.09375,2
1776853393.8828704,1811.4469622240917,1000,0,0.0,140.91015625,2
1776853395.2552404,1715.3284611829756,1000,0,0.0,276.875,5
1776853398.0030146,1802.2916750816214,1000,0,0.0,141.09375,2
1776853399.074934,1811.4469622240917,1000,0,0.0,140.91015625,2
1776853400.43093,1715.3284611829756,1000,0,0.0,276.875,5
1776853403.1750307,1802.2916750816214,1000,0,0.0,141.09375,2
1776853404.2517998,1811.4469622240917,1000,0,0.0,140.91015625,2
1776853405.5977974,1715.3284611829756,1000,0,0.0,276.875,5
1776853408.3662934,1802.2916750816214,1000,0,0.0,141.09375,2
1776853409.435181,1811.4469622240917,1000,0,0.0,140.91015625,2
1776853410.7735422,1715.3284611829756,1000,0,0.0,276.875,5
1776853413.5489695,1802.2916750816214,1000,0,0.0,141.09375,2
1776853414.6224205,1811.4469622240917,1000,0,0.0,140.91015625,2
1776853415.9607275,1715.3284611829756,1000,0,0.0,276.875,5
1776853418.7392004,1802.2916750816214,1000,0,0.0,141.09375,2
1776853419.7972245,1811.4469622240917,1000,0,0.0,140.91015625,2
1776853421.13712,1715.3284611829756,1000,0,0.0,276.875,5
1776853423.9208539,1802.2916750816214,1000,0,0.0,141.09375,2
1776853424.980153,1811.4469622240917,1000,0,0.0,140.91015625,2
1776853426.3113995,1715.3284611829756,1000,0,0.0,276.875,5
1776853429.1074555,1802.2916750816214,1000,0,0.0,141.09375,2
1776853430.1604552,1811.4469622240917,1000,0,0.0,140.91015625,2
1776853431.4813561,1715.3284611829756,1000,0,0.0,276.875,5
1776853434.2841225,1802.2916750816214,1000,0,0.0,141.09375,2
1776853435.3487885,1811.4469622240917,1000,0,0.0,140.91015625,2
1776853436.6561475,1715.3284611829756,1000,0,0.0,276.875,5
1776853439.446919,1802.2916750816214,1000,0,0.0,141.09375,2
1776853440.5384352,1811.4469622240917,1000,0,0.0,140.91015625,2
1776853441.838771,1715.3284611829756,1000,0,0.0,276.875,5
1776853444.625121,1802.2916750816214,1000,0,0.0,141.09375,2
1776853445.7598803,1811.4469622240917,1000,0,0.0,140.91015625,2
1776853447.0185838,1715.3284611829756,1000,0,0.0,276.875,5
1776853449.826219,1802.2916750816214,1000,0,0.0,141.09375,2
1776853450.9716191,1811.4469622240917,1000,0,0.0,140.91015625,2
1776853452.2000453,1715.3284611829756,1000,0,0.0,276.875,5
1776853452.2950094,0.0,0,0,93.5,60.17578125,12
1776853453.2600443,0.0,0,0,94.4,61.53515625,0
1776853454.317986,0.0,0,0,107.3,61.734375,0
1776853455.0267699,1802.2916750816214,1000,0,0.0,141.09375,2
1776853455.346485,0.0,0,0,106.4,61.734375,22
1776853455.525346,0.0,0,0,109.8,61.734375,0
1776853456.1496084,1811.4469622240917,1000,0,0.0,140.91015625,2
1776853457.3933012,1715.3284611829756,1000,0,0.0,276.875,5
1776853460.2139509,1802.2916750816214,1000,0,0.0,141.09375,2
1776853461.328365,1811.4469622240917,1000,0,0.0,140.91015625,2
1776853462.5986147,1715.3284611829756,1000,0,0.0,276.875,5
1776853465.408401,1802.2916750816214,1000,0,0.0,141.09375,2
1776853466.5080988,1811.4469622240917,1000,0,0.0,140.91015625,2
1776853467.7855883,1715.3284611829756,1000,0,0.0,276.875,5
1776853470.5827184,1802.2916750816214,1000,0,0.0,141.09375,2
1776853471.6888008,1811.4469622240917,1000,0,0.0,140.91015625,2
1776853472.9662867,1715.3284611829756,1000,0,0.0,276.875,5
1776853475.778942,1802.2916750816214,1000,0,0.0,141.09375,2
1776853476.879781,1811.4469622240917,1000,0,0.0,140.91015625,2
1776853478.139435,1715.3284611829756,1000,0,0.0,276.875,5
1776853480.9634938,1802.2916750816214,1000,0,0.0,141.09375,2
1776853482.0836809,1811.4469622240917,1000,0,0.0,140.91015625,2
1776853483.3128211,1715.3284611829756,1000,0,0.0,276.875,5
1776853486.146782,1802.2916750816214,1000,0,0.0,141.09375,2
1776853487.2714767,1811.4469622240917,1000,0,0.0,140.91015625,2
1776853488.5008256,1715.3284611829756,1000,0,0.0,276.875,5
1776853491.328946,1802.2916750816214,1000,0,0.0,141.09375,2
1776853492.4651632,1811.4469622240917,1000,0,0.0,140.91015625,2
1776853493.680102,1715.3284611829756,1000,0,0.0,276.875,5
1776853496.5128374,1802.2916750816214,1000,0,0.0,141.09375,2
1776853497.6549482,1811.4469622240917,1000,0,0.0,140.91015625,2
1776853498.8844762,1715.3284611829756,1000,0,0.0,276.875,5
1776853501.6854112,1802.2916750816214,1000,0,0.0,141.09375,2
1776853502.846819,1811.4469622240917,1000,0,0.0,140.91015625,2
1776853504.0755506,1715.3284611829756,1000,0,0.0,276.875,5
1776853506.867078,1802.2916750816214,1000,0,0.0,141.09375,2
1776853508.030049,1811.4469622240917,1000,0,0.0,140.91015625,2
1776853509.2588022,1715.3284611829756,1000,0,0.0,276.875,5
1776853512.0444248,1802.2916750816214,1000,0,0.0,141.09375,2
1776853513.2144089,1811.4469622240917,1000,0,0.0,140.91015625,2
1776853514.4285183,1715.3284611829756,1000,0,0.0,276.875,5
1776853517.2302864,1802.2916750816214,1000,0,0.0,141.09375,2
1776853518.3943884,1811.4469622240917,1000,0,0.0,140.91015625,2
1776853519.610747,1715.3284611829756,1000,0,0.0,276.875,5
1776853522.041038,0.0,0,0,100.6,82.99609375,14
1776853522.4034076,1802.2916750816214,1000,0,0.0,141.09375,2
1776853522.9554667,0.0,0,0,98.7,84.34765625,0
1776853523.5837772,1811.4469622240917,1000,0,0.0,140.91015625,2
1776853524.7048562,0.0,0,0,113.0,84.359375,15
1776853524.7942784,1715.3284611829756,1000,0,0.0,276.875,5
1776853525.8088255,0.0,0,0,98.6,84.6796875,0
1776853527.5776339,1802.2916750816214,1000,0,0.0,141.09375,2
1776853528.7645485,1811.4469622240917,1000,0,0.0,140.91015625,2
1776853529.9862766,1715.3284611829756,1000,0,0.0,276.875,5
1776853532.7484598,1802.2916750816214,1000,0,0.0,141.09375,2
1776853533.9445515,1811.4469622240917,1000,0,0.0,140.91015625,2
1776853535.1495755,1715.3284611829756,1000,0,0.0,276.875,5
1776853537.9205205,1802.2916750816214,1000,0,0.0,141.09375,2
1776853539.1211946,1811.4469622240917,1000,0,0.0,140.91015625,2
1776853539.4587443,0.0,0,0,15.6,161.10546875,10
1776853540.318389,1715.3284611829756,1000,0,0.0,276.875,5
1776853543.0881007,1802.2916750816214,1000,0,0.0,141.09375,2
1776853544.3007321,1811.4469622240917,1000,0,0.0,140.91015625,2
1776853544.6596541,0.0,0,0,105.0,161.42578125,17
1776853545.502368,1715.3284611829756,1000,0,0.0,276.875,5
1776853548.2601445,1802.2916750816214,1000,0,0.0,141.09375,2
1776853549.4780564,1811.4469622240917,1000,0,0.0,140.91015625,2
1776853550.272423,0.0,0,0,104.8,161.70703125,18
1776853550.6931157,1715.3284611829756,1000,0,0.0,276.875,5
1776853551.2229373,0.0,0,0,119.9,162.1875,0
1776853552.2591631,0.0,0,0,31.1,162.25390625,0
1776853553.435217,1802.2916750816214,1000,0,0.0,141.09375,2
1776853553.432988,0.0,0,0,98.7,162.02734375,19
1776853554.2788777,0.0,0,0,97.4,162.26171875,0
1776853554.6611786,1811.4469622240917,1000,0,0.0,140.91015625,2
1776853556.0223742,0.0,0,0,111.7,161.9921875,17
1776853556.4034498,1715.3284611829756,1000,0,0.0,276.875,5
1776853558.6165001,1802.2916750816214,1000,0,0.0,141.09375,2
1776853559.830517,1811.4469622240917,1000,0,0.0,140.91015625,2
1776853561.5892565,1715.3284611829756,1000,0,0.0,276.875,5
1776853561.612607,66.05217206250705,37,0,105.1,162.22265625,16
1776853563.8057537,1802.2916750816214,1000,0,0.0,141.09375,2
1776853565.0066133,1811.4469622240917,1000,0,0.0,140.91015625,2
1776853566.7700508,1715.3284611829756,1000,0,0.0,276.875,5
1776853567.2372766,0.0,0,0,86.9,162.87109375,17
1776853568.2231917,0.0,0,0,107.9,163.15234375,0
1776853568.988693,1802.2916750816214,1000,0,0.0,141.09375,2
1776853570.1997273,1811.4469622240917,1000,0,0.0,140.91015625,2
1776853570.2081609,0.0,0,0,0.0,162.80078125,13
1776853571.4118502,6.3965448350957885,1,1,0.0,162.76171875,10
1776853571.9673278,1715.3284611829756,1000,0,0.0,276.875,5
1776853574.1698759,1802.2916750816214,1000,0,0.0,141.09375,2
1776853575.384918,1811.4469622240917,1000,0,0.0,140.91015625,2
1776853577.1475837,1715.3284611829756,1000,0,0.0,276.875,5
1776853579.3541317,1802.2916750816214,1000,0,0.0,141.09375,2
1776853579.3938153,0.0,0,0,93.4,163.37890625,18
1776853580.4132802,0.0,0,0,96.3,163.69140625,0
1776853580.5707014,1811.4469622240917,1000,0,0.0,140.91015625,2
1776853582.3371222,1715.3284611829756,1000,0,0.0,276.875,5
1776853582.2691736,0.0,0,0,96.9,163.4765625,19
1776853582.9755964,0.0,0,0,99.1,163.70703125,0
1776853584.1074464,0.0,0,0,98.1,163.71484375,0
1776853584.5190732,1802.2916750816214,1000,0,0.0,141.09375,2
1776853585.7614644,1811.4469622240917,1000,0,0.0,140.91015625,2
1776853587.5215912,1715.3284611829756,1000,0,0.0,276.875,5
1776853589.6932023,1802.2916750816214,1000,0,0.0,141.1015625,2
1776853590.9448578,1811.4469622240917,1000,0,0.0,140.91015625,2
1776853592.7117486,1715.3284611829756,1000,0,0.0,276.875,5
1776853594.890559,1802.2916750816214,1000,0,0.0,141.1015625,2
1776853596.1515539,1811.4469622240917,1000,0,0.0,140.91015625,2
1776853597.8975089,1715.3284611829756,1000,0,0.0,276.875,5
1776853600.0879867,1802.2916750816214,1000,0,0.0,141.1015625,2
1776853601.3445697,1811.4469622240917,1000,0,0.0,140.91015625,2
1776853603.0930648,1715.3284611829756,1000,0,0.0,276.875,5
1776853605.279393,1802.2916750816214,1000,0,0.0,141.1015625,2
1776853606.5401409,1811.4469622240917,1000,0,0.0,140.91015625,2
1776853608.292339,1715.3284611829756,1000,0,0.0,276.875,5
1776853610.472281,1802.2916750816214,1000,0,0.0,141.1015625,2
1776853611.7286224,1811.4469622240917,1000,0,15.5,140.91015625,2
1776853613.4811978,1715.3284611829756,1000,0,0.0,276.875,5
1776853615.658886,1802.2916750816214,1000,0,0.0,141.1015625,2
1776853616.9054127,1811.4469622240917,1000,0,0.0,140.91015625,2
1776853618.6698446,1715.3284611829756,1000,0,0.0,276.875,5
1776853620.8492143,1802.2916750816214,1000,0,0.0,141.1015625,2
1776853622.0885293,1811.4469622240917,1000,0,0.0,140.91015625,2
1776853623.853458,1715.3284611829756,1000,0,0.0,276.875,5
1776853626.035077,1802.2916750816214,1000,0,0.0,141.1015625,2
1776853627.2803915,1811.4469622240917,1000,0,0.0,140.91015625,2
1776853629.0376859,1715.3284611829756,1000,0,0.0,276.875,5
1776853631.2289834,1802.2916750816214,1000,0,0.0,141.1015625,2
1776853632.4647279,1811.4469622240917,1000,0,0.0,140.91015625,2
1776853634.2189577,1715.3284611829756,1000,0,0.0,276.875,5
1776853636.4300084,1802.2916750816214,1000,0,0.0,141.1015625,2
1776853637.653666,1811.4469622240917,1000,0,0.0,140.91015625,2
1776853639.4097733,1715.3284611829756,1000,0,0.0,276.875,5
1776853641.6193898,1802.2916750816214,1000,0,0.0,141.1015625,2
1776853642.8261504,1811.4469622240917,1000,0,0.0,140.91015625,2
1776853644.5945485,1715.3284611829756,1000,0,0.0,276.875,5
1776853646.800134,1802.2916750816214,1000,0,0.0,141.1015625,2
1776853648.008725,1811.4469622240917,1000,0,0.0,140.91015625,2
1776853649.7862103,1715.3284611829756,1000,0,0.0,276.875,5
1776853651.9827847,1802.2916750816214,1000,0,0.0,141.1015625,2
1776853653.199695,1811.4469622240917,1000,0,0.0,140.91015625,2
1776853654.976399,1715.3284611829756,1000,0,0.0,276.875,5
1776853657.1777182,1802.2916750816214,1000,0,0.0,141.1015625,2
1776853658.390658,1811.4469622240917,1000,0,0.0,140.91015625,2
1776853660.167062,1715.3284611829756,1000,0,0.0,276.875,5
1776853662.3871748,1802.2916750816214,1000,0,0.0,141.1015625,2
1776853663.5842752,1811.4469622240917,1000,0,0.0,140.91015625,2
1776853665.3530276,1715.3284611829756,1000,0,0.0,276.875,5
1776853667.5783715,1802.2916750816214,1000,0,0.0,141.1015625,2
1776853668.768996,1811.4469622240917,1000,0,0.0,140.91015625,2
1776853670.5399072,1715.3284611829756,1000,0,0.0,276.875,5
1776853672.7631404,1802.2916750816214,1000,0,0.0,141.1015625,2
1776853673.9535441,1811.4469622240917,1000,0,0.0,140.91015625,2
1776853675.7331326,1715.3284611829756,1000,0,0.0,276.875,5
1776853677.956051,1802.2916750816214,1000,0,0.0,141.1015625,2
1776853679.1388695,1811.4469622240917,1000,0,0.0,140.91015625,2
1776853680.919284,1715.3284611829756,1000,0,0.0,276.875,5
1776853683.1406844,1802.2916750816214,1000,0,0.0,141.1015625,2
1776853684.3210158,1811.4469622240917,1000,0,0.0,140.91015625,2
1776853686.1941705,1715.3284611829756,1000,0,0.0,276.875,5
1776853688.3183923,1802.2916750816214,1000,0,0.0,141.1015625,2
1776853689.5045853,1811.4469622240917,1000,0,0.0,140.91015625,2
1776853691.3907428,1715.3284611829756,1000,0,0.0,276.875,5
1776853693.5104036,1802.2916750816214,1000,0,0.0,141.1015625,2
1776853694.677983,1811.4469622240917,1000,0,0.0,140.91015625,2
1776853696.5710213,1715.3284611829756,1000,0,0.0,276.875,5
1776853698.6955836,1802.2916750816214,1000,0,0.0,141.1015625,2
1776853699.8593118,1811.4469622240917,1000,0,0.0,140.91015625,2
1776853701.749594,1715.3284611829756,1000,0,0.0,276.875,5
1776853703.8705285,1802.2916750816214,1000,0,0.0,141.1015625,2
1776853705.038159,1811.4469622240917,1000,0,0.0,140.91015625,2
1776853706.922646,1715.3284611829756,1000,0,0.0,276.875,5
1776853709.0543559,1802.2916750816214,1000,0,0.0,141.1015625,2
1776853710.2198877,1811.4469622240917,1000,0,0.0,140.91015625,2
1776853712.0964637,1715.3284611829756,1000,0,0.0,276.875,5
1776853714.2451832,1802.2916750816214,1000,0,0.0,141.1015625,2
1776853715.3954399,1811.4469622240917,1000,0,0.0,140.91015625,2
1776853717.2758722,1715.3284611829756,1000,0,0.0,276.875,5
1776853719.4408286,1802.2916750816214,1000,0,0.0,141.1015625,2
1776853720.568715,1811.4469622240917,1000,0,0.0,140.91015625,2
1776853722.4560375,1715.3284611829756,1000,0,0.0,276.875,5
1776853724.6221938,1802.2916750816214,1000,0,0.0,141.1015625,2
1776853725.7453282,1811.4469622240917,1000,0,0.0,140.91015625,2
1776853727.635161,1715.3284611829756,1000,0,0.0,276.875,5
1776853729.8102148,1802.2916750816214,1000,0,0.0,141.1015625,2
1776853730.9251912,1811.4469622240917,1000,0,0.0,140.91015625,2
1776853732.8227422,1715.3284611829756,1000,0,0.0,276.875,5
1776853735.0043294,1802.2916750816214,1000,0,0.0,141.1015625,2
1776853736.1085384,1811.4469622240917,1000,0,0.0,140.91015625,2
1776853738.0073228,1715.3284611829756,1000,0,0.0,276.875,5
1776853740.1781492,1802.2916750816214,1000,0,0.0,141.1015625,2
1776853741.306776,1811.4469622240917,1000,0,0.0,140.91015625,2
1776853743.1851916,1715.3284611829756,1000,0,0.0,276.875,5
1776853745.3557622,1802.2916750816214,1000,0,0.0,141.1015625,2
1776853746.4896276,1811.4469622240917,1000,0,0.0,140.91015625,2
1776853748.3609107,1715.3284611829756,1000,0,0.0,276.875,5
1776853750.5325103,1802.2916750816214,1000,0,0.0,141.1015625,2
1776853751.656547,1811.4469622240917,1000,0,0.0,140.91015625,2
1776853753.5373144,1715.3284611829756,1000,0,0.0,276.875,5
1776853755.7250857,1802.2916750816214,1000,0,0.0,141.1015625,2
1776853756.8438942,1811.4469622240917,1000,0,0.0,140.91015625,2
1776853758.7264802,1715.3284611829756,1000,0,0.0,276.875,5
1776853760.921307,1802.2916750816214,1000,0,0.0,141.1015625,2
1776853762.0802023,1811.4469622240917,1000,0,0.0,140.91015625,2
1776853763.9234817,1715.3284611829756,1000,0,0.0,276.875,5
1776853766.1104836,1802.2916750816214,1000,0,0.0,141.1015625,2
1776853767.2977982,1811.4469622240917,1000,0,0.0,140.91015625,2
1776853769.1152954,1715.3284611829756,1000,0,0.0,276.875,5
1776853771.294908,1802.2916750816214,1000,0,0.0,141.1015625,2
1776853772.491515,1811.4469622240917,1000,0,0.0,140.91015625,2
1776853774.3003187,1715.3284611829756,1000,0,0.0,276.875,5
1776853776.4877145,1802.2916750816214,1000,0,0.0,141.1015625,2
1776853777.6737614,1811.4469622240917,1000,0,0.0,140.91015625,2
1776853779.4849403,1715.3284611829756,1000,0,0.0,276.875,5
1776853781.6723764,1802.2916750816214,1000,0,0.0,141.1015625,2
1776853782.8524125,1811.4469622240917,1000,0,0.0,140.91015625,2
1776853784.6664548,1715.3284611829756,1000,0,0.0,276.875,5
1776853786.8715246,1802.2916750816214,1000,0,0.0,141.1015625,2
1776853788.0407317,1811.4469622240917,1000,0,0.0,140.91015625,2
1776853789.8532405,1715.3284611829756,1000,0,0.0,276.85546875,4
1776853792.0761223,1802.2916750816214,1000,0,0.0,141.1015625,2
1776853793.2818663,1811.4469622240917,1000,0,0.0,140.91015625,2
1776853795.0373452,1715.3284611829756,1000,0,0.0,276.875,5
1776853797.2586432,1802.2916750816214,1000,0,0.0,141.1015625,2
1776853798.4689703,1811.4469622240917,1000,0,0.0,140.91015625,2
1776853800.2240345,1715.3284611829756,1000,0,0.0,276.875,5
1776853802.437101,1802.2916750816214,1000,0,0.0,141.1015625,2
1776853803.6448681,1811.4469622240917,1000,0,0.0,140.91015625,2
1776853805.4120574,1715.3284611829756,1000,0,0.0,276.875,5
1776853807.6264384,1802.2916750816214,1000,0,0.0,141.1015625,2
1776853808.8226693,1811.4469622240917,1000,0,0.0,140.91015625,2
1776853810.5966523,1715.3284611829756,1000,0,0.0,276.875,5
1776853812.8125603,1802.2916750816214,1000,0,0.0,141.1015625,2
1776853814.0044854,1811.4469622240917,1000,0,0.0,140.91015625,2
1776853815.7746704,1715.3284611829756,1000,0,0.0,276.875,5
1776853817.995562,1802.2916750816214,1000,0,0.0,141.1015625,2
1776853819.1879218,1811.4469622240917,1000,0,0.0,140.91015625,2
1776853820.953672,1715.3284611829756,1000,0,0.0,276.875,5
1776853823.1796086,1802.2916750816214,1000,0,0.0,141.1015625,2
1776853824.3809335,1811.4469622240917,1000,0,0.0,140.91015625,2
1776853826.129024,1715.3284611829756,1000,0,0.0,276.875,5
1776853828.3547366,1802.2916750816214,1000,0,0.0,141.1015625,2
1776853829.5627358,1811.4469622240917,1000,0,0.0,140.91015625,2
1776853831.338029,1715.3284611829756,1000,0,0.0,276.875,5
1776853833.5354369,1802.2916750816214,1000,0,0.0,141.1015625,2
1776853834.7551389,1811.4469622240917,1000,0,0.0,140.91015625,2
1776853836.536447,1715.3284611829756,1000,0,0.0,276.875,5
1776853838.720411,1802.2916750816214,1000,0,0.0,141.1015625,2
1776853839.9542964,1811.4469622240917,1000,0,0.0,140.91015625,2
1776853841.7206218,1715.3284611829756,1000,0,0.0,276.875,5
1776853843.9044926,1802.2916750816214,1000,0,0.0,141.1015625,2
1776853845.141436,1811.4469622240917,1000,0,0.0,140.91015625,2
1776853846.91661,1715.3284611829756,1000,0,0.0,276.875,5
1776853849.094651,1802.2916750816214,1000,0,0.0,141.1015625,2
1776853850.3287473,1811.4469622240917,1000,0,0.0,140.91015625,2
1776853852.1230087,1715.3284611829756,1000,0,0.0,276.875,5
1776853854.2869394,1802.2916750816214,1000,0,0.0,141.1015625,2
1776853855.5099328,1811.4469622240917,1000,0,0.0,140.91015625,2
1776853857.3087847,1715.3284611829756,1000,0,0.0,276.875,5
1776853859.4779015,1802.2916750816214,1000,0,0.0,141.1015625,2
1776853860.7011597,1811.4469622240917,1000,0,0.0,140.91015625,2
1776853862.5093038,1715.3284611829756,1000,0,0.0,276.875,5
1776853864.67613,1802.2916750816214,1000,0,0.0,141.1015625,2
1776853865.8951788,1811.4469622240917,1000,0,0.0,140.91015625,2
1776853867.6971545,1715.3284611829756,1000,0,0.0,276.875,5
1776853869.8678443,1802.2916750816214,1000,0,0.0,141.1015625,2
1776853871.1004982,1811.4469622240917,1000,0,0.0,140.91015625,2
1776853872.8873165,1715.3284611829756,1000,0,0.0,276.875,5
1776853875.0539246,1802.2916750816214,1000,0,0.0,141.1015625,2
1776853876.301789,1811.4469622240917,1000,0,0.0,140.91015625,2
1776853878.0769613,1715.3284611829756,1000,0,0.0,276.875,5
1776853880.2607396,1802.2916750816214,1000,0,0.0,141.1015625,2
1776853881.509206,1811.4469622240917,1000,0,0.0,140.91015625,2
1776853883.2638426,1715.3284611829756,1000,0,0.0,276.875,5
1776853885.4542265,1802.2916750816214,1000,0,0.0,141.1015625,2
1776853886.7070217,1811.4469622240917,1000,0,0.0,140.91015625,2
1776853888.451205,1715.3284611829756,1000,0,0.0,276.875,5
1776853890.6449752,1802.2916750816214,1000,0,0.0,141.1015625,2
1776853891.9096155,1811.4469622240917,1000,0,0.0,140.91015625,2
1776853893.6321514,1715.3284611829756,1000,0,0.0,276.875,5
1776853895.8428636,1802.2916750816214,1000,0,0.0,141.1015625,2
1776853897.1078732,1811.4469622240917,1000,0,0.0,140.91015625,2
1776853898.8270528,1715.3284611829756,1000,0,0.0,276.875,5
1776853901.0366247,1802.2916750816214,1000,0,0.0,141.1015625,2
1776853902.3122334,1811.4469622240917,1000,0,0.0,140.91015625,2
1776853904.0115817,1715.3284611829756,1000,0,0.0,276.875,5
1776853906.2262487,1802.2916750816214,1000,0,0.0,141.1015625,2
1776853907.5320537,1811.4469622240917,1000,0,0.0,140.91015625,2
1776853909.186278,1715.3284611829756,1000,0,0.0,276.875,5
1776853911.412362,1802.2916750816214,1000,0,0.0,141.1015625,2
1776853912.7498593,1811.4469622240917,1000,0,0.0,140.91015625,2
1776853914.3620787,1715.3284611829756,1000,0,0.0,276.875,5
1776853916.5846999,1802.2916750816214,1000,0,0.0,141.1015625,2
1776853917.9322565,1811.4469622240917,1000,0,0.0,140.91015625,2
1776853919.539318,1715.3284611829756,1000,0,0.0,276.875,5
1776853921.7613676,1802.2916750816214,1000,0,0.0,141.1015625,2
1776853923.1205678,1811.4469622240917,1000,0,0.0,140.91015625,2
1776853924.7296715,1715.3284611829756,1000,0,0.0,276.875,5
1776853926.9442487,1802.2916750816214,1000,0,0.0,141.1015625,2
1776853928.3205974,1811.4469622240917,1000,0,0.0,140.91015625,2
1776853929.911909,1715.3284611829756,1000,0,0.0,276.875,5
1776853932.1264622,1802.2916750816214,1000,0,0.0,141.1015625,2
1776853933.5176232,1811.4469622240917,1000,0,0.0,140.91015625,2
1776853935.088133,1715.3284611829756,1000,0,0.0,276.875,5
1776853937.3035917,1802.2916750816214,1000,0,0.0,141.1015625,2
1776853938.7057838,1811.4469622240917,1000,0,0.0,140.91015625,2
1776853940.2676735,1715.3284611829756,1000,0,0.0,276.875,5
1776853942.4803169,1802.2916750816214,1000,0,0.0,141.1015625,2
1776853943.886351,1811.4469622240917,1000,0,0.0,140.91015625,2
1776853945.4479582,1715.3284611829756,1000,0,0.0,276.875,5
1776853947.6543598,1802.2916750816214,1000,0,0.0,141.1015625,2
1776853949.111022,1811.4469622240917,1000,0,0.0,140.91015625,2
1776853950.629773,1715.3284611829756,1000,0,0.0,276.875,5
1776853952.8285592,1802.2916750816214,1000,0,0.0,141.1015625,2
1776853954.3483644,1811.4469622240917,1000,0,0.0,140.91015625,2
1776853955.8103585,1715.3284611829756,1000,0,0.0,276.875,5
1776853958.0076177,1802.2916750816214,1000,0,0.0,141.1015625,2
1776853959.533717,1811.4469622240917,1000,0,0.0,140.91015625,2
1776853960.9903874,1715.3284611829756,1000,0,0.0,276.875,5
1776853963.233692,1802.2916750816214,1000,0,0.0,141.1015625,2
1776853964.7085767,1811.4469622240917,1000,0,0.0,140.91015625,2
1776853966.1597834,1715.3284611829756,1000,0,0.0,276.875,5
1776853968.422916,1802.2916750816214,1000,0,0.0,141.1015625,2
1776853969.8977926,1811.4469622240917,1000,0,0.0,140.91015625,2
1776853971.3291728,1715.3284611829756,1000,0,0.0,276.875,5
1776853973.5971482,1802.2916750816214,1000,0,0.0,141.1015625,2
1776853975.0759304,1811.4469622240917,1000,0,0.0,140.91015625,2
1776853976.4950387,1715.3284611829756,1000,0,0.0,276.875,5
1776853978.7645018,1802.2916750816214,1000,0,0.0,141.1015625,2
1776853980.254017,1811.4469622240917,1000,0,0.0,140.91015625,2
1776853981.6621337,1715.3284611829756,1000,0,0.0,276.875,5
1776853983.9356372,1802.2916750816214,1000,0,0.0,141.1015625,2
1776853985.4295096,1811.4469622240917,1000,0,0.0,140.91015625,2
1776853986.8302338,1715.3284611829756,1000,0,0.0,276.875,5
1776853989.1059813,1802.2916750816214,1000,0,0.0,140.296875,2
1776853990.6208408,1811.4469622240917,1000,0,0.0,140.91015625,2
1776853991.9966266,1715.3284611829756,1000,0,0.0,276.875,5
1776853994.280189,1802.2916750816214,1000,0,0.0,141.10546875,2
1776853995.8149707,1811.4469622240917,1000,0,0.0,140.91015625,2
1776853997.1658123,1715.3284611829756,1000,0,0.0,276.875,5
1776853999.451183,1802.2916750816214,1000,0,0.0,141.109375,2
1776854000.992305,1811.4469622240917,1000,0,0.0,140.91015625,2
1776854002.335294,1715.3284611829756,1000,0,0.0,276.875,5
1776854004.6385968,1802.2916750816214,1000,0,0.0,141.11328125,2
1776854006.1816976,1811.4469622240917,1000,0,0.0,140.91015625,2
1776854007.5084434,1715.3284611829756,1000,0,0.0,276.875,5
1776854009.8226979,1802.2916750816214,1000,0,0.0,141.1171875,2
1776854011.3680277,1811.4469622240917,1000,0,0.0,140.91015625,2
1776854012.6826725,1715.3284611829756,1000,0,0.0,276.875,5
1776854014.9966419,1802.2916750816214,1000,0,0.0,141.1171875,2
1776854016.5549917,1811.4469622240917,1000,0,0.0,140.91015625,2
1776854017.8561695,1715.3284611829756,1000,0,0.0,276.875,5
1776854020.1682255,1802.2916750816214,1000,0,0.0,140.296875,2
1776854021.7346268,1811.4469622240917,1000,0,0.0,140.91015625,2
1776854023.022356,1715.3284611829756,1000,0,0.0,276.875,5
1776854025.3465645,1802.2916750816214,1000,0,0.0,141.125,2
1776854026.9160154,1811.4469622240917,1000,0,0.0,140.91015625,2
1776854028.1946309,1715.3284611829756,1000,0,0.0,276.875,5
1776854030.5255861,1802.2916750816214,1000,0,0.0,141.12890625,2
1776854032.1030881,1811.4469622240917,1000,0,0.0,140.91015625,2
1776854033.3884735,1715.3284611829756,1000,0,0.0,276.875,5
1776854035.7032402,1802.2916750816214,1000,0,0.0,141.12890625,2
1776854037.2808886,1811.4469622240917,1000,0,0.0,140.91015625,2
1776854038.5647514,1715.3284611829756,1000,0,0.0,276.9375,5
1776854040.8871357,1802.2916750816214,1000,0,0.0,141.12890625,2
1776854042.4691079,1811.4469622240917,1000,0,0.0,140.91015625,2
1776854043.7331457,1715.3284611829756,1000,0,0.0,276.9375,5
1776854046.062928,1802.2916750816214,1000,0,0.0,140.296875,2
1776854047.650208,1811.4469622240917,1000,0,0.0,140.91015625,2
1776854048.9026155,1715.3284611829756,1000,0,0.0,276.9375,5
1776854051.2415843,1802.2916750816214,1000,0,0.0,141.1328125,2
1776854052.8364944,1811.4469622240917,1000,0,0.0,140.91015625,2
1776854054.0953684,1715.3284611829756,1000,0,0.0,276.9375,5
1776854056.4149368,1802.2916750816214,1000,0,0.0,141.13671875,2
1776854058.0125794,1811.4469622240917,1000,0,0.0,140.91015625,2
1776854059.2990272,1715.3284611829756,1000,0,0.0,276.91796875,4
1776854061.5961874,1802.2916750816214,1000,0,0.0,141.13671875,2
1776854063.1881523,1811.4469622240917,1000,0,0.0,140.91015625,2
1776854064.476536,1715.3284611829756,1000,0,0.0,276.9375,5
1776854066.7783296,1802.2916750816214,1000,0,0.0,140.296875,2
1776854068.3664355,1811.4469622240917,1000,0,0.0,140.91015625,2
1776854069.6586928,1715.3284611829756,1000,0,0.0,276.953125,5
1776854071.9536626,1802.2916750816214,1000,0,0.0,141.14453125,2
1776854073.5383286,1811.4469622240917,1000,0,0.0,140.91015625,2
1776854074.8504527,1715.3284611829756,1000,0,0.0,276.95703125,5
1776854077.1296587,1802.2916750816214,1000,0,0.0,141.1484375,2
1776854078.7145875,1811.4469622240917,1000,0,0.0,140.91015625,2
1776854080.0395038,1715.3284611829756,1000,0,0.0,276.96875,5
1776854082.302837,1802.2916750816214,1000,0,0.0,141.15625,2
1776854083.892332,1811.4469622240917,1000,0,0.0,140.91015625,2
1776854085.2165663,1715.3284611829756,1000,0,0.0,276.984375,5
1776854087.4790478,1802.2916750816214,1000,0,0.0,141.15625,2
1776854089.0711076,1811.4469622240917,1000,0,0.0,140.91015625,2
1776854090.3995066,1715.3284611829756,1000,0,0.0,276.984375,5
1776854092.6477814,1802.2916750816214,1000,0,0.0,140.42578125,2
1776854094.245664,1811.4469622240917,1000,0,0.0,140.91015625,2
1776854095.5813622,1715.3284611829756,1000,0,0.0,276.984375,5
1776854097.8213696,1802.2916750816214,1000,0,0.0,141.27734375,2
1776854099.421253,1811.4469622240917,1000,0,0.0,140.91015625,2
1776854100.7599466,1715.3284611829756,1000,0,0.0,276.984375,5
1776854102.9959583,1802.2916750816214,1000,0,0.0,141.27734375,2
1776854104.5954645,1811.4469622240917,1000,0,0.0,140.91015625,2
1776854105.951275,1715.3284611829756,1000,0,0.0,276.984375,5
1776854108.171241,1802.2916750816214,1000,0,0.0,141.27734375,2
1776854109.769119,1811.4469622240917,1000,0,0.0,140.91015625,2
1776854111.1331775,1715.3284611829756,1000,0,0.0,276.984375,5
1776854113.3454947,1802.2916750816214,1000,0,0.0,141.27734375,2
1776854114.948517,1811.4469622240917,1000,0,0.0,140.91015625,2
1776854116.3152792,1715.3284611829756,1000,0,0.0,277.0,5
1776854118.5261083,1802.2916750816214,1000,0,0.0,141.27734375,2
1776854120.1173005,1811.4469622240917,1000,0,0.0,140.91015625,2
1776854121.4924073,1715.3284611829756,1000,0,0.0,277.0625,5
1776854123.70073,1802.2916750816214,1000,0,0.0,141.27734375,2
1776854125.2870286,1811.4469622240917,1000,0,0.0,140.91015625,2
1776854126.7462547,1715.3284611829756,1000,0,0.0,277.0625,5
1776854128.8795576,1802.2916750816214,1000,0,0.0,141.27734375,2
1776854130.461472,1811.4469622240917,1000,0,0.0,140.91015625,2
1776854131.9332106,1715.3284611829756,1000,0,0.0,277.0625,5
1776854134.0610352,1802.2916750816214,1000,0,0.0,141.27734375,2
1776854135.6352687,1811.4469622240917,1000,0,0.0,140.91015625,2
1776854137.1073802,1715.3284611829756,1000,0,0.0,277.0625,5
1776854139.2364726,1802.2916750816214,1000,0,0.0,141.27734375,2
1776854140.8108053,1811.4469622240917,1000,0,0.0,140.91015625,2
1776854142.2882693,1715.3284611829756,1000,0,0.0,277.0625,5
1776854144.4108958,1802.2916750816214,1000,0,0.0,141.27734375,2
1776854145.982599,1811.4469622240917,1000,0,0.0,140.91015625,2
1776854147.4705822,1715.3284611829756,1000,0,0.0,277.0625,5
1776854149.5859094,1802.2916750816214,1000,0,0.0,141.27734375,2
1776854151.1575272,1811.4469622240917,1000,0,0.0,140.91015625,2
1776854152.6530983,1715.3284611829756,1000,0,0.0,277.0625,5
1776854154.7625964,1802.2916750816214,1000,0,0.0,141.27734375,2
1776854156.3415425,1811.4469622240917,1000,0,0.0,140.91015625,2
1776854157.838239,1715.3284611829756,1000,0,0.0,277.0625,5
1776854159.9392633,1802.2916750816214,1000,0,0.0,141.27734375,2
1776854161.5204797,1811.4469622240917,1000,0,0.0,140.91015625,2
1776854163.0331612,1715.3284611829756,1000,0,0.0,277.0625,5
1776854165.1169603,1802.2916750816214,1000,0,0.0,141.27734375,2
1776854166.6939595,1811.4469622240917,1000,0,0.0,140.91015625,2
1776854168.2348,1715.3284611829756,1000,0,0.0,277.0625,5
1776854170.2898836,1802.2916750816214,1000,0,0.0,141.27734375,2
1776854171.866428,1811.4469622240917,1000,0,0.0,140.91015625,2
1776854173.4323864,1715.3284611829756,1000,0,0.0,277.0625,5
1776854175.4652991,1802.2916750816214,1000,0,0.0,141.27734375,2
1776854177.0421097,1811.4469622240917,1000,0,0.0,140.91015625,2
1776854178.620291,1715.3284611829756,1000,0,0.0,277.0625,5
1776854180.639958,1802.2916750816214,1000,0,0.0,141.27734375,2
1776854182.214084,1811.4469622240917,1000,0,0.0,140.91015625,2
1776854183.8046718,1715.3284611829756,1000,0,0.0,277.0625,5
1776854185.8117456,1802.2916750816214,1000,0,0.0,141.27734375,2
1776854187.3867385,1811.4469622240917,1000,0,0.0,140.91015625,2
1776854188.9857721,1715.3284611829756,1000,0,0.0,277.125,5
1776854190.9788268,1802.2916750816214,1000,0,0.0,141.27734375,2
1776854192.5610137,1811.4469622240917,1000,0,0.0,140.91015625,2
1776854194.16971,1715.3284611829756,1000,0,0.0,277.125,5
1776854196.1520796,1802.2916750816214,1000,0,0.0,141.27734375,2
1776854197.733242,1811.4469622240917,1000,0,0.0,140.91015625,2
1776854199.3520424,1715.3284611829756,1000,0,0.0,277.125,5
1776854201.3260946,1802.2916750816214,1000,0,0.0,141.27734375,2
1776854202.9057786,1811.4469622240917,1000,0,0.0,140.91015625,2
1776854204.5346956,1715.3284611829756,1000,0,0.0,277.125,5
